pmcid,title,query,mesh
PMC10003415,DNA Alkylation Damage by Nitrosamines and Relevant DNA Repair Pathways.,['Alkylation'],['G03.059']
PMC10004238,Relationships between Molecular Characteristics of Novel Organic Selenium Compounds and the Formation of Sulfur Compounds in Selenium Biofortified Kale Sprouts.,['Selenium Compounds'],['D01.810']
PMC10006931,Segmental Tissue Resistance of Healthy Young Adults during Four Hours of 6-Degree Head-Down-Tilt Positioning.,['Fluid Shifts'],['G07.313']
PMC1000784,Autoantibodies to cartilage and type II collagen in relapsing polychondritis and other rheumatic diseases .,['Cartilage Diseases'],['C05.182']
PMC10023479,Pharmacology of pannexin channels.,['Pharmacologic Actions'],['D27.505']
PMC10023535,Clinical application of flexible ureteroscopic sheath with controllable intraluminal pressure in treating ureteral stones.,['Lithotripsy'],['E02.600']
PMC10025757,Pro-inflammatory and pro-resolving lipid mediators of inflammation in HIV: effect of aspirin intervention.,['Inflammation Mediators'],['D23.469']
PMC10026160,Oral Diseases and Oral Health-Related Quality of Life among Kenyan Children and Adolescents with HIV.,['Mouth Diseases'],['C07.465']
PMC10027223,MGAE-DC: Predicting the synergistic effects of drug combinations through multi-channel graph autoencoders.,['Drug Combinations'],['D26.310']
PMC10027582,"Pathogen regulatory RNA usage enables chronic infections, T-cell exhaustion and accelerated T-cell exhaustion .",['Immune System Exhaustion'],['G12.590']
PMC10030065,Conventional Radiology in Deep Seated Facial Hemangioma: A Case Report.,['Cheek'],['A14.194']
PMC10032225,"Systemic glucose-insulin-potassium reduces skeletal muscle injury, kidney injury, and pain in a murine ischaemia-reperfusion model.",['Tourniquets'],['E07.926']
PMC10035053,Small-animal blood exchange is an emerging approach for systemic aging research.,['Parabiosis'],['E05.660']
PMC10038993,Experimental and theoretical studies for corrosion of molybdenum electrode using streptomycin drug in phosphoric acid medium.,['Corrosion'],['G02.165']
PMC1004234,Treatment with cimetidine of atypical fasciitis panniculitis syndrome.,['Fasciitis'],['C05.321']
PMC10047863,Adaptive Volumetric-Modulated Arc Radiation Therapy for Head and Neck Cancer: Evaluation of Benefit on Target Coverage and Sparing of Organs at Risk .,['Organs at Risk'],['A01.635']
PMC10053936,War - related traumatic brain injuries during the Syrian armed conflict in Damascus 2014-2017: a cohort study and a literature review.,['War-Related Injuries'],['C26.946']
PMC10054847,Effect of Pochonia chlamydosporia Endophytism and Meloidogyne incognita Parasitism on WRKYs and Defense Gene Expression in Tomato Roots.,['Endophytes'],['B05.237']
PMC10058808,Recent Advances in the Development of Portable Electrochemical Sensors for Controlled Substances .,['Controlled Substances'],['D26.049']
PMC10064076,CD4/CD8 Ratio Recovery Among People Living With HIV Starting With First-Line Integrase Strand Transfer Inhibitors: A Prospective Regional Cohort Analysis.,['CD4-CD8 Ratio'],['G12.248']
PMC10067152,Highly tough and elastic microspheric gel for transarterial catheter embolization in treatment of liver metastasis tumor.,['Microspheres'],['E07.565']
PMC10068870,Characterization of dysbiosis of the conjunctival microbiome and nasal microbiome associated with allergic rhinoconjunctivitis and allergic rhinitis.,['Conjunctival Diseases'],['C11.187']
PMC10077766,Recreating the heart 's helical structure-function relationship with focused rotary jet spinning.,['Heart'],['A07.541']
PMC10082610,"Nitrile Infrared Intensities Characterize Electric Fields and Hydrogen Bonding in Protic, Aprotic, and Protein Environments.",['Nitriles'],['D02.626']
PMC10086708,Improvement of patient care through hirudotherapy and the management of leeches from their reception to their disposal in France.,['Leeching'],['E02.596']
PMC10087628,MiR-30 Family: A Novel Avenue for Treating Bone and Joint Diseases ?,['Bone Diseases'],['C05.116']
PMC10089049,Hand Injury among Patients Visiting Emergency Department in a Tertiary Care Centre: A Descriptive Cross-sectional Study.,['Hand Injuries'],['C26.448']
PMC10094651,Ultrastructural Alterations of the Glomerular Filtration Barrier in Fish Experimentally Exposed to Perfluorooctanoic Acid.,['Glomerular Filtration Barrier'],['A07.500']
PMC1009806,Hydroxyl radical mediated DNA base modification by manmade mineral fibres.,['Hydroxylation'],['G03.425']
PMC10099494,Laser therapy as a treatment for chronic radiation fibrosis.,['Laser Therapy'],['E02.594']
PMC10104486,Mammals sustain amino acid homochirality against chiral conversion by symbiotic microbes.,['Amino Acids'],['D12.125']
PMC10110274,Impact of COVID-19 on a rare disease ( uveal melanoma) in a national reference unit of intraocular tumors in Spain.,['Uveal Diseases'],['C11.941']
PMC10117382,Exogenous application of melatonin to mitigate drought stress-induced oxidative damage in Phoebe sheareri seedlings .,['Seedlings'],['A18.550']
PMC10117480,"Self-reported oral hygiene practice and utilization of dental services by dental technology students in Port Harcourt, Rivers State, Nigeria.","['Technology, Dental']",['E06.912']
PMC10121530,Beyond direct killing-novel cellular immunotherapeutic strategies to reshape the tumor microenvironment .,['Cellular Microenvironment'],['G04.366']
PMC10134828,Interactions between Culturable Bacteria Are Predicted by Individual Species' Growth.,['Microbial Interactions'],['G06.550']
PMC1013782,Family studies on ocular refraction and its components.,"['Refraction, Ocular']",['G14.760']
PMC10142637,Experimental Elucidation of Templated Crystallization and Secondary Processing of Peptides.,['Crystallization'],['G02.171']
PMC10144105,The Others: A Systematic Review of the Lesser-Known Arboviruses of the Insular Caribbean.,['Arboviruses'],['B04.080']
PMC10145989,Thrombospondin-2 acts as a critical regulator of cartilage regeneration: A review.,['Cartilage Diseases'],['C05.182']
PMC10157864,Boron Nitride Microspheres via Pyrolysis of Polymerized Precursors.,['Microspheres'],['E07.565']
PMC10158777,LINC00998-encoded micropeptide SMIM30 promotes the G1/S transition of cell cycle by regulating cytosolic calcium level.,['Micropeptides'],['D12.888']
PMC10166276,Pilot Study Examining Bed Angles and Heights During Ramped Position Intubation in the Emergency Department.,['Intubation'],['E05.497']
PMC10169207,Incorporating the Molecular Mimicry of Environmental Antigens into the Causality of Autoimmune Hepatitis.,['Molecular Mimicry'],['G05.545']
PMC10169314,Silicone ring tourniquet could be a substitute for a conventional tourniquet in total knee arthroplasty with a longer surgical field: a prospective comparative study in simultaneous total knee arthroplasty.,['Tourniquets'],['E07.926']
PMC10170482,Mechanical Regulation of Mitochondrial Dynamics and Function in a 3D-Engineered Liver Tumor Microenvironment .,['Cellular Microenvironment'],['G04.366']
PMC10172985,Potential Solutions for the Mitigation of Hip Injuries Caused by Falls in Older Adults: A Narrative Review.,['Hip Injuries'],['C26.531']
PMC10179062,Structural Characteristics-Reactivity Relationships for Catalytic Depolymerization of Lignin into Aromatic Compounds: A Review.,['Lignin'],['D20.538']
PMC10179598,"Murine Placental Erythroid Cells Are Mainly Represented by CD45(+) Immunosuppressive Erythroid Cells and Secrete CXCL1, CCL2, CCL3 and CCL4 Chemokines.",['Erythroid Cells'],['A11.443']
PMC10183313,Eye fungal infections : a mini review.,['Eye Infections'],['C01.375']
PMC10195792,Prevalence and clinical correlates of abnormal lipid metabolism in first-episode and drug-naive patients with major depressive disorder with abnormal glucose metabolism .,['Lipid Metabolism'],['G03.458']
PMC10199431,Helmet Use and Jaw and Tooth Injuries in Motorcyclists Admitted to a Referral Hospital.,['Tooth Injuries'],['C26.900']
PMC10206780,Cardiac glycosides inhibit cancer through Na/K-ATPase-dependent cell death induction.,['Glycosides'],['D09.408']
PMC10208167,The interplay between viral molecular mimicry and host chromatin dynamics.,['Molecular Mimicry'],['G05.545']
PMC10210078,Focal Therapy for Renal Cancer: Comparative Trends in the USA and Germany from 2006 to 2020 and Analysis of the German Health Care Landscape.,['Cryotherapy'],['E02.258']
PMC1021190,Effect of platelet activating factor (PAF) on the migration of human lymphocytes.,['Micropore Filters'],['E07.560']
PMC10212128,Effect of voluntary human mobility restrictions on vector - borne diseases during the COVID-19 pandemic in Japan: A descriptive epidemiological study using a national database (2016 to 2021).,['Vector Borne Diseases'],['C01.920']
PMC10215774,Transcriptome analysis reveals genes associated with wool fineness in merinos.,['Wool'],['A13.970']
PMC10225988,"School Nurses on the Front Lines of Healthcare: Emergencies Associated With Sport and Physical Activities (Part 4)-The Assessment of Pediatric Shoulder and Hip Injuries Utilizing the ""SPASMS"" Mnemonic.",['Hip Injuries'],['C26.531']
PMC10231045,Mitochondrial N-formyl methionine peptides contribute to exaggerated neutrophil activation in patients with COVID-19.,['Neutrophil Activation'],['G12.604']
PMC10240751,Foot deformity and quality of life among independently ambulating children with spina bifida in South Korea.,['Foot Deformities'],['C05.330']
PMC10241124,Association of cooking fuel use with risk of cancer and all-cause mortality among Chinese elderly people: a prospective cohort study.,['Fossil Fuels'],['D20.345']
PMC10248433,Association between abnormal lipid metabolism and tumor.,['Lipid Metabolism'],['G03.458']
PMC10249053,Association of airway obstruction with first-pass success and intubation -related adverse events in the emergency department: multicenter prospective observational studies.,['Intubation'],['E05.497']
PMC10249318,Effects of dexmedetomidine at different dosages on perioperative haemodynamics and postoperative recovery quality in elderly patients undergoing hip replacement surgery under general anaesthesia: a randomized controlled trial.,['Anesthesia Recovery Period'],['E03.160']
PMC10254194,"Comprehensive Study of Si-Based Compounds in Selected Plants (Pisum sativum L., Medicago sativa L., Triticum aestivum L.).",['Silicon Compounds'],['D01.837']
PMC10256634,"Comparative in vivo toxicokinetics of silver powder, nanosilver and soluble silver compounds after oral administration to rats.",['Silver Compounds'],['D01.847']
PMC10258587,Molecular mimicry and autoimmunity in the time of COVID-19.,['Molecular Mimicry'],['G05.545']
PMC10259421,"A spectrum of viral diseases in Odisha state, eastern India: An evidence-based analysis from 2010-2017.",['Virus Diseases'],['C01.925']
PMC10265744,Biochemical Analysis Leads to Improved Orthogonal Bioluminescent Tools.,['Luciferins'],['D02.578']
PMC10266459,Computer-assisted multistep chemoenzymatic retrosynthesis using a chemical synthesis planner.,['Specialty Uses of Chemicals'],['D27.720']
PMC10266641,Physiological and transcriptome analysis reveals that prohexadione-calcium promotes rice seedling 's development under salt stress by regulating antioxidant processes and photosynthesis.,['Seedlings'],['A18.550']
PMC10276654,Current and future role of double- lung transplantation for bilateral lung cancer.,['Lung'],['A04.411']
PMC10280979,A systematic review of hemorrhage and vascular injuries in civilian public mass shootings.,['Vascular System Injuries'],['C26.940']
PMC10287090,"First description of Blastocystis sp. and Entamoeba sp. infecting zoo animals in the Qinghai-Tibetan plateau area, China.","['Parasitic Diseases, Animal']",['C22.674']
PMC10292149,Lumen-apposing-metal stent misdeployment in endoscopic ultrasound-guided drainages : A systematic review focusing on issues and rescue management.,"['Drainage', 'Drainage']","['E02.309', 'E04.237']"
PMC10307944,"Cell shape characterization, alignment, and comparison using FlowShape.",['Cell Shape'],['G04.320']
PMC10313023,Immunoregulatory properties of erythroid nucleated cells induced from CD34+ progenitors from bone marrow.,['Erythroid Cells'],['A11.443']
PMC10317001,Effect of anaerobic or/and microaerophilic atmosphere on microcosm biofilm formation and tooth demineralization.,['Anaerobiosis'],['G03.078']
PMC10319004,Structural evolution of an immune evasion determinant shapes pathogen host tropism .,['Host Tropism'],['G07.443']
PMC10327304,Management and outcomes of firearm-related vascular injuries .,['Vascular System Injuries'],['C26.940']
PMC10330057,Non-Essential Amino Acid Availability Influences Proteostasis and Breast Cancer Cell Survival During Proteotoxic Stress .,['Proteotoxic Stress'],['G03.818']
PMC10330191,Reprogramming of trunk neural crest to a cranial crest -like identity alters their transcriptome and developmental potential.,['Neural Crest'],['A16.627']
PMC10330778,The non-affine fiber network solver: A multiscale fiber network material model for finite-element analysis.,['Mechanical Phenomena'],['G01.374']
PMC10336482,Comparisons of nonpharmaceutical analgesia and pharmaceutical analgesia on the labor analgesia effect of parturient women.,['Analgesia'],['E03.091']
PMC10347726,"Daily socket comfort in transtibial amputee with a vacuum-assisted suspension system: study protocol of a randomized, multicenter, double-blind multiple N-of-1 trial.",['Prosthesis Fitting'],['E02.794']
PMC10353007,Insecticidal and Repellent Properties of Rapid-Acting Fluorine -Containing Compounds against Aedes aegypti Mosquitoes.,['Fluorine Compounds'],['D01.303']
PMC10361164,An investigation into the Eco- design of Energy Using Products directive.,['Equipment Design'],['E05.320']
PMC10366307,External Liver-Derived Complement and Intrinsic Present in Hematopoietic Stem/Progenitor Cells Complosome Modulate Cell Metabolism and Response to Stress.,['Pathogen-Associated Molecular Pattern Molecules'],['D23.585']
PMC10366872,Vascular Complications following Vacuum-Assisted Breast Biopsy (VABB): A Case Report and Review of the Literature.,['Breast'],['A01.236']
PMC10368172,"Fentanyl, heroin, and methamphetamine-based counterfeit pills sold at tourist-oriented pharmacies in Mexico: An ethnographic and drug checking study.",['Controlled Substances'],['D26.049']
PMC10372523,Simultaneous implantation and tooth preparation technology guided by 3D-printed guide.,['Tooth Preparation'],['E06.931']
PMC10374832,Chemical inhibitors of cyclin-dependent kinase (CDKi) improve pancreatic endocrine differentiation of iPS cells .,['Endocrine Cells'],['A11.382']
PMC10378743,Clinical efficacy of botulinum toxin type A in the treatment of fasciitis pain: A systematic review and meta-analysis.,['Fasciitis'],['C05.321']
PMC10385537,The Role of Laser Photocoagulation in Treating Diabetic Macular Edema in the Era of Intravitreal Drug Administration: A Descriptive Review.,['Laser Therapy'],['E02.594']
PMC10392037,Design and evaluation of a power tiller vegetable seedling transplanter with dibbler and furrow type.,['Transplantation'],['E04.936']
PMC10393424,Melatonin ameliorates sleep - wake disturbances and autism-like behaviors in the Ctnnd2 knock out mouse model of autism spectrum disorders .,['Sleep Wake Disorders'],['C10.886']
PMC10395815,"Why not to pick your nose : Association between nose picking and SARS-CoV-2 incidence, a cohort study in hospital health care workers.",['Nose'],['A04.531']
PMC10399891,Dynamic spillovers and portfolio implication between green cryptocurrencies and fossil fuels .,['Fossil Fuels'],['D20.345']
PMC10404516,'Pearls' of the nineteenth-century: from therapeutic actors to global commodities medicinal leeches in the Ottoman Empire.,['Leeching'],['E02.596']
PMC10404746,"An analysis of the maxillary beak shape variation between 2 pure layer lines and its relationship to the underlying premaxillary bone, feather cover, and mortality.",['Beak'],['A13.114']
PMC10404982,"Immune - checkpoint proteins , cytokines, and microbiome impact on patients with cervical insufficiency and preterm birth.",['Immune Checkpoint Proteins'],['D23.383']
PMC10407716,Red-flag signs and symptoms for earlier diagnosis of early-onset colorectal cancer.,['Signs and Symptoms'],['C23.888']
PMC1041108,Effect of osmolarity of artificial tear drops on relief of dry eye symptoms: BJ6 and beyond.,['Osmolar Concentration'],['G02.640']
PMC10411824,Implications of differential size -scaling of cell -cycle regulators on cell size homeostasis.,['Cell Size'],['G04.325']
PMC10419353,Multi-Omics Analysis Reveals Mechanisms of Strong Phosphorus Adaptation in Tea Plant Roots .,['Plant Roots'],['A18.400']
PMC1042000,Anterior ischaemic optic neuropathy and intraocular pressure .,['Intraocular Pressure'],['G14.440']
PMC10433245,Viscosity-Sensitive Membrane Dyes as Tools To Estimate the Crystalline Structure of Lipid Bilayers.,['Membranes'],['A10.615']
PMC10436578,Role of irisin in bone diseases .,['Bone Diseases'],['C05.116']
PMC10443305,Incision Precision: Engaging Students during Dissection Labs.,['Dissection'],['E04.221']
PMC10444520,Stereoselective amino acid synthesis by synergistic photoredox-pyridoxal radical biocatalysis .,['Biocatalysis'],['G03.105']
PMC10445421,Pheromone Perception in Fish: Mechanisms and Modulation by Internal Status.,['Pheromones'],['D23.641']
PMC10456532,Micropulse Laser Therapy as an Integral Part of Eye Disease Management.,['Laser Therapy'],['E02.594']
PMC10457207,Single- cell multiomic analysis of thymocyte development reveals drivers of CD4(+) T cell and CD8(+) T cell lineage commitment.,['Cell Lineage'],['G04.172']
PMC10458545,Significance of Postprocedural Contrast Medium Injection after CT-Guided Abscess Drainage .,"['Drainage', 'Drainage']","['E02.309', 'E04.237']"
PMC10459464,Prevalence of Different Courses of Feline Leukaemia Virus Infection in Four European Countries.,['Focal Infection'],['C01.392']
PMC10462707,Predictors of infectious foci on FDG PET/CT in Staphylococcus aureus bacteremia.,['Focal Infection'],['C01.392']
PMC10472144,Functional Outcome of Above-Knee Amputation After Infected Total Knee Arthroplasty.,['Prosthesis Fitting'],['E02.794']
PMC10477116,Microbial Interaction is Among the Key Factors for Isolation of Previous Uncultured Microbes.,['Microbial Interactions'],['G06.550']
PMC10479758,The Health Status of Hispanic Agricultural Workers in Georgia and Florida.,"[""Agricultural Workers' Diseases""]",['C24.080']
PMC10484194,Artificial neural network-based diagnostic models for lung cancer combining conventional indicators with tumor markers.,['Lung'],['A04.411']
PMC10489871,The Effects of Nitrate Supplementation on Performance as a Function of Habitual Dietary Intake of Nitrates : A Randomized Controlled Trial of Elite Football Players.,['Nitrates'],['D02.583']
PMC10492742,Dimensional and positional temporomandibular joint osseous characteristics in normodivergent facial patterns with and without temporomandibular disorders .,['Temporomandibular Joint Disorders'],['C07.678']
PMC10492759,A new CAD/CAM tooth mobility simulating model for dental in vitro investigations.,['Dental Physiological Phenomena'],['G10.549']
PMC10493236,Effect of leaflet laceration on transcatheter aortic valve replacement fluid mechanics and comparison with surgical aortic valve replacement.,['Lacerations'],['C26.540']
PMC10495248,Clinical prospects and research strategies of long non-coding RNA encoding micropeptides .,['Micropeptides'],['D12.888']
PMC10495350,Phylotranscriptomics unveil a Paleoproterozoic-Mesoproterozoic origin and deep relationships of the Viridiplantae .,['Viridiplantae'],['B01.875']
PMC10506616,Impact of phacoemulsification on posterior vitreous detachment formation in eyes with vitreomacular traction.,['Vitreous Detachment'],['C11.980']
PMC10512237,Tridepsides as potential bioactives: a review on their chemistry and the global distribution of their lichenic and non- lichenic natural sources.,['Lichens'],['B05.350']
PMC10518678,A rare case of carotid artery injury during maggot debridement therapy for locally advanced parotid gland carcinoma.,['Maggot Debridement Therapy'],['E02.611']
PMC10518929,Virtual reality-enhanced walking in people post-stroke: effect of optic flow speed and level of immersion on the gait biomechanics.,['Optic Flow'],['G14.700']
PMC10519142,Red-Shifted Coumarin Luciferins for Improved Bioluminescence Imaging.,['Luciferins'],['D02.578']
PMC10522608,Environment and taxonomy shape the genomic signature of prokaryotic extremophiles .,['Extremophiles'],['B05.256']
PMC10522690,Post craniotomy pain management in Copenhagen rat by intraperitoneal or oral dosage of Tramadol: a comparative evaluation.,"['Disease Models, Animal']",['C22.232']
PMC10523025,Ibrutinib directly reduces CD8+T cell exhaustion independent of BTK.,['Immune System Exhaustion'],['G12.590']
PMC10523063,Beak morphometry and morphogenesis across avian radiations.,['Beak'],['A13.114']
PMC1052471,Trauma to the nervous system and its sequelae in a one-year birth cohort followed up to the age of 14 years.,"['Trauma, Nervous System', 'Trauma, Nervous System']","['C10.900', 'C26.915']"
PMC10524711,Wildfire Exposure and Health Care Use Among People Who Use Durable Medical Equipment in Southern California.,['Durable Medical Equipment'],['E07.278']
PMC10528641,Regulatory Mechanisms That Guide the Fetal to Postnatal Transition of Cardiomyocytes.,['Heart'],['A07.541']
PMC10529529,En route towards a personalized medicine approach: Innovative therapeutic modalities for connective tissue disorders.,['Connective Tissue'],['A10.165']
PMC10535186,Effects of Two Exercise Programs on Neck Proprioception in Patients with Chronic Neck Pain: A Preliminary Randomized Clinical Trial.,['Neck'],['A01.598']
PMC10535768,A Comprehensive Mini-Review on Lignin -Based Nanomaterials for Food Applications: Systemic Advancement and Future Trends.,['Lignin'],['D20.538']
PMC10539001,Cogan syndrome : a case report and review of the literature.,['Cogan Syndrome'],['C11.180']
PMC10551722,Clinical and biochemical footprints of inherited metabolic diseases . IX. Metabolic ear disease.,['Ear Diseases'],['C09.218']
PMC10556300,Reliability and Safety of Cross- Leg Free Latissmus Dorsi Muscle Flap in Reconstruction of Mutilating Leg Injuries Using End-to-Side Anastomosis.,['Leg Injuries'],['C26.558']
PMC10561140,Adsorption and Self-Aggregation of Chiral [5]- Aza [6]helicenes on DNA Architecture: A Molecular Dynamics Study.,['Aza Compounds'],['D02.145']
PMC10562264,Routine Use of a Standardized Mastectomy Diagram by Surgeons Improves Accuracy and Timeliness of the Final Pathological Report.,['Pathologic Processes'],['C23.550']
PMC10566068,The Effect of Direct Oral Anticoagulant Therapy (DOACs) on oral surgical procedures : a systematic review.,['Oral Surgical Procedures'],['E04.545']
PMC10571295,"Identification of the causal relationship between sleep quality, insomnia, and oral ulcers.",['Mouth Diseases'],['C07.465']
PMC10571307,Prevalence of paratuberculosis in cattle based on gross and microscopic lesions in Ethiopia.,['Paratuberculosis'],['C22.688']
PMC1058167,EFFECT OF MOISTURE ON ETHYLENE OXIDE STERILIZATION.,['Desiccation'],['G02.176']
PMC10583406,An artificial intelligence study: automatic description of anatomic landmarks on panoramic radiographs in the pediatric population.,['Anatomic Landmarks'],['A01.111']
PMC10588883,Modelling the burden of disease for cattle -A case of ticks and tick-borne diseases in cattle in a rural set-up in South Africa.,['Cattle Diseases'],['C22.196']
PMC10593767,Dissolved organic matter thiol concentrations determine methylmercury bioavailability across the terrestrial-marine aquatic continuum.,['Dissolved Organic Matter'],['D20.313']
PMC10597442,NODULAR EPIRETINAL MÜLLER CELL GLIOSIS IN THE FOVEA.,['Vitreous Detachment'],['C11.980']
PMC10598797,Molecular View on the iRGD Peptide Binding Mechanism: Implications for Integrin Activity and Selectivity Profiles.,['Peptides'],['D12.644']
PMC10599121,Categorization of a Universal Coding System to Distinguish Use of Durable Medical Equipment and Supplies in Pediatric Patients.,['Durable Medical Equipment'],['E07.278']
PMC10600120,"Comparative GC-MS based nutrients profiling of less explored legume seeds of Melilotus, Medicago, Trifolium, and Ononis analysed using chemometric tools.",['Sugar Alcohols'],['D09.853']
PMC10600600,"Comparison of Transrectal Ultrasonography-Guided Prostate Biopsies Analgesia 's; Rectal Lidocaine Gel Versus Sandwich Anesthesia (Transurethral Plus Transrectal Lidocaine Gel Administration): A Double-Blind, Randomized, Controlled and Prospective Study.",['Analgesia'],['E03.091']
PMC10608950,"Lanthanide-Based Organic Salts : Synthesis, Characterization, and Cytotoxicity Studies.",['Salts'],['D01.786']
PMC10609382,Design and Application of Portable Centrifuge Inspired by a Hand-Powered Spinning Top.,['Centrifugation'],['E05.181']
PMC10611316,Assessing Pulmonary Epithelial Damage in Hantavirus Cardiopulmonary Syndrome: Challenging the Predominant Role of Vascular Endothelium through sRAGE as a Potential Biomarker.,['Epithelium'],['A10.272']
PMC10614691,Stimuli-activatable nanomedicine meets cancer theranostics.,['Theranostic Nanomedicine'],['E01.894']
PMC10616648,Burning question: Are there sustainable strategies to prevent microbial metal corrosion ?,['Corrosion'],['G02.165']
PMC10620650,Images: Irregular sleep - wake rhythm disorder in transgender individuals.,['Sleep Wake Disorders'],['C10.886']
PMC10622756,The global burden of traumatic amputation in 204 countries and territories.,"['Amputation, Traumatic']",['C26.062']
PMC10625720,Preclinical Evidence for the Mechanisms of Transcranial Direct Current Stimulation in the Treatment of Psychiatric Disorders; A Systematic Review.,"['Disease Models, Animal']",['C22.232']
PMC10628242,Enzymatic beta-elimination in natural product O- and C- glycoside deglycosylation.,['Glycosides'],['D09.408']
PMC1062871,Measurement of hepatic blood flow by indicator dilution techniques .,['Indicator Dilution Techniques'],['E05.484']
PMC10630460,Redox-responsive peptide-based complex coacervates as delivery vehicles with controlled release of proteinous drugs.,['Proteins'],['D12.776']
PMC10635824,"Restoratively driven planning for implants in the posterior maxilla - Part 2: implant planning, biomechanics and prosthodontic planning a proposed prosthodontic complexity index.",['Prosthodontics'],['E06.780']
PMC10637521,Effect of eardrum perforation and chronic otitis media on the results of infrared tympanic thermometer in adults: A systematic review and meta-analysis.,['Tympanic Membrane Perforation'],['C26.930']
PMC10647092,Giant anterior scleral staphyloma caused by blunt ocular trauma: a case report.,['Scleral Diseases'],['C11.790']
PMC10647571,Mechanism Underlying the Regulation of Mucin Secretion in the Uterus during Pregnancy.,['Epithelium'],['A10.272']
PMC10648396,Chitinase 3-like-1 Expression in the Microenvironment Is Associated with Neutrophil Infiltration in Bladder Cancer.,['Neutrophil Infiltration'],['G12.632']
PMC10650492,Murine Bone Marrow Erythroid Cells Have Two Branches of Differentiation Defined by the Presence of CD45 and a Different Immune Transcriptome Than Fetal Liver Erythroid Cells .,['Erythroid Cells'],['A11.443']
PMC10650883,"Silver , Its Salts and Application in Medicine and Pharmacy.",['Silver Compounds'],['D01.847']
PMC10653611,Modelling how plant cell -cycle progression leads to cell size regulation.,['Cell Size'],['G04.325']
PMC10656698,Scleral changes in systemic lupus erythematosus patients using swept source optical coherence tomography.,['Scleral Diseases'],['C11.790']
PMC10661912,Maintenance of appropriate size scaling of the C. elegans pharynx by YAP-1.,['Pharynx'],['A04.623']
PMC10668553,"Virulence genes identification in Salmonella enterica isolates from humans, crocodiles, and poultry farms from two regions in Colombia.",['Cloaca'],['A13.223']
PMC10669836,Synthetic Receptors for Early Detection and Treatment of Cancer.,['Macrocyclic Compounds'],['D04.345']
PMC10672509,Precision Endoscopy in Peroral Myotomies for Motility Disorders of the Upper Gastrointestinal Tract: Current Insights and Prospective Avenues-A Comprehensive Review.,['Myotomy'],['E04.515']
PMC10674042,Preclinical Models of Laryngeal Papillomavirus Infection: A Scoping Review.,['Laryngeal Diseases'],['C09.400']
PMC10674967,Simultaneous Sensing and Actuating Capabilities of a Triple-Layer Biomimetic Muscle for Soft Robotics.,['Muscles'],['A02.633']
PMC10679846,Design and Superior Performance of a New Endotracheal Tube to Avoid the Asphyxiation of Premature Infants.,['Intubation'],['E05.497']
PMC10683191,The underlying relationship between exercise and the prevalence of periodontitis: a systematic review and meta-analysis.,['Gingivitis'],['C01.408']
PMC10686100,Air pollution deaths attributable to fossil fuels : observational and modelling study.,['Fossil Fuels'],['D20.345']
PMC10687313,Caged luciferins enable rapid multicomponent bioluminescence imaging.,['Luciferins'],['D02.578']
PMC10696848,Performance of severity indices for admission and mortality of trauma patients in the intensive care unit: a retrospective cohort study.,['Trauma Severity Indices'],['E05.944']
PMC10698812,Transmembrane protein 14A protects glomerular filtration barrier integrity.,['Glomerular Filtration Barrier'],['A07.500']
PMC10702234,Functionally Adaptive Myosite Selection Using High-Density sEMG for Upper Limb Myoelectric Prostheses.,['Prosthesis Fitting'],['E02.794']
PMC10707325,Cellular Responses to Widespread DNA Replication Stress.,['DNA Replication'],['G05.226']
PMC10720996,Impact of COVID-19 pandemic on surgical activity in the Brazilian private healthcare system.,['Elective Surgical Procedures'],['E04.249']
PMC10724524,Comprehensive causes of death in uveal melanoma: mortality in 1530 consecutively diagnosed patients followed until death.,['Uveal Diseases'],['C11.941']
PMC10725365,Targeting dysregulated lipid metabolism in the tumor microenvironment.,['Lipid Metabolism'],['G03.458']
PMC10725445,LinRace: cell division history reconstruction of single cells using paired lineage barcode and gene expression data.,['Cell Lineage'],['G04.172']
PMC10728155,Lesion detection in women breast 's dynamic contrast-enhanced magnetic resonance imaging using deep learning.,['Breast'],['A01.236']
PMC10735191,Endophyte genomes support greater metabolic gene cluster diversity compared with non- endophytes in Trichoderma.,['Endophytes'],['B05.237']
PMC10740188,Effects of low-level laser therapy on acupuncture points on knee pain and function in knee osteoarthritis.,['Laser Therapy'],['E02.594']
PMC10761927,SMAD2/3 signaling regulates initiation of mouse Wolffian ducts and proximal differentiation in Mullerian ducts .,['Mullerian Ducts'],['A16.623']
PMC10767695,[Management of membranoproliferative glomerulonephritis secondary to infection by hepatitis C virus].,"['Glomerulonephritis, Membranoproliferative']",['C20.425']
PMC10768291,"Editorial: Climate Change and the Spread of Vector - Borne Diseases , Including Dengue, Malaria, Lyme Disease, and West Nile Virus Infection.",['Vector Borne Diseases'],['C01.920']
PMC10772106,"Association of early cleavage, morula compaction and blastocysts ploidy of IVF embryos cultured in a time-lapse system and biopsied for genetic test for aneuploidy.",['Morula'],['A16.615']
PMC10775428,Natural killer cells drive 4-1BBL positive uveal melanoma towards EMT and metastatic disease.,['Uveal Diseases'],['C11.941']
PMC10779399,Single-Cell Transcriptome Sequence Profiling on the Morphogenesis of Secondary Hair Follicles in Ordos Fine- Wool Sheep.,['Wool'],['A13.970']
PMC10782356,"Early perinatal outcomes of babies born to adolescent mothers at two maternity hospitals in Mogadishu, Somalia.",['Asphyxia'],['C26.103']
PMC10784379,Prevalence and determinants of asthenopia among ophthalmologists in China: a national cross-sectional survey.,['Asthenopia'],['C11.093']
PMC10786040,The Nitrile Bis-Thiol Bioconjugation Reaction.,['Nitriles'],['D02.626']
PMC10788969,Drug therapy problems among hospitalized patients with cardiovascular disease.,['Drug Therapy'],['E02.319']
PMC10793924,Dog size and patterns of disease history across the canine age spectrum: Results from the Dog Aging Project.,['Dog Diseases'],['C22.268']
PMC10794649,Spatial profiling of the placental chorioamniotic membranes reveals upregulation of immune checkpoint proteins during Group B Streptococcus infection in a nonhuman primate model.,['Immune Checkpoint Proteins'],['D23.383']
PMC10800234,The value of a head turn in neurolocalization.,['Head'],['A01.456']
PMC10802096,From beasts to bytes: Revolutionizing zoological research with artificial intelligence.,"['Disease Models, Animal']",['C22.232']
PMC10807858,Proteotoxic stress and the ubiquitin proteasome system.,['Proteotoxic Stress'],['G03.818']
PMC10811900,Influence of parallel pins on the angle deviation for placement of dental implants: an in vitro study.,['Dental Pins'],['E06.292']
PMC10818334,Current Progress of Severe Fever with Thrombocytopenia Syndrome Virus (SFTSV) Vaccine Development .,['Vaccine Development'],['E05.952']
PMC10819904,Exploring the Ocular Absorption Pathway of Fasudil Hydrochloride towards Developing a Nanoparticulate Formulation with Improved Performance.,['Ocular Absorption'],['G14.590']
PMC10820710,"Future Prospects, Approaches, and the Government's Role in the Development of a Hepatitis C Virus Vaccine .",['Vaccine Development'],['E05.952']
PMC10820898,"Evaluation of Risk Factors for the Occurrence of Limb Fractures in Children Due to Unintentional Injury in Podgorica, Montenegro, Mediterranean.",['Accidental Injuries'],['C26.040']
PMC10823719,Automated localization of mandibular landmarks in the construction of mandibular median sagittal plane.,['Anatomic Landmarks'],['A01.111']
PMC10827442,Musculoskeletal morphogenesis supports the convergent evolution of bat laryngeal echolocation.,['Larynx'],['A04.329']
PMC10832321,Potential clinical implications of molecular mimicry -induced autoimmunity.,['Molecular Mimicry'],['G05.545']
PMC10836640,Long-term safety of biologic and targeted synthetic disease modifying drugs in rheumatology.,['Synthetic Drugs'],['D26.909']
PMC10841379,Evaluation and management of dry mouth and its complications in rheumatology practice.,['Mouth Diseases'],['C07.465']
PMC10842520,Systematic Evaluation of the Impact of Lung Segmentation Methods on 4-Dimensional Computed Tomography Ventilation Imaging Using a Large Patient Database.,['Lung'],['A04.411']
PMC1084256,RNA degradation buffers asymmetries of transcription in Arabidopsis mitochondria.,"['RNA Processing, Post-Transcriptional']",['G03.839']
PMC10845124,Age-stratified comparison of active surveillance versus radiofrequency ablation for papillary thyroid microcarcinoma using decision analysis.,['Radiofrequency Therapy'],['E02.808']
PMC10847107,Investigation of the potential effects of estrogen receptor modulators on immune checkpoint molecules.,['Immune Checkpoint Proteins'],['D23.383']
PMC10847490,Relaxation of mitochondrial hyperfusion in the diabetic retina via N6-furfuryladenosine confers neuroprotection regardless of glycaemic status.,['Mitochondrial Turnover'],['G04.599']
PMC10851644,Italian oncologists and vaccinations against infectious diseases : Results of a survey of the Italian Association of Medical Oncology.,['Vaccine-Preventable Diseases'],['C01.918']
PMC10854492,"Prevalence of Gastrointestinal Parasites in Zoo Animals and Phylogenetic Characterization of Toxascaris leonina (Linstow, 1902) and Baylisascaris transfuga (Rudolphi, 1819) in Jiangsu Province, Eastern China.","['Parasitic Diseases, Animal']",['C22.674']
PMC10855576,A closer look into the cellular and molecular biology of myoepithelial cells across various exocrine glands .,['Exocrine Glands'],['A10.336']
PMC10859802,Case Report: Gastrointestinal Basidiobolomycosis in a Young Girl with Cystic Fibrosis and Celiac Disease.,['Intraabdominal Infections'],['C01.463']
PMC10869233,Guidelines for Rational Clinical Use of Fentanyl Transdermal Patch .,['Transdermal Patch'],['E07.935']
PMC10870416,Encapsulation of Cyclosporine A-Loaded PLGA Nanospheres in Alginate Microbeads for Anti-Inflammatory Application.,['Nanospheres'],['E07.595']
PMC10870636,Does smoking cessation affect postoperative healing following oral surgery among smokers? - a systematic review.,['Oral Surgical Procedures'],['E04.545']
PMC10875320,Comparison of forages’ digestion levels for different in vitro digestion techniques in horses.,['In Vitro Techniques'],['E05.481']
PMC10878374,Diagnostic Potential of Oscillometry : A Population-based Approach.,['Oscillometry'],['E05.654']
PMC10882242,[Study of centrifuge conditions for preparing rabbit leukocyte-poor platelet-rich plasma by single centrifugation ].,['Centrifugation'],['E05.181']
PMC10895847,Full-thickness skin graft versus split-thickness skin graft for radial forearm free flap donor site closure : protocol for a systematic review and meta-analysis.,['Wound Closure Techniques'],['E04.987']
PMC10898370,Maggot debridement therapy stimulates wound healing by altering macrophage activation.,['Maggot Debridement Therapy'],['E02.611']
PMC10899265,Metabolic memory: mechanisms and diseases .,['Metabolic Diseases'],['C18.452']
PMC10902798,Hyperglycemia-Induced Complete Left-Sided Hemiballismus Due to Uncontrolled Diabetes in a 70-Year-Old Female: A Case Report.,['Ganglia'],['A08.340']
PMC10902801,Fluorescence interferometry : principles and applications in biology.,['Interferometry'],['E05.490']
PMC10905750,Spherical harmonics analysis reveals cell shape -fate relationships in zebrafish lateral line neuromasts.,['Cell Shape'],['G04.320']
PMC10916750,Endotypes of occupational asthma .,"['Asthma, Occupational']",['C24.102']
PMC10918353,Two mutations at KRT74 and EDAR synergistically drive the fine- wool production in Chinese sheep.,['Wool'],['A13.970']
PMC10921365,Early-acting inbreeding depression can evolve as an inbreeding avoidance mechanism.,['Self-Fertilization'],['G15.830']
PMC10922229,Lower Extremity Vascular Injury in the Pediatric Trauma Patient: Management and Outcomes at an Adult Level I Trauma Center.,['Vascular System Injuries'],['C26.940']
PMC10923399,"Comparison of Clinical, Genetic, and Pathologic Features of Limbic and Diffuse Transactive Response DNA-Binding Protein 43 Pathology in Alzheimer's Disease Neuropathologic Spectrum.",['Pathologic Processes'],['C23.550']
PMC10926174,Microbial biotechnology and beyond: A roadmap for sustainable development and climate mitigation in the transition from fossil fuels to green chemistry.,['Fossil Fuels'],['D20.345']
PMC10929083,Gap analysis of diabetes-related foot disease management systems in Pacific Islands Countries and Territories.,['Foot Diseases'],['C05.360']
PMC10931149,"Stabilization of G-Quadruplex Structures of the SARS-CoV-2 Genome by TMPyP4, BRACO19, and PhenDC3.",['Fused-Ring Compounds'],['D04.210']
PMC10931576,Evolutionary and Structural Analysis of PP16 in Viridiplantae .,['Viridiplantae'],['B01.875']
PMC10931704,Animals in Respiratory Research.,"['Disease Models, Animal']",['C22.232']
PMC10935332,"Comparative Conformational Analysis of Acyclic Sugar Alcohols Ribitol, Xylitol and d-Arabitol by Solution NMR and Molecular Dynamics Simulations.",['Sugar Alcohols'],['D09.853']
PMC10937353,The cellular composition of the tumor microenvironment is an important marker for predicting therapeutic efficacy in breast cancer.,['Cellular Microenvironment'],['G04.366']
PMC10938635,Scaling the Process Chemistry of a COVID-19 Antiviral Pharmaceutical Down for a Multistep Synthesis Experiment in the Undergraduate Teaching Laboratory.,"['Chemistry Techniques, Synthetic']",['E05.197']
PMC10939676,A predictive model for intraabdominal infection after radical gastrectomy in elderly patients.,['Intraabdominal Infections'],['C01.463']
PMC10939813,"Tracheostomy-related durable medical equipment : Insurance coverage, gaps, and barriers.",['Durable Medical Equipment'],['E07.278']
PMC10940396,Insight into Automatic Image Diagnosis of Ear Conditions Based on Optimized Deep Learning Approach.,['Ear Diseases'],['C09.218']
PMC10940743,Discovery of a Novel Cellobiose Dehydrogenase from Cellulomonas palmilytica EW123 and Its Sugar Acids Production.,['Sugar Acids'],['D09.811']
PMC10941128,"Patient characteristics, surgery outcomes, presumed aetiology and other characteristics of fistula surgeries and related procedures supported by Fistula Foundation from 2019 to 2021: a multicentre, retrospective observational study.",['Obstetric Surgical Procedures'],['E04.520']
PMC10941190,Critical Evaluation of Polarizable and Nonpolarizable Force Fields for Proteins Using Experimentally Derived Nitrile Electric Fields.,['Nitriles'],['D02.626']
PMC10946114,Intact lung tissue and bronchoalveolar lavage fluid are both suitable for the evaluation of murine lung microbiome in acute lung injury.,['Lung'],['A04.411']
PMC10947568,Oscillometry and spirometry are not interchangeable when assessing the bronchodilator response in children and young adults born preterm.,['Oscillometry'],['E05.654']
PMC10950115,m6A modification of mRNA in skin diseases .,['Skin Diseases'],['C17.800']
PMC10952756,How to build a lichen : from metabolite release to symbiotic interplay.,['Lichens'],['B05.350']
PMC10954981,Influence of nutrition and food on sleep-is there evidence?,['Nutrition Disorders'],['C18.654']
PMC10958297,Papillary vitreous detachment as a possible accomplice in non-arteritic anterior ischaemic optic neuropathy.,['Vitreous Detachment'],['C11.980']
PMC10958932,Six-week postoperative opioid use and pain following a randomized controlled trial evaluating multimodal analgesia for head and neck free flap patients.,['Analgesia'],['E03.091']
PMC10960372,Outcomes of reconstructive techniques in breast cancer using BCCT. core software.,['Cosmetic Techniques'],['E02.218']
PMC10962635,The state of the art in therapeutic administration of botulinum toxin in children with cerebral palsy: an integrative review.,['Rehabilitation'],['E02.831']
PMC10963320,Molecular identification of different toxinogenic strains of Clostridium perfringens and histo-pathological observations of camels died of per-acute entero-toxaemia.,['Enterotoxemia'],['C22.313']
PMC10964358,Variations of oral anatomy and common oral lesions.,['Mouth Diseases'],['C07.465']
PMC10965997,Treeline displacement may affect lake dissolved organic matter processing at high latitudes and altitudes.,['Dissolved Organic Matter'],['D20.313']
PMC10969759,The Impact of Technology Teaching in the Dental Predoctoral Curriculum on Students' Perception of Digital Dentistry.,"['Technology, Dental']",['E06.912']
PMC10969841,Lignin Biosynthesis and Its Diversified Roles in Disease Resistance.,['Lignin'],['D20.538']
PMC10974169,Hereditary Connective Tissue Diseases and Risk of Post-Acute SARS-CoV-2.,['Connective Tissue Diseases'],['C17.300']
PMC10976359,Density Functional Theory Calculation May Confirm Arsenic -Thiol Adhesion as the Primary Mechanism of Arsenical Toxicity.,['Arsenicals'],['D02.129']
PMC10983099,Level-2 Oncoplastic Surgical Techniques for Breast Cancer: A Preliminary Vietnamese Report.,['Cosmetic Techniques'],['E02.218']
PMC10984552,Biased virus transmission following sequential coinfection of Aedes aegypti with dengue and Zika viruses.,['Arboviruses'],['B04.080']
PMC10985684,[Analysis of cases of laryngeal airway diseases in infants].,['Laryngeal Diseases'],['C09.400']
PMC10985892,Negative regulation of thyroid adenoma-associated protein (THADA) in the cardiac glycoside -induced anti-cancer effect.,['Glycosides'],['D09.408']
PMC10985899,MFSynDCP: multi-source feature collaborative interactive learning for drug combination synergy prediction.,['Drug Combinations'],['D26.310']
PMC10988255,Silver Compounds for Caries Management.,['Silver Compounds'],['D01.847']
PMC10988553,Use of Magnetic Resonance Imaging for Visualization of Oral Dosage Forms in the Human Stomach: A Scoping Review.,['Dosage Forms'],['D26.255']
PMC10990981,Next-generation microbiological testing in intraabdominal infections with PCR technology.,['Intraabdominal Infections'],['C01.463']
PMC10996231,"Analysis of sterilizer allocation and related factors in dental health-care settings in Yunnan Province, China: a cross-sectional study.",['Dental Equipment'],['E07.222']
PMC10997408,The effect of local anesthetic on the hypersensitive and nonsensitive areas of the penis is different in primary premature ejaculation: a pilot study.,['Hypersensitivity'],['C20.543']
PMC10999980,Caenorhabditis elegans defective- pharynx and constipated mutants are resistant to Orsay virus infection.,['Pharynx'],['A04.623']
PMC11001171,Cosmeceuticals : A transit state from synthetic to natural.,['Cosmeceuticals'],['D26.074']
PMC11002338,Comparative analysis of glymphatic system alterations in multiple sclerosis and neuromyelitis optica spectrum disorder using MRI indices from diffusion tensor imaging.,['Glymphatic System'],['A07.521']
PMC11007148,The expression of CTLA-4 in hepatic alveolar echinococcosis patients and blocking CTLA-4 to reverse T cell exhaustion in Echinococcus multilocularis-infected mice.,['Immune System Exhaustion'],['G12.590']
PMC11008242,Iron Promotes the Retention of Terrigenous Dissolved Organic Matter in Subtidal Permeable Sediments.,['Dissolved Organic Matter'],['D20.313']
PMC11008649,Is Replantation Associated With Better Hand Function After Traumatic Hand Amputation Than After Revision Amputation ?,"['Amputation, Traumatic']",['C26.062']
PMC11020990,Evaluation of objective and subjective binocular ocular refraction with looking in type.,"['Refraction, Ocular']",['G14.760']
PMC11021680,The anatomy and feeding mechanism of the Japanese giant salamander (Andrias japonicus).,['Jaw'],['A14.521']
PMC11022543,Sulfate- reducing bacteria unearthed: ecological functions of the diverse prokaryotic group in terrestrial environments.,['Sulfur-Reducing Bacteria'],['B03.900']
PMC11022585,Eye infection risks from Pseudomonas aeruginosa via hand soap and eye drops.,['Eye Infections'],['C01.375']
PMC11028356,"Phase I trial of Lipovaxin-MM, a novel dendritic cell-targeted liposomal vaccine for malignant melanoma.","['Dose-Response Relationship, Immunologic']",['G12.300']
PMC11029529,Immunologic response to the survivin-derived multi-epitope vaccine EMD640744 in patients with advanced solid tumors.,"['Dose-Response Relationship, Immunologic']",['G12.300']
PMC11033945,"A Critical Look at Colloid Generation, Stability, and Transport in Redox-Dynamic Environments: Challenges and Perspectives.",['Colloids'],['D20.280']
PMC11039219,Absence of generalized immunosuppression in C57BL/6J mice implanted with Lewis T241 fibrosarcoma or Lewis lung carcinoma.,"['Cytotoxicity, Immunologic']",['G12.287']
PMC11039680,Claudin-7 is essential for the maintenance of colonic stem cell homoeostasis via the modulation of Wnt/Notch signalling.,['Homeostasis'],['G07.410']
PMC11040505,Transcription factor Nrf1 regulates proteotoxic stress -induced autophagy.,['Proteotoxic Stress'],['G03.818']
PMC11042014,Reflective optical imaging for scattering medium using chaotic laser.,['Optical Imaging'],['E05.642']
PMC11047330,Pre-Slaughter Stunning Methods Influence the Meat Quality of Arapaima gigas Fillets.,['Electronarcosis'],['E03.340']
PMC11052254,Epidemiology of Accidental Injuries at Home and Related Risk Factors for Mortality among Older Adults in South Korea: A Retrospective Cohort Study.,['Accidental Injuries'],['C26.040']
PMC11054322,Decoding Post-Viral Fatigue: The Basal Ganglia 's Complex Role in Long-COVID.,['Ganglia'],['A08.340']
PMC11056244,Hypersensitivities following allergen antigen recognition by unconventional T cells.,['Hypersensitivity'],['C20.543']
PMC11059038,Global Production of Active Pharmaceutical Ingredients for US Generic Drugs Experiencing Shortages.,['Bulk Drugs'],['D26.025']
PMC11063546,Disposables used cumulatively in routine IVF procedures could display toxicity .,['Toxicity Tests'],['E05.940']
PMC11064477,Involvement of a putative acyltransferase gene in sporangium formation in Actinoplanes missouriensis .,['Sporangia'],['A18.560']
PMC11065503,Review of saturation decompression procedures used in commercial diving.,['Decompression'],['E02.278']
PMC11072254,PERIOPERATIVE CARE IN DIGESTIVE SURGERY: THE ERAS AND ACERTO PROTOCOLS - BRAZILIAN COLLEGE OF DIGESTIVE SURGERY POSITION PAPER.,['Digestive System Surgical Procedures'],['E04.210']
PMC11075839,Dendrite intercalation between epidermal cells tunes nociceptor sensitivity to mechanical stimuli in Drosophila larvae.,['Epidermal Cells'],['A11.409']
PMC11079000,Phytohormone profiling in an evolutionary framework.,['Viridiplantae'],['B01.875']
PMC11081359,Dog ecology and rabies control including canine vaccination coverage: Impacts from a survey in Madagascar.,['Dog Diseases'],['C22.268']
PMC11087288,Bird Fancier's lung : a rare clinical image.,"[""Bird Fancier's Lung""]",['C24.125']
PMC11087718,Genetic parameter estimation and molecular foundation of chicken beak shape.,['Beak'],['A13.114']
PMC11088911,The application of single-molecule optical tweezers to study disease-related structural dynamics in RNA.,['Optical Tweezers'],['E05.650']
PMC11096244,Decarbonizing energy: Evaluating fossil fuel displacement by renewables in OECD countries.,['Fossil Fuels'],['D20.345']
PMC11097648,Kinetics-based inference of environment-dependent microbial interactions and their dynamic variation.,['Microbial Interactions'],['G06.550']
PMC11109429,Transcriptional regulation of TacL-mediated lipoteichoic acids biosynthesis by ComE during competence impacts pneumococcal transformation .,['DNA Transformation Competence'],['G05.232']
PMC11109744,Effectiveness study of recrystallisation method in pharmaceutical salt production from processed salt with zero waste concept.,['Crystallization'],['G02.171']
PMC11116068,"Cardiac glycosides protect wormseed wallflower (Erysimum cheiranthoides) against some, but not all, glucosinolate-adapted herbivores.",['Glycosides'],['D09.408']
PMC11116139,[The technique and application of individualized tympanic membrane flap in the repair of tympanic membrane under endoscopy ear surgery].,['Tympanic Membrane Perforation'],['C26.930']
PMC11120811,A Pilot Study to Investigate Peripheral Low-Level Chronic LPS Injection as a Model of Neutrophil Activation in the Periphery and Brain in Mice.,['Neutrophil Activation'],['G12.604']
PMC11121231,NGAL in the Development of Acute Kidney Injury in a Murine Model of Remote Ischaemic Preconditioning and Liver Ischaemia Reperfusion.,['Ischemic Preconditioning'],['E05.516']
PMC11122288,Therapeutic Effects of Anti-Inflammatory and Anti-Oxidant Nutritional Supplementation in Retinal Ischemic Diseases .,['Retinal Diseases'],['C11.768']
PMC11122731,Application of Oral Retractor for Lip Injury Protection in Oral and Maxillofacial Surgeries: A Randomized Controlled Trial.,['Oral Surgical Procedures'],['E04.545']
PMC11123548,Update on Focal Infection Management: A Czech Interdisciplinary Consensus.,['Focal Infection'],['C01.392']
PMC11126685,Phylogenomics reveals the evolutionary origins of lichenization in chlorophyte algae.,['Lichens'],['B05.350']
PMC11131144,Stapler versus scalpel resection followed by hand-sewn closure of the pancreatic remnant for distal pancreatectomy.,['Pancreas'],['A03.734']
PMC11132643,Technical advances in motion-robust MR thermometry .,['Thermometry'],['E05.933']
PMC11140607,Conceptualization and development of a semi-automatic vegetable transplanter prototype for small landholdings.,['Transplantation'],['E04.936']
PMC11141013,COMBAT-C: COntrol of Major Bleeding by Application of Tourniquets over Clothing.,['Tourniquets'],['E07.926']
PMC11147901,Common and specific activations supporting optic flow processing and navigation as revealed by a meta-analysis of neuroimaging studies.,['Optic Flow'],['G14.700']
PMC11156249,Excessive active pharmaceutical ingredients in substandard and falsified drugs should also raise concerns in low-income countries.,['Bulk Drugs'],['D26.025']
PMC11156839,Our experience with blast and gunshot induced traumatic vascular injuries at Somalia's major vascular referral center.,['Vascular System Injuries'],['C26.940']
PMC11159667,Antisense hypoxia-inducible factor 1alpha gene therapy enhances the therapeutic efficacy of doxorubicin to combat hepatocellular carcinoma.,['Antisense Elements (Genetics)'],['D13.150']
PMC11164154,Indwelling double pigtail ureteral stent combined or not with surgery for feline ureterolithiasis: complications and outcome in 15 cases.,['Anesthesia Recovery Period'],['E03.160']
PMC11164849,Rating of Perceived Exertion: A Large Cross-Sectional Study Defining Intensity Levels for Individual Physical Activity Recommendations.,['Ergometry'],['E05.333']
PMC11174854,Associations between Gut Microbiota Dysbiosis and Other Risk Factors in Women with a History of Urinary Tract Infections .,['Urinary Tract Infections'],['C01.915']
PMC11176358,Hierarchical organic microspheres from diverse molecular building blocks.,['Microspheres'],['E07.565']
PMC11178791,Tailoring silk fibroin hydrophilicity and physicochemical properties using sugar alcohols for medical device coatings.,['Sugar Alcohols'],['D09.853']
PMC11181613,Selection signatures of wool color in Gangba sheep revealed by genome-wide SNP discovery.,['Wool'],['A13.970']
PMC11182853,Connective tissue disease-associated lung disease in children.,['Connective Tissue Diseases'],['C17.300']
PMC11183173,Advances in the study of the glymphatic system and aging.,['Glymphatic System'],['A07.521']
PMC11183322,Explorations on the antiviral potential of zinc and magnesium salts against chikungunya virus: implications for therapeutics.,['Salts'],['D01.786']
PMC11186593,Effects of immune exhaustion and senescence of innate immunity in autoimmune disorders.,['Immune System Exhaustion'],['G12.590']
PMC11188379,Clinical and genetic characteristics of BAP1-mutated non- uveal and uveal melanoma.,['Uveal Diseases'],['C11.941']
PMC11190407,Direct oral anticoagulants vs Vitamin-K antagonists in solid organ transplant recipients: A systematic review and meta-analysis.,['Transplantation'],['E04.936']
PMC11190573,TBX3 is essential for establishment of the posterior boundary of anterior genes and upregulation of posterior genes together with HAND2 during the onset of limb bud development.,['Limb Buds'],['A16.567']
PMC11192689,Neurosurgery and the glymphatic system .,['Glymphatic System'],['A07.521']
PMC11193038,Darier-Ferrand dermatofibrosarcoma protuberans of the face: Case report and literature review.,['Cheek'],['A14.194']
PMC11193448,"Lipid osmosis , membrane tension, and other mechanochemical driving forces of lipid flow.",['Osmosis'],['G02.691']
PMC11194045,Seed or soil: Tracing back the plant mycobiota primary sources.,['Seedlings'],['A18.550']
PMC11203140,Neuronal Ceroid Lipofuscinosis in a Mixed-Breed Dog with a Splice Site Variant in CLN6.,['Dog Diseases'],['C22.268']
PMC11204072,The Application of Clinical and Molecular Diagnostic Techniques to Identify a Rare Haemoglobin Variant.,['Clinical Laboratory Techniques'],['E05.200']
PMC11204259,Proteomics Analysis of Proteotoxic Stress Response in In-Vitro Human Neuronal Models.,['Proteotoxic Stress'],['G03.818']
PMC11214843,Single closed-loop acoustic stimulation targeting memory consolidation suppressed hippocampal ripple and thalamo-cortical spindle activity in mice.,['Acoustic Stimulation'],['E02.037']
PMC11215480,Breathing patterns and associated cardiovascular changes in intermittently breathing animals: (Partially) correcting a semantic quagmire.,"['Cardiovascular Physiological Phenomena', 'Respiratory Physiological Phenomena']","['G09.330', 'G09.772']"
PMC11216823,Management of Suspected Peripheral Vascular Injuries in Orthopedic Trauma.,['Vascular System Injuries'],['C26.940']
PMC11223626,Clinical Performance of Implant-Supported Prostheses in the Rehabilitation of Patients Previously Treated for Medication-Related Osteonecrosis of the Jaws (MRONJ): A Systematic Review.,['Rehabilitation'],['E02.831']
PMC11226791,Selfing Promotes Spread and Introgression of Segregation Distorters in Hermaphroditic Plants.,['Hermaphroditic Organisms'],['B05.275']
PMC11227179,Prevalence of skin diseases among elderly prisoners in Taiwan: an examination of skin health in prison.,['Skin Diseases'],['C17.800']
PMC11228824,Tetrabutylammonium iodide-catalyzed oxidative alpha- azidation of beta-ketocarbonyl compounds using sodium azide .,['Azides'],['D02.159']
PMC11231065,"A Multidisciplinary Curriculum to Standardize Chest Procedures Training for Trainees in General Surgery, Emergency Medicine, and Critical Care.",['Thoracic Surgical Procedures'],['E04.928']
PMC11234452,HydrogelFinder: A Foundation Model for Efficient Self-Assembling Peptide Discovery Guided by Non- Peptidal Small Molecules.,['Peptides'],['D12.644']
PMC11234709,METTL3-mediated NDUFB5 m6A modification promotes cell migration and mitochondrial respiration to promote the wound healing of diabetic foot ulcer.,['Cell Respiration'],['G04.270']
PMC11236972,Ambient hydrogenation of solid aromatics enabled by a high entropy alloy nanocatalyst.,['Hydrogenation'],['G03.409']
PMC11237143,Evaluation of cosmetic outcomes in breast reconstruction patients undergoing radiotherapy using an anomaly generative adversarial network model.,['Cosmetic Techniques'],['E02.218']
PMC11237619,AcMNPV P74 is cleaved at R325 and R334 by proteinases of both OB and BBMV to expose a potential fusion peptide for oral infection.,"['Occlusion Bodies, Viral']",['A21.125']
PMC11238170,Tracheal intubation with a flexible intubation scope versus other intubation techniques for obese patients requiring general anaesthesia.,['Intubation'],['E05.497']
PMC11238330,Unveiling the Nature of lignin 's Interaction with Molecules: A Mechanistic Understanding of Adsorption of Methylene Blue Dye.,['Lignin'],['D20.538']
PMC11238914,Addressing the re-emergence and resurgence of vaccine-preventable diseases in Africa: A health equity perspective.,['Vaccine-Preventable Diseases'],['C01.918']
PMC11239748,The efficacy and safety of hydroxychloroquine versus leflunomide in patients with IgA nephropathy: a single-center experience.,['Renin-Angiotensin System'],['G03.820']
PMC11241837,The Effect of Conjugated Nitrile Structures as Acceptor Moieties on the Photovoltaic Properties of Dye-Sensitized Solar Cells: DFT and TD-DFT Investigation.,['Nitriles'],['D02.626']
PMC11245669,"Association between a genetic index for digital dermatitis resistance and the presence of digital dermatitis , heel horn erosion, and interdigital hyperplasia in Holstein cows.",['Digital Dermatitis'],['C22.214']
PMC11246051,Nutritional supplementation of breeding hens may promote embryonic development through the growth hormone-insulin like growth factor axis.,['Growth and Development'],['G07.345']
PMC11250672,Neuronal and hormonal control of Ca(2+) signalling in exocrine glands : insight from in vivo studies.,['Exocrine Glands'],['A10.336']
PMC11256269,Application of an Innovative Data Mining Approach Towards Safe Polypharmacy Practice in Older Adults.,['Drug Combinations'],['D26.310']
PMC11262679,A subpopulation of human bone marrow erythroid cells displays a myeloid gene expression signature similar to that of classic monocytes.,['Erythroid Cells'],['A11.443']
PMC11264468,"Safety and effectiveness of using Disposable Ultrasonic shears to coagulate 5-7 mm blood vessels: protocol for a prospective, multicenter, randomized, parallel controlled, non-inferiority clinical trial.",['Ultrasonic Surgical Procedures'],['E04.943']
PMC11273424,Chromophore-Assisted Light Inactivation for Protein Degradation and Its Application in Biomedicine.,['Chromophore-Assisted Light Inactivation'],['E05.198']
PMC11279200,Challenges and Solutions during the COVID-19 Pandemic: Hospitalization and Performance in Elective Pediatric Surgeries.,['Elective Surgical Procedures'],['E04.249']
PMC11280050,Hepatitis C Virus and Molecular Mimicry .,['Molecular Mimicry'],['G05.545']
PMC11282269,Vitrectomy versus scleral buckle for retinal detachment without posterior vitreous detachment .,['Vitreous Detachment'],['C11.980']
PMC11283712,"Root resorption of primary molars and dental development of premolars in children with Osteogenesis Imperfecta medicated with bisphosphonates, grouped according to age and gender.",['Dental Physiological Phenomena'],['G10.549']
PMC1128501,Prevalence of dermatoses and skin sensitisation associated with use of pesticides in fruit farmers of southern Taiwan.,"[""Agricultural Workers' Diseases""]",['C24.080']
PMC11291913,Impact of radiotherapy on second primary lung cancer incidence and survival in esophageal cancer survivors.,['Radiotherapy'],['E02.815']
PMC11296647,Nuclear energy acceptance in Poland: From societal attitudes to effective policy strategies-Network modeling approach.,['Nuclear Energy'],['G01.536']
PMC11298748,Rational prescribing and dispensing of oral dosage forms of medicines to children: an observational study.,['Dosage Forms'],['D26.255']
PMC11299111,Lessons from Extremophiles : Functional Adaptations and Genomic Innovations across the Eukaryotic Tree of Life.,['Extremophiles'],['B05.256']
PMC11303530,"Optical inactivation of intracellular molecules by fast-maturating photosensitizing fluorescence protein, HyperNova.",['Chromophore-Assisted Light Inactivation'],['E05.198']
PMC11309875,Successful Pregnancy and Delivery in a Chronic Renal Failure Patient with Membranoproliferative Glomerulonephritis and Preeclampsia-related Nephrotic Syndrome.,"['Glomerulonephritis, Membranoproliferative']",['C20.425']
PMC11314162,Recent Advances in the Application of Nitro (het)aromatic Compounds for Treating and/or Fluorescent Imaging of Tumor Hypoxia.,['Nitro Compounds'],['D02.640']
PMC11316719,Unveiling the importance of the C-terminus in the sugar acid dehydratase of the IlvD/EDD superfamily.,['Sugar Acids'],['D09.811']
PMC11318774,Laryngeal disease in cats: a retrospective study of 35 cases.,['Laryngeal Diseases'],['C09.400']
PMC11324027,Community interactions among microbes give rise to host -microbiome mutualisms in an aquatic plant.,['Host Microbial Interactions'],['G06.373']
PMC11326746,Sediment Toxicity Tests : A Critical Review of Their use in Environmental Regulations.,['Toxicity Tests'],['E05.940']
PMC11332988,Gut mycobiome in metabolic diseases : Mechanisms and clinical implication.,['Metabolic Diseases'],['C18.452']
PMC11333466,Multi-class segmentation of temporomandibular joint using ensemble deep learning.,['Temporomandibular Joint Disorders'],['C07.678']
PMC11338518,SURGICAL SITE INFECTION IN RESECTIONS OF DIGESTIVE SYSTEM TUMOURS.,['Digestive System Surgical Procedures'],['E04.210']
PMC11340287,Acute Ongoing Nociception Delays Recovery of Consciousness from Sevoflurane Anesthesia via a Midbrain Circuit.,['Anesthesia Recovery Period'],['E03.160']
PMC11346875,From thinning to disappearance: A case report on the healing pattern of multiple and giant plantar warts.,['Cryotherapy'],['E02.258']
PMC11354837,Recent Advances in Plant Somatic Embryogenesis : Where We Stand and Where to Go?,['Plant Somatic Embryogenesis Techniques'],['G15.698']
PMC11356839,The Synthesis of SNAC Phenolate Salts and the Effect on Oral Bioavailability of Semaglutide.,['Salts'],['D01.786']
PMC11357107,"Neutrophil activation , acute lung injury and disease severity in Plasmodium knowlesi malaria.",['Neutrophil Activation'],['G12.604']
PMC11358219,Jumping and leaping estimations using optic flow .,['Optic Flow'],['G14.700']
PMC11358610,ALS-Linked VapB P56S Mutation Alters Neuronal Mitochondrial Turnover at the Synapse.,['Mitochondrial Turnover'],['G04.599']
PMC11362179,Esophageal impedance planimetry during per-oral endoscopic myotomy guides myotomy extent.,['Myotomy'],['E04.515']
PMC11364419,Distinct melanocyte subpopulations defined by stochastic expression of proliferation or maturation programs enable a rapid and sustainable pigmentation response.,['Pigmentation'],['G16.690']
PMC11365102,Quantification of membrane fluidity in bacteria using TIR-FCS.,['Membrane Fluidity'],['G04.570']
PMC11365844,Microbiological toxicity tests using standardized ISO/OECD methods-current state and outlook.,['Toxicity Tests'],['E05.940']
PMC1136754,Anti-(human immunodeficiency virus) activity of polyoxotungstates and their inhibition of human immunodeficiency virus reverse transcriptase.,['Silicon Compounds'],['D01.837']
PMC11369690,Residual Strain and Joint Pressurization Maintain Collagen Tension for On-Joint Lumbar Facet Capsular Ligaments .,['Ligaments'],['A02.513']
PMC11369997,"The effectiveness of exercise prehabilitation on aerobic capacity, muscle strength and body composition in patients with cirrhosis awaiting liver transplantation : a systematic review and meta-analysis protocol.",['Transplantation'],['E04.936']
PMC11369997,"The effectiveness of exercise prehabilitation on aerobic capacity, muscle strength and body composition in patients with cirrhosis awaiting liver transplantation: a systematic review and meta-analysis protocol.",['Rehabilitation'],['E02.831']
PMC11371535,Longitudinal Renal Function Degradation Among Florida Agricultural Workers .,"[""Agricultural Workers' Diseases""]",['C24.080']
PMC11373086,Case report: membranoproliferative glomerulonephritis associated with Q fever causing chronic endocarditis.,"['Glomerulonephritis, Membranoproliferative']",['C20.425']
PMC11375098,Nanodynamo quantifies subcellular RNA dynamics revealing extensive coupling between steps of the RNA life cycle.,"['RNA Processing, Post-Transcriptional']",['G03.839']
PMC11377873,Can discolored dental composites be bleached in depth?,['Pigmentation'],['G16.690']
PMC11383094,Lower respiratory tract endoscopy in the cat: diagnostic approach to bronchial disease.,['Diagnostic Equipment'],['E07.230']
PMC11389415,SARS-CoV-2 spike fusion peptide trans interaction with phosphatidylserine lipid triggers membrane fusion for viral entry.,['Membrane Fusion'],['G04.575']
PMC11392632,The biophysics of cell motility through mechanochemically challenging environments.,['Mechanical Phenomena'],['G01.374']
PMC11396790,Thevetia thevetioides Cardenolide and Related Cardiac Glycoside Profile in Mature and Immature Seeds by High-Resolution Thin-Layer Chromatography (HPTLC) and Quadrupole Time of Flight-Tandem Mass Spectrometry (Q-TOF MS/MS) Reveals Insights of the Cardenolide Biosynthetic Pathway.,['Glycosides'],['D09.408']
PMC11401312,Frailty and 6-month trajectory of elderly trauma patients over the age of 65 years admitted to intensive care unit for severe trauma : experience of a level 1 trauma center.,['Trauma Severity Indices'],['E05.944']
PMC11401327,"Characterization of giant endocrine cells in the fundic stomach of African catfish (Clarias gariepinus) demonstrated by histochemical, immunohistochemical and ultrastructure microscopy methods suggesting their role in immunity.",['Endocrine Cells'],['A11.382']
PMC11404846,Antibodies against medically relevant arthropod-borne viruses in the ubiquitous African rodent Mastomys natalensis.,['Arboviruses'],['B04.080']
PMC11408904,Knowledge and awareness on vector - borne diseases : a pending subject for the Spanish society?,['Vector Borne Diseases'],['C01.920']
PMC11412368,"Integrated overview of stramenopile ecology, taxonomy, and heterotrophic origin.",['Stramenopiles'],['B01.750']
PMC11414055,Examining gaze behavior in undergraduate students and educators during the evaluation of tooth preparation : an eye-tracking study.,['Tooth Preparation'],['E06.931']
PMC11414382,"Antioxidant genes in cancer and metabolic diseases : Focusing on Nrf2, Sestrin, and heme oxygenase 1.",['Metabolic Diseases'],['C18.452']
PMC11415913,Sudden death due to enterotoxemia among Arabian camels (Camelus dromedaries) and associated risk factors.,['Enterotoxemia'],['C22.313']
PMC11418175,Nanoscale ultrastructures increase the visual conspicuousness of signalling traits in obligate cleaner shrimps.,['Arthropod Antennae'],['A13.093']
PMC11418554,Impact of prodromal symptoms on the prognosis of patients with basilar artery occlusion treated with mechanical thrombectomy.,['Prodromal Symptoms'],['E01.599']
PMC11421642,miR-124: A Promising Therapeutic Target for Central Nervous System Injuries and Diseases.,['Central Nervous System'],['A08.186']
PMC11424173,Release of ATP in the lung evoked by inhalation of irritant gases in rats.,['Gases'],['D01.362']
PMC11427839,A gain-of-function mutation in BnaIAA13 disrupts vascular tissue and lateral root development in Brassica napus.,['Plant Vascular Bundle'],['A18.450']
PMC11428924,Choosing an appropriate somatic embryogenesis medium of carrot (Daucus carota L.) by data mining technology.,['Plant Somatic Embryogenesis Techniques'],['G15.698']
PMC11432378,Antibacterial and Antitumoral Potentials of Phytosynthesized Silver / Silver Oxide Nanoparticles Using Tomato Flower Waste.,['Silver Compounds'],['D01.847']
PMC11432430,Effect of UV Radiation and Temperature on Radical Scavenging Activity of Hippophaë rhamnoides L. and Vaccinium oxycoccos L. Fruit Extracts.,['Free Radicals'],['D01.339']
PMC11433675,Evaluating the Effectiveness of Proton Beam Therapy Compared to Conventional Radiotherapy in Non-Metastatic Rectal Cancer: A Systematic Review of Clinical Outcomes.,['Radiotherapy'],['E02.815']
PMC11435997,Harnessing the Heart 's Magnetic Field for Advanced Diagnostic Techniques.,['Heart'],['A07.541']
PMC1143834,Ventilatory responses during arm and leg exercise at varying speeds and forces in untrained female humans.,['Ergometry'],['E05.333']
PMC11439908,Bench assessment of PC-CMVs modes in transport and emergency ventilators under ICU conditions.,"['Ventilators, Mechanical']",['E07.950']
PMC11444772,Sonic restoration: acoustic stimulation enhances plant growth-promoting fungi activity.,['Acoustic Stimulation'],['E02.037']
PMC11452135,Glomerular Endothelial Cell Receptor Adhesion G-Protein-Coupled Receptor F5 (ADGRF5) and the Integrity of the Glomerular Filtration Barrier .,['Glomerular Filtration Barrier'],['A07.500']
PMC11455639,Traumatic Tympanic Membrane Perforation in Children: A Descriptive Cross-sectional Study.,['Tympanic Membrane Perforation'],['C26.930']
PMC11457951,Epidemiological insights into thoracic and lumbar sympathectomies in Brazil: a comparative analysis of open versus video-assisted procedures .,['Video-Assisted Techniques and Procedures'],['E05.956']
PMC1146135,A histochemical study of simple laryngeal polyps.,['Larynx'],['A04.329']
PMC11461632,Metabolic regulation of the immune system in health and diseases : mechanisms and interventions.,['Metabolic Diseases'],['C18.452']
PMC11464557,Barbed sutures versus conventional sutures for wound closure in spine surgeries: a systematic review and meta-analysis.,['Wound Closure Techniques'],['E04.987']
PMC114668,Caveolae are involved in the trafficking of mouse polyomavirus virions and artificial VP1 pseudocapsids toward cell nuclei.,['Artificial Virus-Like Particles'],['A21.063']
PMC1147012,Aromatic hydroxylation as a potential measure of hydroxyl - radical formation in vivo. Identification of hydroxylated derivatives of salicylate in human body fluids.,['Hydroxylation'],['G03.425']
PMC11473813,GRHL2 regulates keratinocyte EMT-MET dynamics and scar formation during cutaneous wound healing.,['Epidermal Cells'],['A11.409']
PMC11487129,GWAS-by-subtraction reveals an IOP-independent component of primary open angle glaucoma.,['Intraocular Pressure'],['G14.440']
PMC11493224,Wound Healing and Cosmetic Outcomes in Neonatal Circumcision Using Three Different Techniques .,['Cosmetic Techniques'],['E02.218']
PMC11493319,Kid-Sized Dentistry: A Pioneering First-of-Its-Kind Study on Customizing Dental Tools and Technology for Pediatric Care.,"['Technology, Dental']",['E06.912']
PMC11495193,Eukaryotic cell size regulation and its implications for cellular function and dysfunction.,['Cell Size'],['G04.325']
PMC11495759,Neurosurgical Procedures in Patients Requiring Extracorporeal Membrane Oxygenation.,['Neurosurgical Procedures'],['E04.525']
PMC11497442,Hearing results following endoscopic type I tympanoplasty in medium and large perforations.,['Tympanic Membrane Perforation'],['C26.930']
PMC11511190,Comparative Effects of Acetate- and Citrate-Based Dialysates on Dialysis Dose and Protein-Bound Uremic Toxins in Hemodiafiltration Patients: Exploring the Impact of Calcium and Magnesium Concentrations.,['Dialysis'],['G02.186']
PMC11511664,Polishing systems for modern aesthetic dental materials: a narrative review.,['Dental Polishing'],['E06.298']
PMC11512486,Impact of extracorporeal hemadsorption on mortality in critically ill COVID-19 patients in the intensive care unit.,['Hemadsorption'],['G06.365']
PMC11515682,Assessing the efficacy of difficult airway alerts in electronic medical records: a quality improvement study.,['Airway Management'],['E02.041']
PMC11516137,"Parental Knowledge, Attitudes, and Utilization of Preventive Dentistry Modalities in Al Qassim, Saudi Arabia: A Cross-Sectional Study.",['Preventive Dentistry'],['E06.761']
PMC11520005,Paradoxical Tuberculosis Immune Reconstitution Inflammatory Syndrome Complicated by Large Bilateral Psoas Abscess: A Case Report.,['Immune Reconstitution Inflammatory Syndrome'],['C20.608']
PMC11521307,Audit of antibiotic utilization patterns and practice for common eye infections at the ambulatory clinic of a teaching hospital in Ghana: Findings and implications.,['Eye Infections'],['C01.375']
PMC11523072,Validating Small-Molecule Force Fields for Macrocyclic Compounds Using NMR Data in Different Solvents.,['Macrocyclic Compounds'],['D04.345']
PMC11523179,Rostral cranial fossa and sinonasal neoplasms with cribriform plate involvement in 32 dogs and 17 cats.,['Otorhinolaryngologic Neoplasms'],['C09.647']
PMC1152535,The hydrogenation of gamma-linolenic acid by pure cultures of two rumen bacteria.,['Hydrogenation'],['G03.409']
PMC11526117,Molecular mimicry as a mechanism of viral immune evasion and autoimmunity.,['Molecular Mimicry'],['G05.545']
PMC11530622,Resting-state functional MRI of the nose as a novel investigational window into the nervous system.,['Nose'],['A04.531']
PMC11535188,"YY1 knockout in pro-B cells impairs lineage commitment, enabling unusual hematopoietic lineage plasticity.",['Cell Lineage'],['G04.172']
PMC11535314,Vascular bundle cell-specific expression of a phosphate transporter improves phosphate use efficiency of transgenic Arabidopsis without detrimental effects.,['Plant Vascular Bundle'],['A18.450']
PMC11536572,Telerehabilitation solutions in patient pathways: An overview of systematic reviews.,['Rehabilitation'],['E02.831']
PMC11543016,Aquaporin-1 and Osmosis : From Physiology to Precision in Peritoneal Dialysis.,['Osmosis'],['G02.691']
PMC11544707,Halogenase-Assisted Alkyne/Aryl Bromide Sonogashira Coupling for Ribosomally Synthesized Peptides .,['Peptides'],['D12.644']
PMC11546465,Post Mortem Molecular Biomarkers of Asphyxia : A Literature Review.,['Asphyxia'],['C26.103']
PMC11547388,Toxicokinetics and Tissue Distribution of the Hepatotoxic Triterpenoid Saponin Pterocephin A in Rats Using the Ultra-Performance Liquid Chromatography-Tandem Mass Spectrometry (UPLC-MS/MS) Method.,['Toxicokinetics'],['G03.893']
PMC11549102,"Classification of laryngeal diseases including laryngeal cancer, benign mucosal disease, and vocal cord paralysis by artificial intelligence using voice analysis.",['Laryngeal Diseases'],['C09.400']
PMC11552191,Vector - borne diseases on Borneo island: a scoping review.,['Vector Borne Diseases'],['C01.920']
PMC11559631,"Advances in the Synthesis of Bioorthogonal Reagents: s-Tetrazines, 1,2,4-Triazines, Cyclooctynes, Heterocycloheptynes, and trans-Cyclooctenes.","['Chemistry Techniques, Synthetic']",['E05.197']
PMC11560373,"Effects of atmospheric CO2 concentration on transpiration and leaf elongation responses to drought in Triticum aestivum, Lolium perenne and Festuca arundinacea.",['Plant Transpiration'],['G15.713']
PMC11561714,Screening of pathologically significant diagnostic biomarkers in tears of thyroid eye disease based on bioinformatic analysis and machine learning.,['Lacrimal Elimination'],['G14.540']
PMC11563611,Anti-inflammatory activity of sappan wood extract cream (Caesalpinia sappan) in Porphyromonas gingivalis-induced gingivitis rats models.,['Gingivitis'],['C01.408']
PMC11563850,Temporal Bone Histopathology of Atypical Cogan Syndrome .,['Cogan Syndrome'],['C11.180']
PMC11563979,Distinct etiology of chronic inflammation - implications on degenerative diseases and cancer therapy.,['Inflammation Mediators'],['D23.469']
PMC11566909,Various microbial taxa couple arsenic transformation to nitrogen and carbon cycling in paddy soils.,['Oxidation-Reduction'],['G02.700']
PMC11574124,Airway ciliary microenvironment responses in mice with primary ciliary dyskinesia and central pair apparatus defects.,['Ciliary Motility Disorders'],['C09.150']
PMC11574221,A Proof of Concept: Optimized Jawbone-Reduction Model for Mandibular Fracture Surgery.,['Dental Occlusion'],['E06.276']
PMC11577898,"Prevalence of valgus and varus foot deformities in 2784 children with cerebral palsy, a register-based cross-sectional study.",['Foot Deformities'],['C05.330']
PMC11577915,Outcome of video laryngoscopy versus direct laryngoscopy for emergency tracheal intubation in emergency department: a propensity score matching analysis.,['Intubation'],['E05.497']
PMC11580331,"Advancing understanding of human variability through toxicokinetic modeling, in vitro-in vivo extrapolation, and new approach methodologies.",['Toxicokinetics'],['G03.893']
PMC11580365,Microglia synchronizes with the circadian rhythm of the glymphatic system and modulates glymphatic system function.,['Glymphatic System'],['A07.521']
PMC11580477,Multimorbidity and tooth loss: data from Chilean National Health Survey 2016-2017.,['Tooth Diseases'],['C07.793']
PMC11581139,"Multi-flap Cheek Reconstruction: Merging Triple Advancement, Island Pedicle, and Rotation Flaps for Optimal Aesthetic and Functional Outcomes After Mohs Micrographic Surgery.",['Cheek'],['A14.194']
PMC11585935,Long working hours and health in Denmark: a post hoc analysis of three cohort studies.,['Accidental Injuries'],['C26.040']
PMC11587499,Conjunctival leiomyosarcoma in a patient with xeroderma pigmentosum: 5-year follow-up without recurrence.,['Conjunctival Diseases'],['C11.187']
PMC11587503,Comparison of the efficacy of latanoprost versus dorzolamide/timolol fixed combination therapy in patients with pseudoexfoliative glaucoma according to glaucoma stage.,['Intraocular Pressure'],['G14.440']
PMC11587633,Impact of transdermal buprenorphine patch combined with celecoxib on improving shoulder pain and function of patients with primary adhesive shoulder capsulitis.,['Transdermal Patch'],['E07.935']
PMC11593986,Midface Projection Using Biostimulatory Poly- l -Lactic Acid Injectable Implant: A Subgroup Analysis of the Cheek Wrinkle Trial.,['Cheek'],['A14.194']
PMC11595508,Nitroglycerin (NTG) Infusion for Intraprocedural Vasospasm in Transarterial Microembolization (TAME): A Case Series.,['Extremities'],['A01.378']
PMC11596101,Obstetric Brachial Plexus Palsy and Functional Implications: Which Joint in the Upper Extremity Is More Closely Associated?,['Extremities'],['A01.378']
PMC11596204,A Double-Blinded Randomized Controlled Trial: Can Pulsed Electromagnetic Field Therapy Be a Novel Method for Treating Chronic Rhinosinusitis?,['Magnetic Field Therapy'],['E02.621']
PMC11613064,"Prevalence of text neck syndrome, its impact on neck dysfunction, and its associated factors among medical students: A cross-sectional study.",['Neck'],['A01.598']
PMC11614464,Dental Suction Interference and Acoustic Respiratory Monitoring.,['Dental Equipment'],['E07.222']
PMC11615262,"Evaluating Red Blood Cells' Membrane Fluidity in Diabetes: Insights, Mechanisms, and Future Aspects.",['Membrane Fluidity'],['G04.570']
PMC11616296,Civilian pattern of injuries in armed conflicts - a systematic review.,['War-Related Injuries'],['C26.946']
PMC11617214,Efficacy of acupuncture in reducing accidental injury risk in stroke patients: A national-scale cohort study.,['Accidental Injuries'],['C26.040']
PMC11619696,Species specificity and specificity diversity (SSD) framework: a novel method for detecting the unique and enriched species associated with disease by leveraging the microbiome heterogeneity.,['Species Specificity'],['G16.824']
PMC11619822,Evaluation of Colour Changes in Nanocomposite-Based Bulk-Fill and Universal Composite Using Different Polishing Systems.,['Dental Polishing'],['E06.298']
PMC11619897,Self-monitoring of Oral Health Using Smartphone Selfie Powered by Artificial Intelligence: Implications for Preventive Dentistry .,['Preventive Dentistry'],['E06.761']
PMC11619909,Gingival Pigmentation Features in Correlation with Tooth and Skin Shades: A Cross-Sectional Study in a Saudi Population.,['Pigmentation'],['G16.690']
PMC11620702,"Risk classification for the transmission of vaccine-preventable diseases in the state of Minas Gerais, Brazil: 2018 to 2022.",['Vaccine-Preventable Diseases'],['C01.918']
PMC11623556,Somatic embryogenesis and shoot organogenesis in peanut cv. 'Georgia-12Y' and successful transfer to the soil.,['Plant Somatic Embryogenesis Techniques'],['G15.698']
PMC11626238,Selenium and Triple Negative Breast Cancer.,['Selenium Compounds'],['D01.810']
PMC11634374,Chemical transdifferentiation of somatic cells to neural cells: a systematic review.,['Cell Transdifferentiation'],['G04.356']
PMC11637153,Analysis of Microbubble -Blood cell system Oscillation/Cavitation influenced by ultrasound Forces: Conjugate applications of FEM and LBM.,['Microbubbles'],['E07.553']
PMC1164066,The ossification of the membraneous part of the squamous occipital bone in man.,['Membranes'],['A10.615']
PMC11641017,Is Fluoride Blameless?-The Influence of Fluorine Compounds on the Invasiveness of the Human Glioma-like Cell Line U-87.,['Fluorine Compounds'],['D01.303']
PMC11641051,Chlorhexidine Mouthwash for Gingivitis Control in Orthodontic Patients : A Systematic Review and Meta-Analysis.,['Gingivitis'],['C01.408']
PMC11641337,"Role of Robotics and Artificial Intelligence in Oral Health and Preventive Dentistry - Knowledge, Perception and Attitude of Dentists.",['Preventive Dentistry'],['E06.761']
PMC11651220,Nanoparticle-Binding Immunoglobulins Predict Variable Complement Responses in Healthy and Diseased Cohorts.,['Complement Activation'],['G12.274']
PMC11652824,"Morphological structure of salivary glands, alimentary canal, and Malpighian tubules in adult Eurydema spectabilis Horvath, 1882 (Heteroptera, Pentatomidae).",['Malpighian Tubules'],['A13.574']
PMC1166652,"Experimental modulation of the reactivity of pleural milky spots (Kampmeier's foci) by Freund 's adjuvants, betamethasone and mycobacterial infection.","[""Freund's Adjuvant""]",['D20.475']
PMC11666888,Macrodystrophia lipomatosa: Clinical and radiological insights into localized gigantism.,['Extremities'],['A01.378']
PMC11668123,Preliminary Evaluation of Stability Data for Dolutegravir-Containing Triple Active Formulations Intended for PEPFAR. Degradation of Tenofovir Disoproxil Fumarate and Tenofovir Alafenamide as the Limiting Factor.,['Desiccation'],['G02.176']
PMC11674117,Distinct UPR and Autophagic Functions Define Cell-Specific Responses to Proteotoxic Stress in Microglial and Neuronal Cell Lines.,['Proteotoxic Stress'],['G03.818']
PMC11674605,Tools for regulating metabolic diseases : extracellular vesicles from adipose macrophages.,['Metabolic Diseases'],['C18.452']
PMC11682084,The electricity cost burden of durable medical equipment in the United States.,['Durable Medical Equipment'],['E07.278']
PMC11684787,NK cell exhaustion in Wilson's disease revealed by single-cell RNA sequencing predicts the prognosis of cholecystitis.,['Immune System Exhaustion'],['G12.590']
PMC11700596,Genomic implications of the repeated shift to self - fertilization across a species' geographic distribution.,['Self-Fertilization'],['G15.830']
PMC11700764,Peripheral airways dysfunction measured by oscillometry differentiates asthma from inducible laryngeal obstruction.,['Oscillometry'],['E05.654']
PMC11702032,Screened of long non-coding RNA related to wool development and fineness in Gansu alpine fine- wool sheep.,['Wool'],['A13.970']
PMC11703070,Construction of management tools for early warning of prevacuum steam sterilization failure .,['Equipment Failure'],['E05.325']
PMC11703909,Immune complexes-mediated activation of neutrophils in systemic lupus erythematosus is dependent on RNA recognition by toll-like receptor 8.,['Neutrophil Activation'],['G12.604']
PMC11705474,Optical tweezers in biomedical research - progress and techniques.,['Optical Tweezers'],['E05.650']
PMC11705624,TiMON: a real-time integrated monitor for improving the placement and wear of emergency tourniquets .,['Tourniquets'],['E07.926']
PMC11708029,Competence induction of homologous recombination genes protects pneumococcal cells from genotoxic stress.,['DNA Transformation Competence'],['G05.232']
PMC11729129,Accuracy of screw placement during vertebral body tethering using fluoroscopic guidance and anatomic landmarks .,['Anatomic Landmarks'],['A01.111']
PMC11729216,Perspective in the Mechanisms for Repairing Sperm DNA Damage.,['DNA Repair'],['G05.219']
PMC11729795,"Copromicroscopic Diagnosis and Prevalence of Parasitic Infections in Animals in Sitio Ibayo, San Mateo, Rizal, Philippines: Establishing a Sentinel Study for Zoonotic Disease Surveillance.","['Parasitic Diseases, Animal']",['C22.674']
PMC1173124,Investigation of non-uniform airflow signal oscillation during high frequency chest compression.,['Respiratory Physiological Phenomena'],['G09.772']
PMC11733002,Life-threatening complications in ophthalmic surgery: a systematic review.,['Ophthalmologic Surgical Procedures'],['E04.540']
PMC11737548,Evaluation of a New In Chemico Skin Corrosion Test.,['Corrosion'],['G02.165']
PMC11737758,Machine learning and spatio-temporal analysis of meteorological factors on waterborne diseases in Bangladesh.,['Waterborne Diseases'],['C01.936']
PMC11739239,The role of inhibitory immune checkpoint receptors in the pathogenesis of Alzheimer's disease.,['Immune Checkpoint Proteins'],['D23.383']
PMC11742394,Neuron-inspired CsPbBr(3)/PDMS nanospheres for multi-dimensional sensing and interactive displays.,['Nanospheres'],['E07.595']
PMC11742774,The utility of split function testing in determining recovery of glomerular filtration rate after living kidney donation: a cohort study.,['Recovery of Function'],['G16.757']
PMC11742997,Development of Virus-Like Particles (VLPs) for Hepatitis C Virus genotype 4: a novel approach for vaccine development in Egypt.,['Vaccine Development'],['E05.952']
PMC11744167,Accurate puncture of targets in the lower lung lobes with respiratory motion using a teleoperated robotic system and low-dose computed tomography fluoroscopy: an experimental animal study.,['Punctures'],['E02.800']
PMC11755932,Utilization of ultrasonic aspirator for combined aortic and mitral valve decalcification: a case study.,['Ultrasonic Surgical Procedures'],['E04.943']
PMC11756577,"Simple, catalytic C(sp(3))-H azidation using the C-H donor as the limiting reagent.",['Azides'],['D02.159']
PMC11758778,Evaluating the Potential of Microdroplet Flow in Two-Phase Biocatalysis : A Systematic Study.,['Biocatalysis'],['G03.105']
PMC11762450,Retinal Organoids from Induced Pluripotent Stem Cells of Patients with Inherited Retinal Diseases : A Systematic Review.,['Retinal Diseases'],['C11.768']
PMC11765368,"Prevalence and Factors Associated with Waterborne Diseases in Couffo, Southwestern Benin: The Case of Aplahoue.",['Waterborne Diseases'],['C01.936']
PMC11767278,A Review of Optical Interferometry for High-Precision Length Measurement.,['Interferometry'],['E05.490']
PMC11772527,Forest Soil pH and Dissolved Organic Matter Aromaticity Are Distinct Drivers for Soil Microbial Community and Carbon Metabolism Potential.,['Microbial Interactions'],['G06.550']
PMC11773881,"Significance of KLK7 expression, polymorphisms, and function in sheep horn growth.",['Horns'],['A13.507']
PMC11774336,"Proportional mortality and years of potential life lost due to liver diseases among agricultural workers , Brazil, 2017 to 2022.","[""Agricultural Workers' Diseases""]",['C24.080']
PMC11776229,Investigating orbital foreign device-associated malignancies: a scoping review.,['Ophthalmologic Surgical Procedures'],['E04.540']
PMC11777186,A look beyond topography: Transient phenomena of Escherichia coli cell division captured with high-speed in-line force mapping.,['Mechanical Phenomena'],['G01.374']
PMC11783765,Establishing the first ever pediatric procedural sedation clinic in a low-income country: Assessment of the safety and efficacy.,['Procedural Sedation'],['E03.250']
PMC11785988,Single-cell profiling of penta- and tetradactyl mouse limb buds identifies mesenchymal progenitors controlling digit numbers and identities.,['Limb Buds'],['A16.567']
PMC11794509,Recent advances in pancreatic alpha- cell transdifferentiation for diabetes therapy.,['Cell Transdifferentiation'],['G04.356']
PMC11794708,CD4 expression controls epidermal stem cell balance.,['Epidermal Cells'],['A11.409']
PMC11798480,Microbubble dynamics in brain microvessels.,['Microbubbles'],['E07.553']
PMC1179932,Intracellular electrophysiological study of suprachiasmatic nucleus neurons in rodents: excitatory synaptic mechanisms.,['Membrane Potentials'],['G04.580']
PMC1180005,The source of calcium for muscarinic-mediated catecholamine release from cat adrenals.,['Secretory Rate'],['G03.857']
PMC11801536,Influences of footstrike patterns and overground conditions on lower extremity kinematics and kinetics during running: Statistical parametric mapping analysis.,['Extremities'],['A01.378']
PMC11804974,Ubi Maior Minor Cessat.,['Lymphocyte Cooperation'],['G12.575']
PMC11805491,The Glymphatic System in Humans: Investigations With Magnetic Resonance Imaging.,['Glymphatic System'],['A07.521']
PMC11807307,Classification of risk for transmission of vaccine-preventable diseases in Brazilian municipalities: comparative analysis before and after the national movement for vaccination and multivaccination proposed by the Ministry of Health as of 2023.,['Vaccine-Preventable Diseases'],['C01.918']
PMC11809643,Case Report: Atypical post-COVID Cogan 's syndrome .,['Cogan Syndrome'],['C11.180']
PMC11818908,"A Comparative Study of Common Anesthetics Propofol, Sevoflurane, Isoflurane and Ketamine on Lipid Membrane Fluidity .",['Membrane Fluidity'],['G04.570']
PMC11821790,Safety and feasibility of concomitant scalp cooling and limb cryocompression to prevent paclitaxel-induced alopecia and neuropathy.,['Cryotherapy'],['E02.258']
PMC1182219,Gene-breaking: a new paradigm for human retrotransposon-mediated gene evolution.,['Antisense Elements (Genetics)'],['D13.150']
PMC11825823,Pancreatic endocrine and exocrine signaling and crosstalk in physiological and pathological status.,['Endocrine Cells'],['A11.382']
PMC11826680,Evisceration and enucleation cases in the ophthalmologic emergency department of a tertiary Brazilian hospital.,['Ophthalmologic Surgical Procedures'],['E04.540']
PMC1182811,Non-synaptic depolarizing potentials in rat supraoptic neurones recorded in vitro.,['Membrane Potentials'],['G04.580']
PMC11831093,On the nature of signal 1 delivered to lymphocytes: A critical response to some considerations put forward in support of the quantum model of T cell activation.,['Lymphocyte Cooperation'],['G12.575']
PMC11831857,Comparative Efficacy of 3D-Printed Insoles in Managing Common Foot Conditions: A Review.,['Foot Diseases'],['C05.360']
PMC11836337,"Incidence and factors associated with agitation in patients on mechanical ventilators in Amhara Region, North-West Ethiopia: a multi-center study.","['Ventilators, Mechanical']",['E07.950']
PMC1183657,"Hydroxylation of aromatic compounds by reduced nicotinamide-adenine dinucleotide and phenazine methosulphate requires hydrogen peroxide and hydroxyl radicals, but not superoxide.",['Hydroxylation'],['G03.425']
PMC11837966,"Effect of Sequential, Colocalized Radiofrequency and Pulsed Field Ablation on Cardiac Lesion Size and Histology.",['Radiofrequency Therapy'],['E02.808']
PMC11840492,Helicobacter mastomyrinus infection induces autoimmune hepatitis in mice.,"['Hepatitis, Animal']",['C01.436']
PMC11841055,"Structural characterization of pyruvic oxime dioxygenase, a key enzyme in heterotrophic nitrification.",['Heterotrophic Processes'],['G03.393']
PMC11841289,The role of lipid phase and temperature in proton barrier and proton migration on biological membranes .,['Membranes'],['A10.615']
PMC11848850,War - related eye trauma: a study of civilian and military cases from Ukraine's ongoing conflict.,['War-Related Injuries'],['C26.946']
PMC11851635,Accidental trauma of infancy: emergency department evaluation and management.,['Accidental Injuries'],['C26.040']
PMC11856896,Assessing the relationship between migraine and sino-nasal symptoms and diseases among Syrian Private University students: A case-control study.,['Nose Diseases'],['C09.603']
PMC1185709,Studies on sex-organ development. Changes in chemical composition and oestradiol-binding capacity in chromatin during the differentiation of chick Mullerian ducts .,['Mullerian Ducts'],['A16.623']
PMC11858739,Uncovering the Host Range-Lifestyle Relationship in the Endophytic and Anthracnose Pathogenic Genus Colletotrichum.,['Endophytes'],['B05.237']
PMC11860545,Emerging Arboviral Diseases in Pakistan: Epidemiology and Public Health Implications.,['Virus Diseases'],['C01.925']
PMC11861344,Glymphatic system : a self-purification circulation in brain.,['Glymphatic System'],['A07.521']
PMC11861948,"The Genome Sequences of Baculoviruses from the Tufted Apple Bud Moth, Platynota idaeusalis , Reveal Recombination Between an Alphabaculovirus and a Betabaculovirus from the Same Host.","['Occlusion Bodies, Viral']",['A21.125']
PMC1186214,Studies on sex-organ development. Oestrogenic effect on ornithine decarboxylase activity in the differentiating Mullerian ducts and other organs of the chick embryo.,['Mullerian Ducts'],['A16.623']
PMC11867087,"Procedural sedation competencies: a review and multidisciplinary international consensus statement on knowledge, skills, training, and credentialing.",['Procedural Sedation'],['E03.250']
PMC11868315,Photocatalytic degradation of polycyclic aromatic hydrocarbons under visible light irradiation in water using TiO(2)/MgO nanocomposites.,['Polycyclic Aromatic Hydrocarbons'],['D04.615']
PMC1186837,Cytotoxicity of alkylating agents towards sensitive and resistant strains of Escherichia coli in relation to extent and mode of alkylation of cellular macromolecules and repair of alkylation lesions in deoxyribonucleic acids.,['Alkylation'],['G03.059']
PMC11872805,Stress Distribution Pattern in Mandibular Overdenture Designs Supported by Three Dental Implants: A 3D Finite Element Analysis .,['Dental Stress Analysis'],['E06.308']
PMC11874768,The Roles of Forkhead Box O3a (FOXO3a) in Bone and Cartilage Diseases - A Narrative Review.,['Cartilage Diseases'],['C05.182']
PMC11877773,Post coronavirus-disease-vaccination immune reconstitution inflammatory syndrome in tuberculosis treatment: a case report.,['Immune Reconstitution Inflammatory Syndrome'],['C20.608']
PMC1187897,Otitis media in young Aboriginal children from remote communities in Northern and Central Australia: a cross-sectional survey.,['Tympanic Membrane Perforation'],['C26.930']
PMC11879761,The FcgammaRIIIA (CD16) L48-H/R Polymorphism Enhances NK Cell-Mediated Antibody-Dependent Cellular Cytotoxicity by Promoting Serial Killing.,"['Cytotoxicity, Immunologic']",['G12.287']
PMC11882727,Oral dosage forms for drug delivery to the colon: an existing gap between research and commercial applications.,['Dosage Forms'],['D26.255']
PMC11884365,Use of machine learning to predict the risk of early morning intraocular pressure peaks in glaucoma patients and suspects.,['Intraocular Pressure'],['G14.440']
PMC11887823,Investigating Confined Space Asphyxias : Plastic Bag Involvement and Gas Inhalation - A Case Series and Literature Review.,['Asphyxia'],['C26.103']
PMC11889610,Post-stroke changes in brain structure and function can both influence acute upper limb function and subsequent recovery .,['Recovery of Function'],['G16.757']
PMC11892303,Impact of hypotonic hyponatremia on outcomes in patients undergoing transcatheter aortic valve replacement: a national inpatient sample.,['Osmolar Concentration'],['G02.640']
PMC11893039,In vivo simultaneous proton resonance frequency shift thermometry and single reference variable flip angle T(1) measurements.,['Thermometry'],['E05.933']
PMC11896033,Endozoochory by the cooperation between beetles and ants in the holoparasitic plant Cynomorium songaricum in the deserts of Northwest China.,['Seed Dispersal'],['G15.808']
PMC11898284,Tumor-derived exosomes induce neutrophil infiltration and reprogramming to promote T-cell exhaustion in hepatocellular carcinoma.,['Neutrophil Infiltration'],['G12.632']
PMC11899448,One Month of Brief Weekly Magnetic Field Therapy Enhances the Anticancer Potential of Female Human Sera: Randomized Double-Blind Pilot Study.,['Magnetic Field Therapy'],['E02.621']
PMC11907848,Negative pressure pulmonary edema resulting from upper airway obstruction during the post- anesthesia recovery period : a case series and literature review.,['Anesthesia Recovery Period'],['E03.160']
PMC11908424,"Instar determination, development, and sexual dimorphism for Gynaephora menyuanensis (Lepidoptera: Lymantriinae) and ultrastructure of adult antennae .",['Arthropod Antennae'],['A13.093']
PMC11908749,Water-Soluble Curcumin Derivatives Including Aza -Crown Ether Macrocycles as Enhancers of Their Cytotoxic Activity.,['Aza Compounds'],['D02.145']
PMC11911051,The dynamics of cyclic-periodic phenomena during non-rapid and rapid eye movement sleep.,['Cardiovascular Physiological Phenomena'],['G09.330']
PMC1191122,"Cutaneous closure after cardiac operations: a controlled, randomized, prospective comparison of intradermal versus staple closures.",['Wound Closure Techniques'],['E04.987']
PMC1191487,"Cloaca , the most severe degree of imperforate anus: experience with 195 cases.",['Cloaca'],['A13.223']
PMC11915586,One-pot dual protein labeling for simultaneous mechanical and fluorescent readouts in optical tweezers .,['Optical Tweezers'],['E05.650']
PMC11918411,Diagnostic angiography for identification and management of late vascular injuries in war - related traumatic peripheral vascular injuries : A retrospective cohort study.,['War-Related Injuries'],['C26.946']
PMC11918411,Diagnostic angiography for identification and management of late vascular injuries in war-related traumatic peripheral vascular injuries : A retrospective cohort study.,['Vascular System Injuries'],['C26.940']
PMC11919986,"Variable use of modern abdominal wall closure techniques at emergency laparotomy - an international, cross-sectional survey of surgical practice.",['Wound Closure Techniques'],['E04.987']
PMC11924218,Polysaccharides Important Constituents of Ice-Nucleating Particles of Marine Origin.,['Polysaccharides'],['D09.698']
PMC11925797,"Computational tools and data integration to accelerate vaccine development : challenges, opportunities, and future directions.",['Vaccine Development'],['E05.952']
PMC11926001,Bioengineering Approaches to In Vitro Modeling of Genetic and Acquired Cardiac Diseases.,['In Vitro Techniques'],['E05.481']
PMC11936191,Incidence of electrocardiographic and electrolyte changes in acute oleander poisoning in humans: A systematic review and meta-analysis protocol.,['Electrolytes'],['D01.248']
PMC11938332,A Novel Injection Technique to Prevent Exacerbation of Sunken Cheek After Botulinum Toxin Type A Treatment for Masseter Hypertrophy: A Prospective Clinical Study.,['Cheek'],['A14.194']
PMC11942248,Phospholipid-Based Vesicular Systems as Carriers for the Delivery of Active Cosmeceutical Ingredients.,['Cosmeceuticals'],['D26.074']
PMC11943719,Racquet Mammoplasty as an Oncoplastic Technique in the Management of Lateral Quadrant Breast Cancer: A Prospective Controlled Study of Oncologic and Cosmetic Outcomes.,['Cosmetic Techniques'],['E02.218']
PMC11945713,Conserved Cysteines of a Putative Zinc Finger Motif in P48 Are Important for the Nuclear Egress of Nucleocapsids and the Envelopment of Occlusion -Derived Virions.,"['Occlusion Bodies, Viral']",['A21.125']
PMC11950794,Cosmeceuticals in the Pediatric Population Part II: Ethical Dilemmas and Patient Talking Points.,['Cosmeceuticals'],['D26.074']
PMC11950811,Cosmeceuticals in the Pediatric Population Part I: A Review of Risks and Available Evidence.,['Cosmeceuticals'],['D26.074']
PMC11954503,iPSC-derived retinal pigment epithelium: an in vitro platform to reproduce key cellular phenotypes and pathophysiology of retinal degenerative diseases .,['Retinal Diseases'],['C11.768']
PMC11954840,"Low-frequency magnetic field therapy for glioblastoma: Current advances, mechanisms, challenges and future perspectives.",['Magnetic Field Therapy'],['E02.621']
PMC1195932,"PCR for detection of Chlamydia trachomatis in endocervical, urethral, rectal, and pharyngeal swab samples obtained from patients attending an STD clinic.",['Pharyngeal Diseases'],['C07.550']
PMC11959705,Beak dimensions affect feeding performance within a granivorous songbird species.,['Beak'],['A13.114']
PMC11959986,Scleral melting following scleral sutured intraocular lens using a polytetrafluoroethylene (Gore-Tex( )) suture.,['Scleral Diseases'],['C11.790']
PMC11960193,Involvement of an orphan response regulator of the two-component regulatory system in the formation of physiologically mature sporangia in Actinoplanes missouriensis.,['Sporangia'],['A18.560']
PMC1196149,Species and incompatibility determination within the P1par family of plasmid partition elements.,['Species Specificity'],['G16.824']
PMC11963757,Reference-free identification and pangenome analysis of accessory chromosomes in a major fungal plant pathogen.,"['Chromosomes, Fungal']",['A19.311']
PMC11965189,The Impact of T-cell Exhaustion Dynamics on Tumour- Immune Interactions and Tumour Growth.,['Immune System Exhaustion'],['G12.590']
PMC11966404,Nonlinear effects of humidex on risk for asthenopia among adults: a national cross-sectional survey in China.,['Asthenopia'],['C11.093']
PMC11967105,Initiating Prognostic Talk During Hospice Multidisciplinary Team Meetings: A Conversation Analytic Study.,['Prognosis'],['E01.789']
PMC1197189,Low-frequency characteristics of intracellularly recorded receptor potentials in guinea-pig cochlear hair cells.,['Membrane Potentials'],['G04.580']
PMC11975285,DNA /RNA hybrids avoid channel gating that leads to the continued packaging of numerous hybrids into the phi29 protein shell.,['DNA Packaging'],['G05.213']
PMC11976765,The Effects of Metabolic Bariatric Surgery on Intra-pancreatic Fat Deposition and Total Pancreas Volume: a Systematic Review and Meta-analysis.,['Pancreas'],['A03.734']
PMC11977857,Analyzing Social Media Trends in Cosmeceuticals : Insights From Google Trends and TikTok Analytics.,['Cosmeceuticals'],['D26.074']
PMC11978463,Respiration shapes response speed and accuracy with a systematic time lag.,['Respiratory Physiological Phenomena'],['G09.772']
PMC1198024,The preparation and properties of beta-glucuronidase. IV. Inhibition by sugar acids and their lactones.,['Sugar Acids'],['D09.811']
PMC11981354,"The portrayal of injuries to the extremities and their reconstruction in times of conflict (Khartoum, Sudan): a cross-sectional.",['Extremities'],['A01.378']
PMC1199358,The anionic basis of fluid secretion by the rabbit mandibular salivary gland.,['Secretory Rate'],['G03.857']
PMC11996777,Exploring urinary microbiome: insights into neurogenic bladder and improving management of urinary tract infections .,['Urinary Tract Infections'],['C01.915']
PMC11998667,The impact of blood on vector - borne diseases with emphasis on mosquitoes and sand flies.,['Vector Borne Diseases'],['C01.920']
PMC12003863,Influence of tillage methods on transplanter performance with different transplanting mechanisms.,['Transplantation'],['E04.936']
PMC1200778,How effective are simulated molecular-level experiments for teaching diffusion and osmosis ?,['Osmosis'],['G02.691']
PMC12012308,Prodromal Symptoms of Acute Myocardial Infarction in Women: A Systematic Review of Current Evidence.,['Prodromal Symptoms'],['E01.599']
PMC1201348,Liposome reconstitution of a minimal protein-mediated membrane fusion machine.,['Membrane Fusion'],['G04.575']
PMC12018526,"The anatomy and histology of the midgut and Malpighian tubules of Copris felschei Reitter, 1892 (Coleoptera: Scarabaeidae).",['Malpighian Tubules'],['A13.574']
PMC12018982,Polarization-independent regulation of the subcellular localization of Yes-associated protein 1 during preimplantation development.,['Morula'],['A16.615']
PMC12019361,SERTM2: a neuroactive player in the world of micropeptides .,['Micropeptides'],['D12.888']
PMC12022105,High glycosylated serum protein to high density lipoprotein cholesterol ratios are predictive of worse acute on chronic liver failure prognoses .,['Prognosis'],['E01.789']
PMC12023038,Driving Electrochemical Organic Hydrogenations on Metal Catalysts by Tailoring Hydrogen Surface Coverages.,['Hydrogenation'],['G03.409']
PMC12023705,Long-term remission of Hailey-Hailey disease by Er:YAG ablative laser therapy .,['Laser Therapy'],['E02.594']
PMC1203180,Genetic and molecular analysis of the Spm-dependent a-m2 alleles of the maize a locus.,['Elements'],['D01.268']
PMC12034058,Risk Factors and Injury Prevention in the Throwing Athlete.,['Arm Injuries'],['C26.088']
PMC12034848,A Clinical Audit of Surgical Site Infection Surveillance in a Maxillo-Facial and Oral Surgery Unit in an Academic Hospital Complex in South Africa.,['Oral Surgical Procedures'],['E04.545']
PMC12035948,Upper extremity effort during the sit-to-stand task in able-bodied and in individuals with spinal cord injury: A preliminary study.,['Extremities'],['A01.378']
PMC12036864,Modulation of brain immune microenvironment and cellular dynamics in systemic inflammation.,['Cellular Microenvironment'],['G04.366']
PMC12040111,"Is neck and shoulder posture, muscle activity and discomfort influenced by tablet inclination in young adults with and without neck pain?",['Neck'],['A01.598']
PMC12040237,The molecular basis for DNA -binding by competence T4P is distinct in a representative Gram-positive and Gram-negative species.,['DNA Transformation Competence'],['G05.232']
PMC12043719,Ensuring patient safety during cystocopy: risk assessment of device reprocessing through healthcare failure mode and effects analysis.,['Equipment Failure'],['E05.325']
PMC12044896,Integrated transcriptome and metabolome analysis revealed differential drought stress response mechanisms of wheat seedlings with varying drought tolerance.,['Seedlings'],['A18.550']
PMC12048656,"Exploring of spectroscopic, dielectric, and bioactivity performance of bioglass/sodium alginate-PVP loaded-Amoxicillin/Clavulanic Acid microspheres for bone tissue engineering.",['Microspheres'],['E07.565']
PMC12049016,The risk factors affecting effect of extracorporeal shock wave lithotripsy for pancreatic duct stones.,['Lithotripsy'],['E02.600']
PMC1205210,"Characterization of Suppressor of fused, a complete suppressor of the fused segment polarity gene of Drosophila melanogaster.",['Mutagenesis'],['G05.558']
PMC12053906,In vivo evaluation of phage therapy against Klebsiella pneumoniae using the Galleria mellonella model and molecular characterization of a novel Drulisvirus phage species.,['Bacteriophages'],['B04.123']
PMC1205394,TnpA trans-activates methylated maize Suppressor-mutator transposable elements in transgenic tobacco.,['Elements'],['D01.268']
PMC1205408,The genetics of feeding in Caenorhabditis elegans.,['Pharynx'],['A04.623']
PMC12066663,Revealing the mechanisms and therapeutic potential of immune checkpoint proteins across diverse protein families.,['Immune Checkpoint Proteins'],['D23.383']
PMC12068870,Drosophila epidermal cells are intrinsically mechanosensitive and modulate nociceptive behavioral outputs.,['Epidermal Cells'],['A11.409']
PMC12075330,Quantitative analysis of substance removal during tooth preparation for full ceramic restorations using digitally generated preparation designs.,['Tooth Preparation'],['E06.931']
PMC12076931,Metabolic engineering for microbial production of sugar acids .,['Sugar Acids'],['D09.811']
PMC12078296,Analysis of the clinical features of 980 accidental pediatric injuries in the PICU.,['Accidental Injuries'],['C26.040']
PMC12079397,Cytoplasmic inheritance : The transmission of plastid and mitochondrial genomes across cells and generations.,['Inheritance Patterns'],['G05.420']
PMC12082067,Case Report: A new modification of Loma Linda pouch technique.,['Dental Pins'],['E06.292']
PMC12083116,Prevalence of bacterial eye infections and multidrug resistance patterns among eye infection suspected patients in Ethiopia: a systematic review and meta-analysis.,['Eye Infections'],['C01.375']
PMC12089091,Machine learning-based text mining for cutaneous myiasis and potential value of an accidental maggot therapy for complicated skin and soft tissue infection with sepsis.,['Maggot Debridement Therapy'],['E02.611']
PMC12102932,NLRP3 activation induces BBB disruption and neutrophil infiltration via CXCR2 signaling in the mouse brain.,['Neutrophil Infiltration'],['G12.632']
PMC12106659,Characteristic gene expression profile of intestinal mucosa early in life promotes bacterial colonization leading to healthy development of the intestinal environment.,['Germ-Free Life'],['G06.320']
PMC12108131,Undocking of an extensive ciliary network induces proteostasis and cell fate switching resulting in severe primary ciliary dyskinesia.,['Ciliary Motility Disorders'],['C09.150']
PMC12110844,Towards Optical Biopsy in Glioma Surgery.,['Optical Imaging'],['E05.642']
PMC12112979,"Effect of Intensive Face Yoga on Facial Muscles Tonus, Stiffness, and Elasticity in Middle-Aged Women: A Pre-Experimental Clinical Trial.",['Facial Muscles'],['A14.363']
PMC12117796,Biomechanics of different thread designs of dental implants assisting unilateral free end mandibular partial dentures.,['Dental Stress Analysis'],['E06.308']
PMC12120296,Professional baseball pitchers’ patterns of use and results of weighted ball training: a pilot study.,['Arm Injuries'],['C26.088']
PMC12126753,Catalyst-Controlled Site-Selective and Epimer-Selective Hydrogenations of Thiostrepton.,['Hydrogenation'],['G03.409']
PMC12128724,Corrosive Substance Ingestion: When to Perform Endoscopy?,['Corrosion'],['G02.165']
PMC12133180,Examining oxyhydrogen gas generation experimentally using wet cell design.,['Electrolytes'],['D01.248']
PMC12137723,Examining the contributions of radial and lamellar optic flow gain to quiet stance.,['Optic Flow'],['G14.700']
PMC12138139,Psychiatrists should champion the care of those with severe mental illnesses experiencing climate change-related heat stress .,['Heat Stress Disorders'],['C26.522']
PMC12138425,"Effects of particle size and feed form on the performance, egg quality, digestive organs and plumage condition in laying hens.",['Particle Size'],['G02.712']
PMC12140068,Video vs. traditional laryngoscopy for tracheal intubation at birth or in the neonatal unit: A systematic review and meta-analysis.,['Intubation'],['E05.497']
PMC12140648,Circulatory CCL2 distinguishes Duchenne muscular dystrophy dogs.,"['Muscular Dystrophy, Animal']",['C22.595']
PMC12142154,Orofacial functions with emphasis on breathing and chewing patterns in individuals with and without molar incisor hypomineralisation: observational study protocol conducted in a dental clinic in Brazil.,['Stomatognathic System Abnormalities'],['C07.650']
PMC12142487,Effect of mild hypercapnia during the recovery period on the emergence time from total intravenous anesthesia : a randomized controlled trial.,['Anesthesia Recovery Period'],['E03.160']
PMC12144135,Mediational effect analysis of childhood emotional abuse on prodromal psychotic symptoms in self-taught examination students.,['Prodromal Symptoms'],['E01.599']
PMC1214607,New gammaproteobacteria associated with blood-feeding leeches and a broad phylogenetic analysis of leech endosymbionts.,['Leeching'],['E02.596']
PMC12148030,"Optic flow , a rich source of optic information for harbour seals (Phoca vitulina).",['Optic Flow'],['G14.700']
PMC12152066,The influence of Wi-Fi on the mesonephros in the 9-day-old chicken embryo.,['Mesonephros'],['A16.599']
PMC12155907,Study on the Synchronous Removal of Nitrogen and Phosphorus by Autotrophic /Heterotrophic Denitrification in the Presence of Pyrite.,['Autotrophic Processes'],['G03.087']
PMC12155907,Study on the Synchronous Removal of Nitrogen and Phosphorus by Autotrophic/ Heterotrophic Denitrification in the Presence of Pyrite.,['Heterotrophic Processes'],['G03.393']
PMC12156914,The Pheromone Landscape of Apis mellifera: Caste-Determined Chemical Signals and Their Influence on Social Dynamics.,['Pheromones'],['D23.641']
PMC12157345,Failure probability and location identification of damaged insulators using normal function and monitored leakage current.,['Equipment Failure'],['E05.325']
PMC12159456,Surgical smoke-related occupational injuries among medical professionals in the operating room.,['Polycyclic Aromatic Hydrocarbons'],['D04.615']
PMC1216062,A population-genetic test of founder effects and implications for Ashkenazi Jewish diseases.,['Founder Effect'],['G05.285']
PMC12166143,Benefits of Dental Scaling and Polishing in Adults: A Rapid Review and Evidence Synthesis.,['Dental Polishing'],['E06.298']
PMC12168428,Cryotherapy in Knee Osteoarthritis: A Systematic Review With Meta-Analysis.,['Cryotherapy'],['E02.258']
PMC1217065,Characterization of sheep lacrimal -gland peroxidase and its major physiological electron donor.,['Lacrimal Elimination'],['G14.540']
PMC12171593,[Epidemiological investigation of asthenopia and dry eye among visual display terminal workers].,['Asthenopia'],['C11.093']
PMC12172238,Exploring the Confluence of Animal Medicine and its Implications for Human Health: A Systematic Literature Review.,['Veterinary Drugs'],['D26.939']
PMC12173053,"Relationship between comb development, immune regulation, growth hormone, testosterone, and growth traits in Tianfu broilers.",['Comb and Wattles'],['A13.242']
PMC12178526,"Epidural analgesia and rate of cesarean section, maternal and neonatal outcomes: Retrospective study.",['Analgesia'],['E03.091']
PMC12180983,Protocol for long-term ex vivo cultivation and imaging of Drosophila imaginal discs .,['Imaginal Discs'],['A13.518']
PMC12182667,"Relationship between oxygen radical absorbance capacity (ORAC) index, body composition and blood biochemical markers in overweight/obese compared to normal weight subjects: a cross-sectional study.",['Oxygen Radical Absorbance Capacity'],['E05.657']
PMC12192620,"LncRNA-Encoded Micropeptides : Expression Validation, Translational Mechanisms, and Roles in Cellular Metabolism.",['Micropeptides'],['D12.888']
PMC12195947,"Synthesis, Stability, and Biological Evaluation of Novel Aminoderivatives Incorporating the Aza -Acridine Scaffold.",['Aza Compounds'],['D02.145']
PMC12198339,"Absolute oral bioavailability, quantitative toxicokinetics and metabolite profiling of alternariol and alternariol monomethyl ether in pigs.",['Toxicokinetics'],['G03.893']
PMC12205569,Plin2 Coordinates Immune and Metabolic Reprogramming in Lacrimal Gland Aging.,['Lacrimal Elimination'],['G14.540']
PMC12206739,Oral bacterial community dynamics during induction of gingival inflammation.,['Gingivitis'],['C01.408']
PMC12207823,Analysis of comb morphology in Sichuan Mountaineous Black-bone chickens and its correlation with growth performance.,['Comb and Wattles'],['A13.242']
PMC12207923,Neck Muscle Hemorrhage in an Alpine Kid Following Enterotoxemia : a New Necropsy Finding.,['Enterotoxemia'],['C22.313']
PMC12211054,Disrupted host -microbiota crosstalk promotes nonalcoholic fatty liver disease progression by impaired mitophagy.,['Host Microbial Interactions'],['G06.373']
PMC12214482,Questioning the effectiveness of composite Polishing systems by crosschecking profilometer and dental microscope outcomes.,['Dental Polishing'],['E06.298']
PMC12214727,Evolution of mitochondrial RNA editing sites and stop codon-lacking transcripts in angiosperms.,"['RNA Processing, Post-Transcriptional']",['G03.839']
PMC12216610,Follicle architecture and innervation of functionally distinct rat vibrissae .,['Vibrissae'],['A13.950']
PMC1221690,Cyclosporin A reduces canalicular membrane fluidity and regulates transporter function in rats.,['Membrane Fluidity'],['G04.570']
PMC12217165,"Severity and factors associated with pain in patients on mechanical ventilators in Amhara region, North-West Ethiopia: a multi-center prospective observational study.","['Ventilators, Mechanical']",['E07.950']
PMC12221390,Senescence- and Immunity-Related Changes in the Central Nervous System : A Comprehensive Review.,['Central Nervous System'],['A08.186']
PMC12223313,Neutrophil infiltration in peritoneal metastasis affects prognosis in patients with ovarian cancer.,['Neutrophil Infiltration'],['G12.632']
PMC12228727,Corneal safety assessment of germicidal far UV-C radiation.,['Epithelium'],['A10.272']
PMC12232255,Commercial Price Variation in Ophthalmology.,['Ophthalmologic Surgical Procedures'],['E04.540']
PMC12234441,Working together: gut microbe-microbe interactions shape host inflammation.,['Host Microbial Interactions'],['G06.373']
PMC12235300,Analysis of jaw fractures in motorcycle accidents: a systematic review.,['Trauma Severity Indices'],['E05.944']
PMC12239448,Sugar alcohols in plants: implications for enhancing tree seedlings drought tolerance and production strategies.,['Sugar Alcohols'],['D09.853']
PMC12243130,Comparison of oscillometry with lung function parameters between patients with stable bronchial asthma with airflow obstruction and chronic obstructive pulmonary disease.,['Oscillometry'],['E05.654']
PMC12244259,Gingival Temperature Variations in Dogs: Assessing Healthy and Inflamed Gingiva Using Thermal Imaging Before and During Anaesthesia.,['Gingivitis'],['C01.408']
PMC12247034,Mammalian Tolerance to Amino Acid Heterochirality.,['Amino Acids'],['D12.125']
PMC1225425,Conformational transitions of duplex and triplex nucleic acid helices: thermodynamic analysis of effects of salt concentration on stability using preferential interaction coefficients.,['Nucleic Acid Denaturation'],['G05.627']
PMC1225561,Membrane stress increases cation permeability in red cells.,['Cell Membrane Permeability'],['G04.175']
PMC12256200,Development of the zebrafish anterior lateral line system is influenced by underlying cranial neural crest.,['Lateral Line System'],['A13.564']
PMC12256869,A generalized adder for cell size homeostasis: Effects on stochastic clonal proliferation.,['Cell Size'],['G04.325']
PMC12258914,"Cell polarity : cell type-specific regulators, common pathways, and polarized vesicle transport.",['Cell Polarity'],['G04.250']
PMC12261800,Intraneural nodular fasciitis in peripheral nerves: report of two cases and literature review.,['Fasciitis'],['C05.321']
PMC12263251,Avian seed dispersal function is age dependent.,['Seed Dispersal'],['G15.808']
PMC12264306,"Using a polyurea resin-bonded mounted wheel, dental resin composites and porcelain are polished precisely.",['Dental Polishing'],['E06.298']
PMC12266382,Comparing Canada's OncoSim- Breast model with the United States' Cancer Intervention and Surveillance Modeling Network (CISNET) breast cancer models.,['Breast'],['A01.236']
PMC12272093,Evaluating Remimazolam for Procedural Sedation .,['Procedural Sedation'],['E03.250']
PMC12278111,Towards a quantitative theory for transmission X-ray microscopy.,['Nanospheres'],['E07.595']
PMC12280180,Deciphering the mitigating role of silicon on tomato seedlings under lambda cyhalothrin and difenoconazole coexposure.,['Seedlings'],['A18.550']
PMC12283521,The glymphatic system in oncology: from the perspective of a radiation oncologist.,['Glymphatic System'],['A07.521']
PMC12284716,Treating connective tissue disease-associated interstitial lung disease - think outside the box: a perspective.,['Connective Tissue Diseases'],['C17.300']
PMC12287130,The failure pattern for the magnetic sphincter augmentation device : a single-institution case series with literature review.,['Device Removal'],['E04.199']
PMC12287197,Targeted theranostic nanomedicine using targeted CT-imageable particles that release tebentafusp.,['Theranostic Nanomedicine'],['E01.894']
PMC12287797,Prescription of guideline-directed medical therapy in heart failure: impact on mortality and readmission.,['Drug Therapy'],['E02.319']
PMC12288329,A comprehensive review of unlocking the potential of lignin -derived biomaterials: from lignin structure to biomedical application.,['Lignin'],['D20.538']
PMC12288454,"Functional consequences of genetic variations in DgoR, a GntR/FadR family transcriptional repressor of D-galactonate metabolism in Escherichia coli .",['Sugar Acids'],['D09.811']
PMC12290111,Nanozymes expanding the boundaries of biocatalysis .,['Biocatalysis'],['G03.105']
PMC12292046,Expansion of the MutS gene family in plants .,['Viridiplantae'],['B01.875']
PMC12302819,Does Dysregulation Of The Indirect Pathway Contribute To The Pathophysiology Of Catatonia Through Neurotransmitter Imbalance?,['Ganglia'],['A08.340']
PMC123032,Genetic consequences of sequential founder events by an island-colonizing bird.,['Founder Effect'],['G05.285']
PMC12311126,"Direct somatic embryogenesis induction in Aspilia Africana (Pers.) C. D. Adams, and assessment of genetic homogeneity and physiology of regenerants.",['Plant Somatic Embryogenesis Techniques'],['G15.698']
PMC12315226,Pre- and post-diagnosis dietary total antioxidant capacity and overall survival in patients with ovarian cancer: a prospective cohort study.,['Oxygen Radical Absorbance Capacity'],['E05.657']
PMC12315616,Enhancing Esthetics With Digital Dentistry: A 2-Year Follow-Up of 3D-Printed Restorations.,"['Technology, Dental']",['E06.912']
PMC12317504,Postoperative urinary tract infections following flexible ureteroscopy: a prospective cohort study in the West bank of Palestine.,['Urinary Tract Infections'],['C01.915']
PMC12317517,The dosimetric impacts of ct-based deep learning autocontouring algorithm for prostate cancer radiotherapy planning dosimetric accuracy of DirectORGANS.,['Organs at Risk'],['A01.635']
PMC12324818,Environmental exposures and health outcomes in dogs differ according to geographic region in the United States among Dog Aging Project participants.,['Dog Diseases'],['C22.268']
PMC12329054,"PCR-based detection of hereditary mutations in SLC2A9, BTBD17, and NECAP1 among native Korean dog breeds.",['Dog Diseases'],['C22.268']
PMC1233054,"Morphological observations on the mesonephros in the postnatal opossum, Didelphis virginiana.",['Mesonephros'],['A16.599']
PMC12334588,Rare variants and founder effect in the Beauce region of Quebec.,['Founder Effect'],['G05.285']
PMC1234472,Video-assisted thoracic surgery. Current state of the art.,['Video-Assisted Techniques and Procedures'],['E05.956']
PMC12344785,"ADHD drug treatment and risk of suicidal behaviours, substance misuse, accidental injuries , transport accidents, and criminality: emulation of target trials.",['Accidental Injuries'],['C26.040']
PMC12347790,Membrane-Targeting Antivirals.,['Virion'],['A21.249']
PMC12350735,Association and binding nature of sodium dodecyl sulfate with ofloxacin antibiotic drug in potassium-based electrolyte solutions: a conductometric and UV-Visible spectroscopic investigation.,['Electrolytes'],['D01.248']
PMC12358157,The Protective Activity of Apigenin Against Bone and Cartilage Diseases .,['Cartilage Diseases'],['C05.182']
PMC12358767,Potential Drug Dose-Specific Adverse Three- Drug Combinations : A US Insurance Claims Data-Based Study.,['Drug Combinations'],['D26.310']
PMC12361107,[Progress of tympanic administration with its application in the treatment of inner ear disease].,['Ear Diseases'],['C09.218']
PMC12363142,Epidemiology and injury characteristics of children with acute traumatic hand injuries undergoing surgery: a 10-year retrospective cohort study.,['Hand Injuries'],['C26.448']
PMC12369353,DNA replication initiation timing is important for maintaining genome integrity.,['DNA Replication'],['G05.226']
PMC12370868,High-level activity and access to sport following lower limb amputation due to malignant musculoskeletal tumors versus trauma: a prospective comparative study.,"['Amputation, Traumatic']",['C26.062']
PMC12374040,Effectiveness of Exercise-Based Interventions on Molecular Biomarkers in Head and Neck Cancer (HNC) Survivors: A Systematic Review.,['Rehabilitation'],['E02.831']
PMC12374733,Selective Iridium-Catalyzed Reductive Amination Inside Living Cells.,['Amination'],['G03.068']
PMC12378983,Naturally competent bacteria and their genetic parasites-a battle for control over horizontal gene transfer?,['DNA Transformation Competence'],['G05.232']
PMC12379602,The impact of tropodithietic acid on microbial physiology under varying culture complexities.,['Microbial Interactions'],['G06.550']
PMC12387244,The Effect of Collagen Membrane Fixation with Pins on Buccal Bone Regeneration in Immediate Dental Implant Sites: A Preclinical Study in Dogs.,['Dental Pins'],['E06.292']
PMC12395596,Investigation of the stresses on pterygoid and zygomatic implants used in atrophic maxilla rehabilitation by finite element analysis .,['Dental Stress Analysis'],['E06.308']
PMC12395612,Developing community-based surveillance systems for vaccine-preventable diseases : lessons learned from Indonesia.,['Vaccine-Preventable Diseases'],['C01.918']
PMC123986,Distribution of membrane lipids of planktonic Crenarchaeota in the Arabian Sea.,['Crenarchaeota'],['B02.075']
PMC12401872,Intraspecific variation in seed dispersal between annual and perennial populations.,['Seed Dispersal'],['G15.808']
PMC12402535,Household adoption of domestic water filtration for combating waterborne diseases in developing countries.,['Waterborne Diseases'],['C01.936']
PMC12402752,Serum from patients with oral squamous cell carcinoma remodels the tumor immune escape ecological niche by promoting regulatory T-cell differentiation and T-cell exhaustion .,['Immune System Exhaustion'],['G12.590']
PMC12403281,A subgroup analysis of locally advanced nasopharyngeal carcinoma patients with small lymph nodes and large nodes using adaptive radiotherapy.,['Organs at Risk'],['A01.635']
PMC124041,The pepR gene of Lactobacillus sakei is positively regulated by anaerobiosis at the transcriptional level.,['Anaerobiosis'],['G03.078']
PMC12405028,The CYP152-family P450 enzyme CypC of Bacillus subtilis converts non-natural substrates in plasma-driven biocatalysis .,['Biocatalysis'],['G03.105']
PMC12405038,War - related urological trauma in Israel: a retrospective national registry analysis.,['War-Related Injuries'],['C26.946']
PMC12406747,Defining and sparing sexual function-related organs at risk for rectal cancer radiotherapy.,['Organs at Risk'],['A01.635']
PMC12409489,[Effect of 40 Hz pulsed magnetic field on mitochondrial dynamics and heart rate variability in dementia mice].,['Magnetic Field Therapy'],['E02.621']
PMC12409810,Intraocular pressure values in the Iberian Peninsula: epidemiological study and influencing factors.,['Intraocular Pressure'],['G14.440']
PMC12411473,"Spontaneous oronasal ejection of neoplastic and non-neoplastic nodules by 21 dogs, 2000-2024.",['Otorhinolaryngologic Neoplasms'],['C09.647']
PMC12415707,Characteristics of Pediatric Dental Injuries and Predictive Factors for Long Treatment Duration.,['Tooth Injuries'],['C26.900']
PMC12416370,Predictive capacity of trauma indices for hospitalization and intensive care unit admission.,['Trauma Severity Indices'],['E05.944']
PMC12416915,Homogeneous Catalysts for Hydrogenative PHIP Used in Biomedical Applications.,['Hydrogenation'],['G03.409']
PMC12418746,CRISPR-based genetic tools for the study of host -microbe interactions .,['Host Microbial Interactions'],['G06.373']
PMC12419183,Frequency of recurrent injuries in the deciduous dentition and associated factors.,['Tooth Injuries'],['C26.900']
PMC12428335,Structural and Functional Hallmarks of Sindbis Virus Proteins: From Virion Architecture to Pathogenesis.,['Virion'],['A21.249']
PMC12429817,"1,3-Dipolar Cycloaddition of Nitrile Imines and Nitrile Oxides to Exocyclic C=N Bonds-An Approach to Spiro-N-Heterocycles.",['Heterocyclic Oxides'],['D03.661']
PMC12445601,Hybrid lipidic and fluorinated polymer microbubbles for blood-brain barrier opening: a comparative study with SonoVue.,['Microbubbles'],['E07.553']
PMC12446635,Sialic acid identity modulates host tropism of sialoglycan-binding viridans group streptococci.,['Host Tropism'],['G07.443']
PMC12451048,Neurostructural Differences Associated With Prodromal Mania Symptoms in Children.,['Prodromal Symptoms'],['E01.599']
PMC12451832,Nonglycemic and Glycemic Risk Factors for Painful Neuropathic Symptoms and for Distal Symmetrical Polyneuropathy (DSPN) in the Diabetes Prevention Program/Diabetes Prevention Program Outcomes Study.,['Signs and Symptoms'],['C23.888']
PMC12455441,Metabolic Engineering of the 5-Aminolevulinate Biosynthetic Pathway in E. coli Improves Efficiency of Hemoprotein-Based Biocatalysis .,['Biocatalysis'],['G03.105']
PMC12457826,A causal inference method for athletic injuries based on quantile threshold functions and latent Gaussian DAG models.,['Athletic Injuries'],['C26.115']
PMC12462629,Patterns of war related trauma in Gaza during armed conflict: survey study of international healthcare workers.,['War-Related Injuries'],['C26.946']
PMC12470041,Prevalence of Foot Diseases and Injuries and Their Associations with Demographic and Health-Related Factors Among Umrah Pilgrims in 2024 G (1445 H).,['Foot Diseases'],['C05.360']
PMC12474538,Do ultrasonic instrumentation and air polishing procedures adversely affect dental restorations?,['Dental Polishing'],['E06.298']
PMC12478857,The Role of Counterions in the Assembly of Charged Virus - Like Shells.,['Artificial Virus-Like Particles'],['A21.063']
PMC12484917,Effect of unilateral arytenoid lateralisation on the rima glottidis volume in cats: a cadaveric study.,['Larynx'],['A04.329']
PMC12488922,PARP7 is a proteotoxic stress sensor that labels proteins for degradation.,['Proteotoxic Stress'],['G03.818']
PMC12489178,An Unexpected Facet of Extremophiles : Their Aesthetic Potential in Artistic Expression.,['Extremophiles'],['B05.256']
PMC12489919,"Nutrition disorders and related conditions-Prevalence, overlap and relation to one year survival in geriatric patients.",['Nutrition Disorders'],['C18.654']
PMC1249364,Calcium dependency of the inhibitory effect of antidiuretic hormone on in vitro renin secretion in rats.,['Secretory Rate'],['G03.857']
PMC12494724,Glutamine modulates cellular size by regulating Wee1 expression.,['Cell Size'],['G04.325']
PMC12495583,Serum hsa-miR-21 expression and its clinical value in pediatric patients with fulminant myocarditis.,['Prognosis'],['E01.789']
PMC12495875,"Plastic surgery interventions for war - related injuries : a review of 300 cases from Sudan, a cohort study.",['War-Related Injuries'],['C26.946']
PMC12497891,Wearable and noninvasive monitoring of fluid shifts : A pilot study assessing a novel bioimpedance sensor during lower body negative pressure.,['Fluid Shifts'],['G07.313']
PMC12498010,Organic Psychosis due to Lung Cancer Metastasis Accompanied by Severe Psychiatric Symptoms Treated With Blonanserin Transdermal Patch : A Case Report and Literature Review.,['Transdermal Patch'],['E07.935']
PMC12499907,Contemporary issues in pediatric prehospital airway management .,['Airway Management'],['E02.041']
PMC12502798,Impact of Fixation Pins and Metal Sleeves on the Precision of Guided Endodontics: An Analysis Using Extracted Teeth.,['Dental Pins'],['E06.292']
PMC12504341,Missed transplanting rate evaluation method for tobacco seedling transplanter based on UAV imagery and improved YOLOv5s.,['Transplantation'],['E04.936']
PMC12505033,Clothing and individual equipment for the female soldier: developing a framework to improve the evidence base which informs future design and evaluation.,['Equipment Design'],['E05.320']
PMC12506393,Identification and evolution of the plant sulfotransferase family.,['Viridiplantae'],['B01.875']
PMC1250684,The effect of vasopressin on solute and water excretion during and after surgical operations.,['Osmolar Concentration'],['G02.640']
PMC1250881,Septic complications of corticosteroid administration after central nervous system trauma .,"['Trauma, Nervous System', 'Trauma, Nervous System']","['C10.900', 'C26.915']"
PMC1251342,A self-sealing dialysis prosthesis. Coaxial double PTFE-silicone graft.,['Punctures'],['E02.800']
PMC12515123,"Lytic properties and genomic analysis of bacteriophage Brt_Psa3, targeting Pseudomonas syringae pv. actinidiae.",['Bacteriophages'],['B04.123']
PMC12518841,Wearable disposable electrotherapy.,['Disposable Equipment'],['E07.252']
PMC12522282,Validation of sleep - wake estimation from thigh-worn accelerometers against polysomnography in adolescents with and without mental disorders .,['Sleep Wake Disorders'],['C10.886']
PMC12522781,Quality analysis of albendazole formulations available in veterinary pharmacies of Nepal.,['Bulk Drugs'],['D26.025']
PMC12533178,Analysis of unconventional optical standing wave patterns outside a metal-substrate supported dielectric microsphere .,['Microspheres'],['E07.565']
PMC12533734,Association of Body Mass Index and Metabolic Health Status With Cerebrovascular Diseases in 617 755 Chinese Older People.,['Metabolic Diseases'],['C18.452']
PMC12536793,Aza -peptide aldehydes and ketones: synthesis and evaluation as human 20S proteasome inhibitors.,['Aza Compounds'],['D02.145']
PMC12538198,"In Vitro Assessment of Tooth Reduction in Incisors, Canines, and Bicuspids Using Horizontal (Chamfer) and Vertical (BOPT and BOPTm) Finishing Lines.",['Tooth Preparation'],['E06.931']
PMC12541429,EFCAB10 anchors AK8 to the radial spoke for proper ciliary motility .,['Ciliary Motility Disorders'],['C09.150']
PMC12541797,Saving explorers and healing Amazonians: a history of the Tabloid medicine chest used in Hamilton Rice's 1919-1920 Amazon expedition.,['Medicine Chests'],['E07.546']
PMC12542696,Viral infection to the raphidophycean alga Heterosigma akashiwo affects both intracellular organic matter composition and dynamics of a coastal prokaryotic community.,['Prokaryotic Cells'],['A11.760']
PMC12547251,Oral-Systemic Health Burden and Dry Mouth as an Intermediary Factor: A Cross-Sectional Study in Singapore Nursing Homes.,['Mouth Diseases'],['C07.465']
PMC12549744,Population dynamics of ammonium oxidizing and heterotrophic bacteria in a nitrifying consortium fed with ammonium and benzotriazole.,['Heterotrophic Processes'],['G03.393']
PMC1255303,In vitro exposure of bovine morulae to Ureaplasma diversum.,['Morula'],['A16.615']
PMC12553987,Surprises From the Basal Ganglia : Stop and Go Have New Meaning.,['Ganglia'],['A08.340']
PMC12563357,ROGDI -Related Disorder Resulting from Disruption of Complex Interactive Neuro-Dental Developmental Networks: A Review and Description of the First Missense Variant.,['Stomatognathic System Abnormalities'],['C07.650']
PMC1256436,Characteristics of submucosal lymphoid tissue located in the proximal colon of the rat.,['Lymphoid Tissue'],['A10.549']
PMC12568791,Exploration of the causal association between osteoarthritis and ankle- foot diseases : evidence from the Mendelian randomization and colocalization analysis.,['Foot Diseases'],['C05.360']
PMC12580124,A survey of regulatory recommendations for waivers of in vivo bioequivalence studies of generic products for certain dosage forms by participating regulators and organisations of the International Pharmaceutical Regulators Programme. Part 2.,['Dosage Forms'],['D26.255']
PMC12584334,Ultrasonic osteotome versus high-speed burr in channel-assisted cervical key hole technology: a clinical retrospective study.,['Ultrasonic Surgical Procedures'],['E04.943']
PMC12599922,Nuclear phase-out: Can we catch up on CO2 emissions?,['Nuclear Energy'],['G01.536']
PMC12606260,Heterogeneous constraint and adaptation across the malaria parasite life cycle .,['Life Cycle Stages'],['B05.500']
PMC12606393,Occupational Asthma to UV-Hardened Acrylate-Based Car Paint.,"['Asthma, Occupational']",['C24.102']
PMC12609988,Impaired Peripheral Blood Mononuclear Cell (PBMC) Mitochondrial Respiration Is Associated with Mortality and Long COVID Syndrome Severity in COVID-19 Patients.,['Cell Respiration'],['G04.270']
PMC12612135,Research on the stability analysis and safety evaluation method of the surrounding rock of the cross-fault hydraulic tunnel.,['Elements'],['D01.268']
PMC12613801,Free Nitrous Acid-Guided Microbial Restructuring Enables Selective Enrichment of Candidatus Nitrosoglobus in Acidic Partial Nitritation Process.,['Nitrites'],['D02.633']
PMC12614181,"Metagenomics of the MAST-3 stramenopile , Incisomonas, and its associated microbiome reveals unexpected metabolic attributes and extensive nutrient dependencies.",['Stramenopiles'],['B01.750']
PMC12617309,Fatal Asphyxia in the Head-down Position: An Uncommon Case of Accidental Work-related Death.,['Asphyxia'],['C26.103']
PMC12622677,Development and validation of a predictive model for emergence agitation after general anesthesia in total knee arthroplasty patients.,['Anesthesia Recovery Period'],['E03.160']
PMC12622747,Ear and mastoid process-related hospital admissions in England and Wales: A descriptive ecological study.,['Ear Diseases'],['C09.218']
PMC12622769,Prognostic Impact of Cardiovascular Injuries for Patients with Respiratory Isolated Chest Trauma.,['Vascular System Injuries'],['C26.940']
PMC12623876,The role of extremophile microbiomes in terraforming Mars.,['Extremophiles'],['B05.256']
PMC12627197,Classification systems for assessing acute muscle injuries : a retrospective comparison of inter-reader agreements.,['Leg Injuries'],['C26.558']
PMC12628112,Jaw and head movement adjustments during jaw function-Comparisons between and within 13-year-olds and adults.,['Jaw'],['A14.521']
PMC12632221,Diagnostic equipment and point-of-care tests in Norwegian emergency primary healthcare clinics: a cross-sectional study.,['Diagnostic Equipment'],['E07.230']
PMC12635346,"Effect of 3D printing technology , build orientation, and shell thickness on the accuracy of full-arch dental models for fixed dental prostheses: an in vitro study.","['Technology, Dental']",['E06.912']
PMC12639411,Growth and Developmental Processes Alternate During Larval Development of Atlantic Herring.,['Growth and Development'],['G07.345']
PMC12645143,Functional and Clinical Relevance of the Crosstalk between the Glymphatic System and the Lymphatic System .,['Glymphatic System'],['A07.521']
PMC12645674,Treatment strategies and prognosis of complete left bundle branch block after transcatheter closure of ventricular septal defect in pediatrics.,['Device Removal'],['E04.199']
PMC12647422,The contrasting effects of two antimalarial drugs on insulin secretion .,"['Insulin Secretion', 'Insulin Secretion']","['G03.442', 'G07.475']"
PMC12649023,Negative pressure wound therapy for combat- related extremity vascular injuries : clinical experience from the war in Ukraine.,['War-Related Injuries'],['C26.946']
PMC12649029,Micropeptides in the oncological dark matter: decoding their roles in tumor progression and therapy resistance.,['Micropeptides'],['D12.888']
PMC12657091,Novel Haloalkaliphilic Nitrile -Degrading Bacteria From Soda Lake Soil of Rift Valley Kenya.,['Nitriles'],['D02.626']
PMC1265922,Use of random and saturation mutageneses to improve the properties of Thermus aquaticus amylomaltase for efficient production of cycloamyloses.,['Mutagenesis'],['G05.558']
PMC1266021,Development of an F57 sequence-based real-time PCR assay for detection of Mycobacterium avium subsp. paratuberculosis in milk.,['Paratuberculosis'],['C22.688']
PMC12661100,Preclinical Evaluation of a New Surgical Hybrid Energy Device Compared to the Conventional Energy Device.,['Ultrasonic Surgical Procedures'],['E04.943']
PMC12661127,Robotic Heller Myotomy for Achalasia: A Narrative Review of the State-of-the-Art Technique and Its Future Directions.,['Myotomy'],['E04.515']
PMC1266206,The use of infrared thermometry for the detection of fever.,['Thermometry'],['E05.933']
PMC12663454,TOR and heat shock response pathways regulate peroxisome biogenesis during proteotoxic stress .,['Proteotoxic Stress'],['G03.818']
PMC12666849,Reconstructing the Origin and Demographic Expansion of the TP53 p.R337H Founder Variant in Brazil.,['Founder Effect'],['G05.285']
PMC12668398,"Photoinduced, Copper-Catalyzed Enantioconvergent Azidation of Alkyl Halides.",['Azides'],['D02.159']
PMC12668803,Procedural sedation and analgesia versus general anesthesia for hysteroscopic myomectomy: A cost-effectiveness analysis alongside a randomized controlled trial.,['Procedural Sedation'],['E03.250']
PMC12669896,"Micra leadless pacemaker revisions: incidence, characteristics, and outcomes from a multicentre French cohort.",['Device Removal'],['E04.199']
PMC12670408,Backbone Alterations in Cyclic Peptides Influence Both Membrane Permeability and Biological Activity.,['Cell Membrane Permeability'],['G04.175']
PMC12675978,Integrating Load-Cell Lysimetry and Machine Learning for Prediction of Daily Plant Transpiration .,['Plant Transpiration'],['G15.713']
PMC12680269,"""A good socket fit can make you or break you"": A multimethod study to explore the perceptions and experiences of socket fitting among people with lower-limb loss in Australia.",['Prosthesis Fitting'],['E02.794']
PMC12681815,Identification of molecular markers associated with comb traits through genome-wide association study on a specialized strain of yellow feathered broilers.,['Comb and Wattles'],['A13.242']
PMC12683752,Nanomaterial-mediated multidimensional regulation of the bone microenvironment: a precise therapeutic strategy for bone metabolic imbalance.,['Bone Diseases'],['C05.116']
PMC12684000,A Review of the Changing Global Impact of Arthropod-Borne Virus Diseases and Recent Initiatives from the World Health Organization.,['Arboviruses'],['B04.080']
PMC12685568,Unraveling the intricacies of host-pathogen interaction through single-cell genomics.,['Host-Pathogen Interactions'],['G06.462']
PMC12686147,Tumour Cell Size Control and Its Impact on Tumour Cell Function.,['Cell Size'],['G04.325']
PMC12687571,A Broadly Applicable Strategy to Aminate Azines Enabled by Electronically Tuned Phosphine Reagents.,['Amination'],['G03.068']
PMC12689109,Comprehensive evaluation of current strategies in achalasia treatment: Insights from an umbrella review.,['Myotomy'],['E04.515']
PMC12691653,Two glycoside hydrolases decompose the sporangium matrix to release spores during sporangium dehiscence in Actinoplanes missouriensis .,['Sporangia'],['A18.560']
PMC12693581,The role of toxin/antidote genes in the maintenance and evolution of accessory chromosomes in Fusarium.,"['Chromosomes, Fungal']",['A19.311']
PMC12696950,Propagation of monocyte exhaustion memory and underlying mechanisms.,['Immune System Exhaustion'],['G12.590']
PMC126984,Combination therapy with indolylquinoline derivative and sodium antimony gluconate cures established visceral leishmaniasis in hamsters.,['Antimony Sodium Gluconate'],['D02.125']
PMC12698948,Syndrome of Inappropriate Secretion of Antidiuretic Hormone in a Dog With Meningoencephalitis of Unknown Etiology.,['Dog Diseases'],['C22.268']
PMC12709810,Amino acids metabolism: a potential target for cancer treatment.,['Amino Acids'],['D12.125']
PMC12713564,"Performance Analysis of Clinical Chemistry Laboratory Using Sigma Metrics in the Total Testing Process at Dessie Comprehensive Specialized Hospital, Ethiopia.",['Clinical Laboratory Techniques'],['E05.200']
PMC12715957,Determinants of Birth Asphyxia Among Neonates in Selected Hospitals of Ethiopia: A Multi-site Unmatched Case-Control Study.,['Asphyxia'],['C26.103']
PMC12717513,Gas-Phase Integration of Trophically Distinct Microbial Cultures for Net-Reduced CO 2 and Enhanced Metabolite Production.,"['Autotrophic Processes', 'Heterotrophic Processes']","['G03.087', 'G03.393']"
PMC12719611,Descriptive Epidemiology of Klebsiella spp. Urinary Tract Infections in Central Africa.,['Urinary Tract Infections'],['C01.915']
PMC12733332,"The Influence of Hydrazo and Azo Bonds on the Conformation of New 4-Methyl-3,5-dinitro-2-(2-phenylhydrazinyl)pyridine and Its Azo Derivative-Structural Properties, Vibrational Spectra and Quantum Chemical DFT Calculations.",['Azo Compounds'],['D02.172']
PMC1274291,Genomic variability within an organism exposes its cell lineage tree.,['Cell Lineage'],['G04.172']
PMC12747624,The Development of the Human Female Reproductive Tract. Part 1: Uterine Tube and Uterus.,['Mullerian Ducts'],['A16.623']
PMC12747636,Digital Workflows in Prosthodontics .,['Prosthodontics'],['E06.780']
PMC12749376,Pharmacovigilance analysis of vision disorders relating to brimonidine treatment and mechanism study using network toxicology and molecular docking.,['Vision Disorders'],['C11.966']
PMC12750012,"Effect of ice stunning versus electronarcosis on European sea bass (Dicentrarchus labrax) muscle structure, ultrastructure and quality traits.",['Electronarcosis'],['E03.340']
PMC12752917,Outbreaks and incidence of vector - borne diseases in Colombia (2007-2024): Impact of climate change and deforestation.,['Vector Borne Diseases'],['C01.920']
PMC12755703,A disposable envelope for video-assisted intubating stylet during tracheal intubation in COVID-19 pandemic.,['Video-Assisted Techniques and Procedures'],['E05.956']
PMC12757348,Systemic immune classification related to immune exhaustion evaluates the clinical response of patients with HBV-HCC after transarterial chemoembolization.,['Immune System Exhaustion'],['G12.590']
PMC12765224,Investigation of the Difference in Growth-Promoting Factor Secretion Between Canine and Rabbit Corneal Epithelial Cells .,['Epithelial Cells'],['A11.436']
PMC12769604,Multi-omics profiling reveals that Scissor(+) epithelial cells regulate intrahepatic metastasis of HCC via remodeling the metastatic microenvironment.,['Epithelial Cells'],['A11.436']
PMC1277119,"Biokinetics and subchronic toxic effects of oral arsenite, arsenate , monomethylarsonic acid, and dimethylarsinic acid in v-Ha-ras transgenic (Tg.AC) mice.",['Arsenicals'],['D02.129']
PMC127835,Mucosal or parenteral administration of microsphere -associated Bacillus anthracis protective antigen protects against anthrax infection in mice.,['Microspheres'],['E07.565']
PMC12785204,cAMP-PKA/EPAC signaling pathways: crucial regulators of lipid homeostasis .,['Homeostasis'],['G07.410']
PMC12785717,Modulation of Cardiometabolic Risk by Vitamin D and K2: Simple Supplementation or Real Drug? Uncovering the Pharmacological Properties.,['Pharmacologic Actions'],['D27.505']
PMC12788333,Computed Tomographic Features of Benign and Malignant External Ear Canal Neoplasms in 39 Dogs.,['Otorhinolaryngologic Neoplasms'],['C09.647']
PMC1279366,Electrolyte and protein secretion by the perfused rabbit mandibular gland stimulated with acetylcholine or catecholamines.,['Secretory Rate'],['G03.857']
PMC12794375,Proteostasis of immune checkpoint receptors.,['Immune Checkpoint Proteins'],['D23.383']
PMC12794961,Unraveling the genetic association between obesity-related anthropometric indices and foot deformities in the European population: A two-sample Mendelian randomization study.,['Foot Deformities'],['C05.330']
PMC12795464,ShapeSpaceExplorer: Analysis of morphological transitions in migrating cells using similarity-based shape space mapping.,['Cell Shape'],['G04.320']
PMC12801049,Respiratory oscillometry in monitoring lung transplant allograft function: a systematic scoping review.,['Oscillometry'],['E05.654']
PMC12804340,Mechanical unloading coupled with coronary reperfusion stimulates cardiomyocyte proliferation and prevents unloading-induced fibrosis after myocardial infarction.,['Heart'],['A07.541']
PMC1280530,Selective detection of the rotational dynamics of the protein-associated lipid hydrocarbon chains in sarcoplasmic reticulum membranes.,['Motion'],['G01.482']
PMC12805757,Zirconia vs. titanium dental implants in maxillofacial trauma: a preliminary comparative biomechanical analysis in the maxilla using the finite element method.,['Dental Stress Analysis'],['E06.308']
PMC12806545,Quality and Readability of Patient Educational Materials Generated by ChatGPT-4o for Pediatric Ophthalmologic Surgeries.,['Ophthalmologic Surgical Procedures'],['E04.540']
PMC12810944,Environmental exposure to air pollution and climate: Intersecting the impact on ear and nose health and chemosensory function (Review).,"['Ear Diseases', 'Nose Diseases']","['C09.218', 'C09.603']"
PMC12814256,[Study of the risk factors for recurrence of early and late stage hepatocellular carcinoma after hepatic artery embolization combined with radiofrequency ablation therapy ].,['Radiofrequency Therapy'],['E02.808']
PMC12816850,Protocol for generating protoplasts from the leafcutter ant symbiotic fungus Leucoagaricus gongylophorus.,['Protoplasts'],['A11.789']
PMC12818911,Frog-killing chytrid fungus deploys different strategies to regulate intracellular pressure in developmental states that have or lack a cell wall.,['Sporangia'],['A18.560']
PMC12821964,Reprogramming heart failure: physiological orchestration and mechanistic decoding of exercise benefits.,['Cardiovascular Physiological Phenomena'],['G09.330']
PMC12822123,"Composite shock indices with age, GCS, and SpO2 for trauma triage outcomes: a retrospective cohort study.",['Trauma Severity Indices'],['E05.944']
PMC12825405,Legacies of consecutive summer droughts on soil-borne plant parasitic protists (Oomycota: Stramenopila and Phytomyxea: Rhizaria ) and protistan consumers (Cercozoa: Rhizaria ) along an experimental plant diversity gradient.,['Rhizaria'],['B01.680']
PMC1282725,Discrimination between different entry mechanisms for neutral amino acids in rabbit ileal mucosa.,['Amino Acids'],['D12.125']
PMC12827836,First Annual Report for Robot-Assisted Surgery Based on the National Clinical Database 2019 in Japan: Report on Three Major Gastrointestinal Fields.,['Digestive System Surgical Procedures'],['E04.210']
PMC12830728,Towards sustainable pharmaceutical QC: micellar-UPLC strategy for concomitant analysis of a cardiovascular polypill with aniline and salicylic acid impurities.,['Bulk Drugs'],['D26.025']
PMC12833208,The indirect effects of smartphone addiction on accidental injuries : a cross-sectional study among medical college students.,['Accidental Injuries'],['C26.040']
PMC12835190,Survey of normalized CTDI(vol) values across four major computed tomography vendors for use in the MIRDct software.,"['Tomography Scanners, X-Ray Computed']",['E07.913']
PMC1283699,In vitro measurement of rate of fluid secretion in rat isolated seminiferous tubules: effects of metabolic inhibitors and ions.,['Secretory Rate'],['G03.857']
PMC12838452,Pediatric procedural sedation and analgesia in the emergency setting in community hospitals in Italy: current status and challenges.,['Procedural Sedation'],['E03.250']
PMC12848053,Characteristics of self-reported asthenopia in a large-scale crowdsourced study using the smartphone application DryEyeRhythm.,['Asthenopia'],['C11.093']
PMC12849477,Cell density and single-cell heterogeneity reveal distinct competence induction dynamics in the high-GC Gram-positive Micrococcus luteus.,['DNA Transformation Competence'],['G05.232']
PMC12852162,Elucidating the roles of essential genes in autotrophic metabolism and cell morphology of Clostridium ljungdahlii by CRISPRi.,['Autotrophic Processes'],['G03.087']
PMC12852716,A stability-indicating RP-HPLC method for the simultaneous quantification of brimonidine tartrate and timolol maleate in bulk drug substances and pharmaceutical dosage forms.,['Bulk Drugs'],['D26.025']
PMC12852979,Contrast-Enhanced Computed Tomography for Structural and Functional Evaluation of Ligament Microdamage.,['Ligaments'],['A02.513']
PMC12856063,How Host Phylogeny and Diet Shape the Specificity and Specificity Diversity of Animal Gut Microbiomes.,['Species Specificity'],['G16.824']
PMC12859897,Assessment of artificial intelligence chatbots in responding to dental occlusion questions: a comparative study.,['Dental Occlusion'],['E06.276']
PMC12868053,"Human simulation model for predicting body temperature, blood pressure, and blood flow rate under various thermal exposures - Part 1: development of physical model for average Japanese male in their 20s.",['Cardiovascular Physiological Phenomena'],['G09.330']
PMC12868652,The effects of different neck training methods on the neck function of aviation cadets.,['Neck'],['A01.598']
PMC12870196,The surgical planes and anatomic landmarks in endoscopic thyroidectomy-a clinical anatomic research of 83 cases.,['Anatomic Landmarks'],['A01.111']
PMC12871999,"A Spinster-like Transporter at the Inner Membrane Complex is critical for Toxoplasma gondii cytokinesis, motility and invasion.",['Alveolata'],['B01.043']
PMC12872721,Immortalising cadaveric brain dissection using application photogrammetry.,['Dissection'],['E04.221']
PMC12874693,Traumatic knee dislocations: a national database analysis.,['Vascular System Injuries'],['C26.940']
PMC12876488,A case report of spontaneous remission and relapse in minimal change disease: a heterogeneous disease entity.,"['Remission, Spontaneous']",['G16.767']
PMC12876637,"Retrospective observational assessment of the safety, performance, and utility of an antimicrobial/antithrombogenic peripherally inserted central catheter in pediatric patients.",['Device Removal'],['E04.199']
PMC1287707,"Distribution, localization, and phylogeny of abundant populations of Crenarchaeota in anaerobic granular sludge.",['Crenarchaeota'],['B02.075']
PMC128792,Effect of prolonged fluconazole treatment on Candida albicans in diffusion chambers implanted into mice.,"['Diffusion Chambers, Culture']",['E07.241']
PMC12879892,Pharyngeal Residue and Aspiration and the Relationship with Clinical/Nutritional Status of Patients with Oropharyngeal Dysphagia Submitted to Videofluoroscopy.,['Pharyngeal Diseases'],['C07.550']
PMC12896119,Nodular conjunctivitis as a novel ocular manifestation of canine sterile granuloma/pyogranuloma syndrome.,['Conjunctival Diseases'],['C11.187']
PMC12900290,Assessment of Beauveria bassiana as an endophyte of maize and its effects on plant growth.,['Endophytes'],['B05.237']
PMC12903447,Predicting host tropism in influenza a viruses: insights from multi-segment nucleotide signatures.,['Host Tropism'],['G07.443']
PMC12906791,Strategies for controlled assembly of rod-shaped viral particles .,['Artificial Virus-Like Particles'],['A21.063']
PMC12907296,Lipid metabolism in homeostasis and disease.,['Lipid Metabolism'],['G03.458']
PMC12908066,Transcriptional responses to proteotoxic stressors are profoundly diverse and tissue-specific.,['Proteotoxic Stress'],['G03.818']
PMC12911880,Autographa californica multiple nucleopolyhedrovirus e18 is essential for the formation of normal intranuclear membrane microvesicles and intranuclear envelopment and nuclear egress of nucleocapsids.,"['Occlusion Bodies, Viral']",['A21.125']
PMC12917406,"Molecular characterization of two Myxidium species (Cnidaria: Bivalvulida: Myxidiidae) infecting barbs in the Sea of Galilee, Israel.","['Parasitic Diseases, Animal']",['C22.674']
PMC12928770,"Craniofacial Injuries Associated With ""Mommy Bike"" Child Seats in Japan.",['Tooth Injuries'],['C26.900']
PMC1293007,Detection of laryngeal cancer--the case for early specialist assessment.,['Larynx'],['A04.329']
PMC12930491,Synthesis of Plant-Inspired O -Acetylated Hemicellulose Structures in the Yeast Yarrowia lipolytica .,['Polysaccharides'],['D09.698']
PMC12930898,Phylogenomic tree of Cercozoa based on single-cell transcriptomes from 100 uncultured cells.,['Rhizaria'],['B01.680']
PMC12945843,"Assessing the Impact of Mesoporous, Co-Amorphous, and Polymer-Based Systems on Cefdinir's Dissolution and Stability Via Predictive Modeling.",['Bulk Drugs'],['D26.025']
PMC12947747,Mixed-Methods Analysis of Provider-Documented and Patient-Reported Urinary Tract Infection Symptoms Among Veterans With Neurogenic Bladder.,['Signs and Symptoms'],['C23.888']
PMC12948885,Elevated prodromal psychotic symptoms lead to impaired social functioning via loneliness: A longitudinal mediation study.,['Prodromal Symptoms'],['E01.599']
PMC12949699,Comparison of orthopaedic specialty registrar training opportunities in trusts with and without an elective surgical hub: a review of administrative data.,['Elective Surgical Procedures'],['E04.249']
PMC12954668,Quantum Rate Dynamics for Coherent Electron Transport at Material/ Electrolyte Interfaces.,['Electrolytes'],['D01.248']
PMC12955261,"Ageing, multimorbidity and polypharmacy shape prosthodontic case-mix in undergraduate clinics: a 9-year retrospective cohort study of 1,205 patients in Germany.",['Prosthodontics'],['E06.780']
PMC12957841,Targeting post-translational modifications: novel insights into bone metabolic diseases .,['Bone Diseases'],['C05.116']
PMC12959730,Clinical Evaluation of a Disposable Test Strip for Potassium Level Measurement in Patients Treated with Maintenance Hemodialysis.,['Disposable Equipment'],['E07.252']
PMC12963038,Vaccine Candidates Designed to Prevent Enterotoxigenic Escherichia coli Diarrhoea: A Scoping Review of Clinical Trials Evaluating Vaccine Candidates in Development .,['Vaccine Development'],['E05.952']
PMC12964491,"Recombinant Amelogenin as a Potential Alternative to Enamel Matrix Derivatives in Periodontal Regeneration : A Scoping Review of Its Biological Activity, Synthesis and Delivery Systems.",['Regeneration'],['G16.762']
PMC12967805,3D Printing Techniques for Dental Prosthetic Models: A Narrative Review and Contemporary Perspectives.,['Dental High-Speed Technique'],['E06.216']
PMC12968512,"Registered Nurses' Knowledge, Attitudes, and Practices Toward Climate-Sensitive Vector - Borne Diseases : Findings From a Cross-Sectional Survey.",['Vector Borne Diseases'],['C01.920']
PMC12975837,Cosmetic outcomes of oncoplastic surgeries in breast cancer patients: an eleven-year experience from two tertiary referral centers.,['Cosmetic Techniques'],['E02.218']
PMC12977032,Enhanced Antioxidant Capacity of Miscanthus-Derived Lignins via Organosolv Process Variation and Autohydrolysis.,['Lignin'],['D20.538']
PMC12979242,Biomolecular Changes Upon Ablative Laser Therapy of the Skin: A Scoping Review.,['Laser Therapy'],['E02.594']
PMC12982763,SEM morphological analysis of the deformation on disposable scalpels used in dentistry.,['Oral Surgical Procedures'],['E04.545']
PMC12984643,Molecular Insights into Leech -Derived Bioactive Compounds: Biochemical Mechanisms and Therapeutic Potential.,['Leeching'],['E02.596']
PMC12986703,Neurocosmetics or Hype? Psychobiotic Potential of Strain-Specific Cosmeceuticals .,['Cosmeceuticals'],['D26.074']
PMC12986840,"The Heart 's Electromagnetic Field in Emotions, Empathy and Human Connection: Biosensor-Derived Insights into Heart -Brain Axis Mechanisms and a Basis for Novel BioMagnetoTherapies.",['Heart'],['A07.541']
PMC12987045,"Fear, Feeding, and the Gut: Nutrition Support Considerations in Adults with ARFID and Gastrointestinal Symptoms.",['Nutrition Disorders'],['C18.654']
PMC12996312,The crucial but insufficient role of E2s domain's residues 490 and 492 in determining the host tropism of hepatitis E virus.,['Host Tropism'],['G07.443']
PMC12997568,Comparison between objective and subjective postoperative intraocular pressure immediately after cataract surgery.,['Intraocular Pressure'],['G14.440']
PMC12999930,"Lipid metabolism , viral infection, and antiviral immunity: a new host-pathogen interface.",['Lipid Metabolism'],['G03.458']
PMC13001063,"Integrating biocatalysis with continuous flow: current status, challenges, and future perspectives.",['Biocatalysis'],['G03.105']
PMC13009257,Eco-friendly spectrophotometric approach for the determination of anti-diabetic drugs in fixed-dose formulation together with metformin's toxic impurity: comprehensive method assessment.,['Bulk Drugs'],['D26.025']
PMC13009798,Association between urinary polycyclic aromatic hydrocarbon metabolites and sleep disturbances: A cross-sectional study integrating machine learning and network toxicology.,['Polycyclic Aromatic Hydrocarbons'],['D04.615']
PMC1301354,Electrical-to- mechanical coupling in purple membranes: membrane as electrostrictive medium.,['Mechanical Phenomena'],['G01.374']
PMC13014882,Management strategies for iatrogenic urogenital vascular injuries: surgical and endovascular interventions.,['Urogenital Surgical Procedures'],['E04.950']
PMC13016076,Isolated Distal Radius Fracture Reductions in Adult Emergency Department Patients in a Large Healthcare System.,['Procedural Sedation'],['E03.250']
PMC13016618,In situ measurements of dissolved gases in xylem sap as tracers in plant physiology.,['Gases'],['D01.362']
PMC13026317,A Defined Patho-Mechanism for Acute Radiation Syndrome Death and a Three-Drug Regimen to Prevent It.,['Medicine Chests'],['E07.546']
PMC13032751,A laboratory protocol for shoulder- head and head -ground dummy head accelerations during player high-speed rugby tackles.,['Head'],['A01.456']
PMC13034083,"The news about rollover protective structures: Findings from an analysis of news from Iowa, Nebraska, Kansas, and Missouri.",['Equipment Safety'],['E05.330']
PMC13034696,Target cell adhesion limits macrophage phagocytosis and promotes trogocytosis.,['Phagocytosis'],['G12.688']
PMC13039691,Local ice cryotherapy reduced vascular inflammation in large artery from rats with arthritis.,['Cryotherapy'],['E02.258']
PMC1304898,Librational motion of spin-labeled lipids in high-cholesterol containing membranes from echo-detected EPR spectra.,['Motion'],['G01.482']
PMC13049005,Tissue resident memory T cells populate the human uveal tract.,['Uveal Diseases'],['C11.941']
PMC13059725,Interspecies hybridization as a route of accessory chromosome origin in fungal pathogens.,"['Chromosomes, Fungal']",['A19.311']
PMC1306026,The Athletic Health Care and Training Program. A comprehensive approach to the prevention and management of athletic injuries in high schools.,['Athletic Injuries'],['C26.115']
PMC13063418,Upconverting Nanoparticle Thermometry beyond the Diffraction Limit.,['Thermometry'],['E05.933']
PMC13069351,Ocular Glymphatic System : Its Modulation and Role in Intraocular Tumors.,['Glymphatic System'],['A07.521']
PMC1307652,Permeability of individual human erythrocytes to thiourea.,['Cell Membrane Permeability'],['G04.175']
PMC13078173,NMR spectroscopic evidence that the antileishmanial drug sodium stibogluconate comprises one predominant molecular species.,['Antimony Sodium Gluconate'],['D02.125']
PMC1308195,Behavioral research in preventive dentistry : educational and contingency management approaches to the problem of patient compliance.,['Preventive Dentistry'],['E06.761']
PMC13085066,"Immune exhaustion in bacterial infections: mechanisms, consequences, and therapeutic implications.",['Immune System Exhaustion'],['G12.590']
PMC13088351,Modulating Integrin and Growth Factor Signaling With Peptides : Strategies to Synergistically Enhance Bone Tissue Regeneration.,['Intercellular Signaling Peptides and Proteins'],['D23.529']
PMC13094323,Adaptation in the Avian Middle Ear-The Columellar Annular Ligament in Aquatic and Diving Birds.,['Ligaments'],['A02.513']
PMC13101533,Automated air-flow cytometry enables real-time monitoring of Plasmopara viticola sporangia in vineyards.,['Sporangia'],['A18.560']
PMC13101846,LncRNA DANCR Regulates PARP1-Mediated Oxidative Stress Response in Corneas by Encoding a Novel Micropeptide miPEPDR.,['Micropeptides'],['D12.888']
PMC13107606,"Regulatory mechanisms and functional analysis of cellular senescence-associated genes GAPDH, CCND1, and HBEGF in the immune microenvironment of meningioma.",['Cellular Microenvironment'],['G04.366']
PMC13110701,Respiratory oscillometry identifies disease progression in interstitial lung disease.,['Oscillometry'],['E05.654']
PMC13111776,Effectiveness of two supportive periodontal care protocols and outcome predictors during periodontitis: A randomized controlled trial.,['Dental Polishing'],['E06.298']
PMC13118312,"Unveiling Lichen 's Hidden Arsenal Against Multidrug Resistance: A Systematic Review of Their Essential Oils, Volatile Compounds and Extracts with Antimicrobial Applications.",['Lichens'],['B05.350']
PMC13122418,"Virus - Like Particles (Vlps) from Synthesis to Targeted Drug Delivery, Vaccine Approaches, and Gene Therapy.",['Artificial Virus-Like Particles'],['A21.063']
PMC13124717,"Cleavage pattern, morula compaction and blastocyst morphology as determinants of live birth after single blastocyst transfer.",['Morula'],['A16.615']
PMC13126124,Oscillometry for the diagnosis of asthma in children: a systematic review.,['Oscillometry'],['E05.654']
PMC13127197,Post-surgical electron beam radiotherapy for prevention of keloid recurrence: A retrospective study of 619 cases demonstrating low recurrence (6.5%) with optimised 18 Gy in two fractions.,['Radiotherapy'],['E02.815']
PMC13127336,"Larval debridement therapy for diabetes-related foot ulcers: Evidence, mechanisms and practical guidance.",['Maggot Debridement Therapy'],['E02.611']
PMC13129050,Frugivore richness poorly predicts seed dispersal effectiveness under climate change.,['Seed Dispersal'],['G15.808']
PMC13130394,Detecting chronically infecting viruses of haloarchaea.,['Archaeal Viruses'],['B04.100']
PMC13133513,The in-vitro performance of invasive mechanical ventilators in lung model.,"['Ventilators, Mechanical']",['E07.950']
PMC13139569,Feasibility study on enhancing the biodegradability of fresh and old landfill leachate using combined chemical precipitation and Fenton processes.,['Chemical Precipitation'],['G02.159']
PMC13140658,Development and validation of a novel approach for quantifying dimensions of the lateral ligaments in human ankle dissections.,['Ligaments'],['A02.513']
PMC13143547,Heat Stress and Placental Abruption: A Space-Time Stratified Case-Crossover Study.,['Heat Stress Disorders'],['C26.522']
PMC13150234,Effect of crown-root ratio in endo-perio treated teeth restored with prosthodontic crowns.,['Prosthodontics'],['E06.780']
PMC13150296,Nucleomorph phylogenomics suggests a deep and ancient origin of cryptophyte plastids within Rhodophyta .,['Rhodophyta'],['B01.715']
PMC13162499,Clinical applications of the amniotic membrane in pediatric ocular pathology: a scoping review.,['Transplantation'],['E04.936']
PMC13165374,Diverse genetic conflicts mediated by molecular mimicry and computational approaches to detect them.,['Molecular Mimicry'],['G05.545']
PMC13168858,"Identifying Biomarkers Using a Portable, Home-Based Eye-Tracking System to Predict Short-Term Visual Fatigue Deterioration: Prospective Observational Feasibility Study.",['Asthenopia'],['C11.093']
PMC13170335,High-density microdroplet cultivation reveals the essential role of microbial interactions in the growth of environmental microbes.,['Microbial Interactions'],['G06.550']
PMC13178077,Red Wine Colloids : Advances in Characterization and Strategies for Colloidal Stability.,['Colloids'],['D20.280']
PMC13179226,Cadaver-based therapeutic endoscopic training for peroral endoscopic myotomy : a realistic model for skill acquisition.,['Myotomy'],['E04.515']
PMC13185591,Long-term culture of germ - free zebrafish using gamma-irradiated feeds.,['Germ-Free Life'],['G06.320']
PMC13186941,Characterization and evaluation of the efficacy of phage E21 therapy in a wound animal model of biofilm-associated Pseudomonas aeruginosa infection.,['Bacteriophages'],['B04.123']
PMC13187081,The hidden players: LncRNA-Encoded micropeptides in cancer hallmarks.,['Micropeptides'],['D12.888']
PMC13192262,LytF contributes to pilus extrusion during natural competence in Streptococcus sanguinis SK36.,['DNA Transformation Competence'],['G05.232']
PMC13193396,"Endophytic and ectomycorrhizal, an overlooked dual ecological niche? Insights from natural environments and Russula species.",['Endophytes'],['B05.237']
PMC1319560,Effect of Freund 's adjuvant on standard dark and pastel mink.,"[""Freund's Adjuvant""]",['D20.475']
PMC13198410,"Determining the Relationship Between Regional Epithelial Thickness, Corneal Toricity, and Corneal Power in Normal Corneas.",['Epithelium'],['A10.272']
PMC13198618,Abuse potential assessment of novel central nervous system active and psychedelic substances for controlled substances act scheduling recommendations.,['Controlled Substances'],['D26.049']
PMC13200285,Contrasting salinity regimes reshape microbe-DOM coupling and reduce recalcitrant dissolved organic carbon preservation in a salt lake.,['Dissolved Organic Matter'],['D20.313']
PMC13210265,How Medically Important Antimicrobials Bind to the 30S Ribosomal Subunit in a Bacterial Pathogen.,"['Ribosome Subunits, Small, Bacterial']",['A20.874']
PMC13211362,Relationship Between the Size-Frequency Distribution of Nucleopolyhedrovirus Occlusion Bodies and Their Insecticidal Characteristics on Spodoptera frugiperda (Lepidoptera: Noctuidae).,"['Occlusion Bodies, Viral']",['A21.125']
PMC13213167,Co-Administration of MPC Polymer Enhances the Ocular Absorption and Intraocular Pressure-Lowering Effect of Timolol Maleate.,['Ocular Absorption'],['G14.590']
PMC13214154,Comparative pangenomics of Pasteurella multocida uncovers adhesins specific to capsular serogroup B strains associated with bovine host tropism .,['Host Tropism'],['G07.443']
PMC13225355,Protocol for RETRO-TBI: A prospective cohort study of mild traumatic brain injury in older adults.,['Recovery of Function'],['G16.757']
PMC13240667,Small Scale Dissection and Antibody Staining of Eye-Antennal and Wing Imaginal Discs from Drosophila melanogaster.,['Imaginal Discs'],['A13.518']
PMC13242341,Reoperation Rates Following Lumbar Decompression Surgery at Three or More Levels.,['Decompression'],['E02.278']
PMC13243591,Association of single nucleotide polymorphisms in FILIP1-SENP6 and FTO with temporomandibular joint osteoarthritis: clinical and in silico study.,['Temporomandibular Joint Disorders'],['C07.678']
PMC13253578,"Decoding extremophiles : insights from bioinformatics, machine learning, and data-driven approaches.",['Extremophiles'],['B05.256']
PMC13255143,Skin Closure Techniques After Cardiac Implantable Electronic Device Implantation and Their Impact on Pocket Complications: A Systematic Review and Meta-Analysis.,['Wound Closure Techniques'],['E04.987']
PMC13256501,Regulatory and Influencing Factors of Digestive Function in Elderly People: Roles of the Gut Microbiota and Nutritional Interventions.,['Digestive System Physiological Phenomena'],['G10.261']
PMC13256772,ORAC: The Method of Choice for Determining Antioxidant Capacity of Food Products?,['Oxygen Radical Absorbance Capacity'],['E05.657']
PMC13258362,"Tracing Corrosive Damage in Human Teeth: A Forensic Pilot Study of Household Agents Using Stereomicroscopy, SEM-EDX and Ground Sections.",['Corrosion'],['G02.165']
PMC13260021,Up to 30 years of clinical performance of double-crown-retained removable dental prostheses with spark-eroded friction pins placed in a general dental practice.,['Dental Pins'],['E06.292']
PMC13263155,Non-Mendelian inheritance of DNA methylation patterns in mice.,['Inheritance Patterns'],['G05.420']
PMC13263229,The Role of Artificial Intelligence in Modern Analytical Chemistry : Current Trends and Future Directions.,"['Chemistry Techniques, Analytical']",['E05.196']
PMC13263284,Anticonvulsant activity of aza -Biginelli derivatives related to JM-II-43A and HSAB-based rationalization of their pharmacological profile.,['Aza Compounds'],['D02.145']
PMC13263418,The Impact of Polymers in Amorphous Solid Dispersion on the Bioavailability of Sulfonylureas and Meglitinides.,['Bulk Drugs'],['D26.025']
PMC13265744,Time-series analysis of the incidence trend of heat stress -related disorders in a hot and humid climate in a process industry.,['Heat Stress Disorders'],['C26.522']
PMC13270876,The HOXA gene cluster: a critical regulator in bone -related disorders.,['Bone Diseases'],['C05.116']
PMC13275641,"Chiral (Stereoselective) Drugs , Asymmetric Synthesis, and Racemic Resolution Methods.",['Bulk Drugs'],['D26.025']
PMC1327576,Comparison of the profile structures of isolated and reconstituted sarcoplasmic reticulum membranes .,['Membranes'],['A10.615']
PMC13280578,Substance use risk and controlled substances discussions in cancer care: Observations from audio-recorded patient-clinician encounters.,['Controlled Substances'],['D26.049']
PMC13284237,Dissolved organic matter -generated photoelectrons enable microbial antimonate reduction in mine stream sediments.,['Dissolved Organic Matter'],['D20.313']
PMC13287143,Granulomatosis with polyangiitis presenting with rare urogenital involvement: a case based review.,['Urogenital Surgical Procedures'],['E04.950']
PMC13287218,Stresses and fluid flow in lamina cribrosa through anisotropic poroelasticity.,['Mechanical Phenomena'],['G01.374']
PMC13288254,"Evaluation of the Utilization Pattern of Veterinary Drugs in Selected Veterinary Clinics of Mekelle City, Tigray, Ethiopia.",['Veterinary Drugs'],['D26.939']
PMC13289059,Enhanced virulence of Autographa californica multiple nucleopolyhedrovirus in Spodoptera frugiperda is mediated by an Ac34 mutation that promotes nucleocapsid envelopment within occlusion bodies .,"['Occlusion Bodies, Viral']",['A21.125']
PMC13290710,Case Report: Fenestration-free non-obstructive left atrial membrane overlapping with the cor triatriatum spectrum: multimodality imaging and three-year follow-up.,['Membranes'],['A10.615']
PMC13293333,Lack of a putative intrinsically disordered protein anchored to the sporangiospore cell wall causes fragile sporangium formation in Actinoplanes missouriensis .,['Sporangia'],['A18.560']
PMC13299609,A Detailed Study on the Public and Health Worker Perception and Level of Knowledge on the Topic of Radiation and Nuclear Energy in Oman.,['Nuclear Energy'],['G01.536']
PMC13303863,Karyoptosis mediates cell death and neurodegeneration upon proteotoxic stress .,['Proteotoxic Stress'],['G03.818']
PMC13304962,Enterococcal Infections in Left Ventricular Assist Device Recipients: Two Clinical Cases and Systematic Review.,['Device Removal'],['E04.199']
PMC13307706,Total hip replacement after gunshot hip injuries : a severity-based clinical framework-a single-centre experience.,['Hip Injuries'],['C26.531']
PMC1331271,Ionic basis of membrane potentials of epithelial cells in rat small intestine.,['Membrane Potentials'],['G04.580']
PMC13313921,Glycocalyx disruption mediates HP-PRRSV-induced microvascular endothelial dysfunction and underlies astragalus polysaccharide 's antiviral efficacy.,['Polysaccharides'],['D09.698']
PMC1331641,The secretory nerves of the parotid gland of the dog.,['Secretory Rate'],['G03.857']
PMC13317223,Two temperature-dependent membrane fluidity regimes in gram-positive bacteria.,['Membrane Fluidity'],['G04.570']
PMC13317285,"The longer, the better? Investigating the effect of prolonged acoustic stimulation on brief acoustic tinnitus suppression.",['Acoustic Stimulation'],['E02.037']
PMC1331925,Stimulation of amylase secretion from the perfused cat pancreas by potassium and other alkali metal ions.,['Secretory Rate'],['G03.857']
PMC1332307,Injuries on British climbing walls.,['Equipment Safety'],['E05.330']
PMC1332346,Medical aspects of the work of a moorland rescue team.,['Leg Injuries'],['C26.558']
PMC1332474,Power output for wheelchair driving on a treadmill compared with arm crank ergometry .,['Ergometry'],['E05.333']
PMC13326931,Advancements in Syphilis Vaccine Development .,['Vaccine Development'],['E05.952']
PMC13327483,A Magnetic Resonance Fingerprinting Approach for Simultaneous T1 - and PRFS-Based 3D MR- Thermometry .,['Thermometry'],['E05.933']
PMC13328921,Choosing reusable operating theatre devices at an Australian health service avoids hundreds of tonnes of waste and could save millions of dollars per annum.,['Disposable Equipment'],['E07.252']
PMC13332044,Sodium nitrate supplementation prevents beneficial cardiac adaptations to running in female mice with few effects on male hearts.,['Nitrates'],['D02.583']
PMC13341131,LAML-Pro: joint maximum likelihood inference of cell genotypes and cell lineage trees.,['Cell Lineage'],['G04.172']
PMC13342787,Hypersensitivity to Excipients in Drugs : An EAACI Position Paper.,['Bulk Drugs'],['D26.025']
PMC13343372,Cognitive functions of the GPe.,['Ganglia'],['A08.340']
PMC13343910,Malnutrition is associated with lower oxygen radical absorbance capacity in older adults: a cross-sectional study.,['Oxygen Radical Absorbance Capacity'],['E05.657']
PMC13346115,SmartTrap: automated precision experiments with optical tweezers .,['Optical Tweezers'],['E05.650']
PMC13353431,Genome-wide association study for wattles trait in the dairy goat breed.,['Comb and Wattles'],['A13.242']
PMC13354681,Metabolic adaptations of extremophiles and their applications in environmental biotechnology.,['Extremophiles'],['B05.256']
PMC13365495,PAMP orchestrates proline metabolic rewiring to suppress LUAD via PYCR1 inhibition.,['Micropeptides'],['D12.888']
PMC13365813,"Evaluating general practitioner attitudes towards screening, risk assessment, and diagnosis of periodontal diseases and tooth wear in the UK.",['Tooth Diseases'],['C07.793']
PMC13372710,Synthesis and Evaluation of Iminosugar-Based Analogs of UDP-GlcNAc as Putative OGT Inhibitors.,['Imino Sugars'],['D09.553']
PMC13374749,Beyond the pump: integrating the heart 's endocrine function into early medical education.,['Heart'],['A07.541']
PMC13376496,Dosimetric Comparison of Particle Radiotherapy and Photon VMAT for Left-Sided Breast Cancer Post Breast-Conserving Surgery.,['Radiotherapy'],['E02.815']
PMC13379460,ChemSkin DB 2.0: a comprehensive reference chemical database for skin corrosion and irritation.,['Corrosion'],['G02.165']
PMC13379763,Integrated Prosthodontic Approach for Ectodermal Dysplasia: Tooth-Supported Overdenture and Implant-Supported Hybrid Prosthesis.,['Prosthodontics'],['E06.780']
PMC13389909,Ischaemic pre-conditioning for elective liver resections performed under vascular occlusion.,['Ischemic Preconditioning'],['E05.516']
PMC13390080,"Data modeling the interplay between single- cell shape , single- cell protein expression, and tissue state.",['Cell Shape'],['G04.320']
PMC13390465,Involvement of two putative gene clusters for exopolysaccharide biosynthesis and modification in sporangium formation in Actinoplanes missouriensis .,['Sporangia'],['A18.560']
PMC13391769,Antimicrobial activity of lignin from grape stalks: investigating the effect of different formulations.,['Lignin'],['D20.538']
PMC13392977,What Is Old Is New Again: Tips and Tricks for Recognizing and Treating Vaccine-Preventable Diseases of Childhood Presenting to the Emergency Department.,['Vaccine-Preventable Diseases'],['C01.918']
PMC1343962,A comparison in vivo dacron wool (Swank) and polyester mesh (Pall) micropore blood transfusion filters in the prevention of pulmonary microembolism associated with massive transfusion.,['Micropore Filters'],['E07.560']
PMC1345170,Spontaneous linear tears of the stomach in the newborn infant .,"['Infant, Newborn, Diseases']",['C16.614']
PMC1345701,Sequence- and structural-selective nucleic acid binding revealed by the melting of mixtures.,['Nucleic Acid Denaturation'],['G05.627']
PMC1348696,"Water uptake by the crab-eating frog Rana cancrivora, as affected by osmotic gradients and by neurohypophysial hormones.",['Osmolar Concentration'],['G02.640']
PMC1356143,The role of epidural anesthesia and analgesia in surgical practice.,['Analgesia'],['E03.091']
PMC1358033,The value of intestinal myotomy and myectomy in improving the reservoir capacity of the endorectal pull-through.,['Myotomy'],['E04.515']
PMC1361070,Socioeconomic disparities in the use of home health services in a medicare managed care population.,['Durable Medical Equipment'],['E07.278']
PMC1361271,"Effect of mechanical abrasion on the viability, disruption and germination of spores of Bacillus subtilis.",['Spores'],['A11.870']
PMC136372,Immunogenicity and safety of defective vaccinia virus lister: comparison with modified vaccinia virus Ankara.,['Defective Viruses'],['B04.265']
PMC1364885,Reproducibility and consistency of the responses to supine bicycle ergometry ; evaluation in conjunction with beta 1-adrenoceptor occupancies.,['Ergometry'],['E05.333']
PMC1365661,The role of sodium and potassium in insulin secretion from rabbit pancreas.,"['Insulin Secretion', 'Insulin Secretion']","['G03.442', 'G07.475']"
PMC136953,Neurogenin3 is differentially required for endocrine cell fate specification in the intestinal and gastric epithelium.,['Endocrine Cells'],['A11.382']
PMC1370705,Linkage between proton binding and folding in RNA: a thermodynamic framework and its experimental application for investigating pKa shifting.,['Nucleic Acid Denaturation'],['G05.627']
PMC1384060,Restricted expression of galactose/N-acetylgalactosamine-specific macrophage C-type lectin to connective tissue and to metastatic lesions in mouse lung.,['Connective Tissue Cells'],['A11.329']
PMC1385107,Chemotactic activity of lymphotoxin and tumour necrosis factor alpha for human neutrophils.,['Micropore Filters'],['E07.560']
PMC1391644,One Thousand Spinal Anaesthesias : With Special Reference to Complications and Mortality.,['Anesthesia'],['E03.155']
PMC1392118,"THE RESULTS OF AVERTIN BASIS ANAESTHESIAS , WITH ETHER, NITROUS OXYGEN AND ETHYLENE-BASED ON CLINICAL AND METABOLIC STUDIES-REPORT OF 700 CASES.",['Anesthesia'],['E03.155']
PMC1392121,SPINAL ANAESTHESIA : REPORT ON A SPINAL ANAESTHESIA QUESTIONNAIRE AND A SERIES OF SPINAL ANAESTHESIAS .,['Anesthesia'],['E03.155']
PMC1392223,A review of nitrates in drinking water: maternal exposure and adverse reproductive and developmental outcomes.,['Nitrates'],['D02.583']
PMC1393203,Generation of novel-substrate-accepting biphenyl dioxygenases through segmental random mutagenesis and identification of residues involved in enzyme specificity.,['Mutagenesis'],['G05.558']
PMC1402119,Response of the renin-angiotensin -aldosterone system to upright tilting and to intravenous frusemide: effect of prior metoprolol and propranolol.,['Renin-Angiotensin System'],['G03.820']
PMC1403158,Pathways of carbon assimilation and ammonia oxidation suggested by environmental genomic analyses of marine Crenarchaeota .,['Crenarchaeota'],['B02.075']
PMC1412959,Studies on the nature and significance of connective tissue antibodies in adult coeliac disease and Crohn's disease.,['Connective Tissue'],['A10.165']
PMC1413809,Directly observed reversible shape changes and hemoglobin stratification during centrifugation of human and Amphiuma red blood cells.,['Centrifugation'],['E05.181']
PMC1413978,"CD24 staining of mouse mammary gland cells defines luminal epithelial , myoepithelial/basal and non- epithelial cells .",['Epithelial Cells'],['A11.436']
PMC1414028,Clinical review: interpretation of arterial pressure wave in shock states.,['Respiratory Physiological Phenomena'],['G09.772']
PMC1419188,Bird fancier's lung : hazard of the fishing industry.,"[""Bird Fancier's Lung""]",['C24.125']
PMC1419350,Relationship between amino acid dose and gastric secretory response.,['Secretory Rate'],['G03.857']
PMC1421138,Comparison of intravenous/oral ciprofloxacin plus metronidazole versus piperacillin/tazobactam in the treatment of complicated intraabdominal infections .,['Intraabdominal Infections'],['C01.463']
PMC1421330,Prospective randomized trials affect the outcomes of intraabdominal infection.,['Intraabdominal Infections'],['C01.463']
PMC1422488,100 consecutive minimally invasive Heller myotomies : lessons learned.,['Myotomy'],['E04.515']
PMC1423290,AUTOANTIBODY PRODUCTION IN RABBITS. V. COMPARISON OF THE AUTOANTIBODY RESPONSE AFTER THE INJECTIONS OF RAT AND RABBIT LIVER AND BRAIN.,"[""Freund's Adjuvant""]",['D20.475']
PMC1423440,IN VITRO PRODUCTION OF CHICKEN GLOBULINS AND PRECIPITATING ANTIBODY.,['In Vitro Techniques'],['E05.481']
PMC1423771,"Effects of germ - free environment, bursectomy and irradiation on the production of natural and immune opsonins in young chicks.",['Germ-Free Life'],['G06.320']
PMC1435925,Increasing incidence of skin disorders in children? A comparison between 1987 and 2001.,['Skin Diseases'],['C17.800']
PMC1440291,Cytochrome P450 and xenobiotic receptor humanized mice.,['Xenobiotics'],['D26.969']
PMC1445470,"Cell transplantation into immunodeficient chicken embryos. Reconstituting capacity of cells from the yolk sac at different stages of development and from the liver, thymus, bursa of Fabricius , spleen and bone marrow of 15-day embryos.",['Bursa of Fabricius'],['A13.163']
PMC1446941,"Novel role for RbAp48 in tissue-specific, estrogen deficiency-dependent apoptosis in the exocrine glands .",['Exocrine Glands'],['A10.336']
PMC1447588,Perifoveal vitreous detachment and its macular complications.,['Vitreous Detachment'],['C11.980']
PMC1455560,Development of Coombs positive haemolytic anaemia in NZB mice injected with Freund 's complete adjuvant .,"[""Freund's Adjuvant""]",['D20.475']
PMC1455824,In vitro detection of spontaneously occurring delayed-type iso- hypersensitivity .,['Hypersensitivity'],['C20.543']
PMC1456112,A test of founder effect speciation using multiple loci in the auklets (Aethia spp.).,['Founder Effect'],['G05.285']
PMC1458704,The resting membrane potential of frog sartorius muscle.,['Membrane Potentials'],['G04.580']
PMC1459753,The ability of Mycobacterium avium subsp. paratuberculosis to enter bovine epithelial cells is influenced by preexposure to a hyperosmolar environment and intracellular passage in bovine mammary epithelial cells.,['Paratuberculosis'],['C22.688']
PMC1460860,Cosuppression of I transposon activity in Drosophila by I-containing sense and antisense transgenes.,['Antisense Elements (Genetics)'],['D13.150']
PMC1462086,A Caenorhabditis elegans pheromone antagonizes volatile anesthetic action through a go-coupled pathway.,['Pheromones'],['D23.641']
PMC1467782,Limb development and evolution: a frog embryo with no apical ectodermal ridge (AER).,['Limb Buds'],['A16.567']
PMC1467866,Epithelial- connective tissue boundary in the oral part of the human soft palate.,['Connective Tissue'],['A10.165']
PMC1468120,"The growth promoting effects of bFGF, PD-ECGF and VEGF on cultured postimplantation rat embryos deprived of serum fractions.",['Growth and Development'],['G07.345']
PMC1468332,"Ultrastructural and histochemical study on the interrenal cells of the male stickleback (Gasterosteus aculeatus, Teleostea), in relation to the reproductive annual cycle.",['Interrenal Gland'],['A13.530']
PMC1469326,Scaling basic toxicokinetic parameters from rat to man.,['Xenobiotics'],['D26.969']
PMC1470336,Estimating xenobiotic half-lives in humans from rat data: influence of log P.,['Xenobiotics'],['D26.969']
PMC147161,Minor groove DNA alkylation directed by major groove triplex forming oligodeoxyribonucleotides.,['Alkylation'],['G03.059']
PMC1472228,Sodium antimony gluconate induces generation of reactive oxygen species and nitric oxide via phosphoinositide 3-kinase and mitogen-activated protein kinase activation in Leishmania donovani-infected macrophages.,['Antimony Sodium Gluconate'],['D02.125']
PMC1475075,Environmental fate and biodegradability of benzene derivatives as studied in a model aquatic ecosystem.,['Specialty Uses of Chemicals'],['D27.720']
PMC1475101,Properties and actions of bridged diphenyl acaricides.,['Bridged-Ring Compounds'],['D04.075']
PMC1476688,Comparison of analgesic techniques for antler removal in wapiti.,['Electronarcosis'],['E03.340']
PMC1484438,Stearylated octaarginine and artificial virus-like particles for transfection of siRNA into primary rat neurons.,['Artificial Virus-Like Particles'],['A21.063']
PMC148596,Characterization of the DNA binding and bending HMG domain of the yeast hypoxic repressor Rox1.,['Mutagenesis'],['G05.558']
PMC1491381,Chronic viral diseases .,['Virus Diseases'],['C01.925']
PMC1495084,Prescribing errors involving medication dosage forms .,['Dosage Forms'],['D26.255']
PMC1521415,Indications for surgical treatment in genito-urinary tuberculosis.,['Urogenital Surgical Procedures'],['E04.950']
PMC1522141,"Ertapenem versus piperacillin/tazobactam in the treatment of complicated intraabdominal infections : results of a double-blind, randomized comparative phase III trial.",['Intraabdominal Infections'],['C01.463']
PMC152624,Effects of overexpression of nutrient receptors on germination of spores of Bacillus subtilis.,['Spores'],['A11.870']
PMC1533931,Cosecretion of protease inhibitor stabilizes antibodies produced by plant roots .,['Plant Roots'],['A18.400']
PMC1537714,Cellular cooperation in lymphocyte activation. II. Cooperative response of human peripheral T and B lymphocytes to rabbit anti-human beta 2-microglobulin.,['Lymphocyte Cooperation'],['G12.575']
PMC1538531,Report of nine cases of accidental injury to man with Freund 's complete adjuvant .,"[""Freund's Adjuvant""]",['D20.475']
PMC1541283,Immunofluorescent antibodies in patients with bird-fancier's lung .,"[""Bird Fancier's Lung""]",['C24.125']
PMC1544517,Pharmacology of some oral penicillins in the newborn infant .,"['Infant, Newborn, Diseases']",['C16.614']
PMC1544960,Goitre and hypothyroidism in the newborn after cutaneous absorption of iodine.,"['Infant, Newborn, Diseases']",['C16.614']
PMC1546962,Disposable or non- disposable syringes and needles for diabetics? Strathclyde Diabetic Group.,['Disposable Equipment'],['E07.252']
PMC155649,Clinical and surgical data of affected members of a classic CFEOM I family.,['Ophthalmologic Surgical Procedures'],['E04.540']
PMC1559849,The evolution of fossoriality and the adaptive role of horns in the Mylagaulidae (Mammalia: Rodentia).,['Horns'],['A13.507']
PMC1561278,Eight Hundred Spinal Anaesthesias According to Howard Jones' Method.,['Anesthesia'],['E03.155']
PMC1564003,Health-related quality of life in food hypersensitive schoolchildren and their families: parents' perceptions.,['Hypersensitivity'],['C20.543']
PMC1565945,JTT-608 restores impaired early insulin secretion in diabetic Goto-Kakizaki rats.,"['Insulin Secretion', 'Insulin Secretion']","['G03.442', 'G07.475']"
PMC1568617,Some reactions and properties of nitro radical-anions important in biology and medicine.,['Nitro Compounds'],['D02.640']
PMC1571074,Microvascular assembly and cell invasion in chick mesonephros grafted onto chorioallantoic membrane.,['Mesonephros'],['A16.599']
PMC1571466,beta-Catenin expression during vascular development and degeneration of avian mesonephros .,['Mesonephros'],['A16.599']
PMC1571938,"Vasorelaxant and antiplatelet activity of 4,7-dimethyl-1,2, 5-oxadiazolo[3,4-d]pyridazine 1,5,6-trioxide: role of soluble guanylate cyclase, nitric oxide and thiols.",['Heterocyclic Oxides'],['D03.661']
PMC1573905,Reactive oxygen species induce swelling and cytochrome c release but not transmembrane depolarization in isolated rat brain mitochondria.,['Mitochondrial Swelling'],['G04.590']
PMC1575657,Toxoplasmosis. The protean manifestations of the condition and their significance in pregnancy and in newborn infants.,"['Infant, Newborn, Diseases']",['C16.614']
PMC1579198,Split tolerance affecting delayed hypersensitivity and induced in mice by pre-immunization with protein antigens in solution.,['Hypersensitivity'],['C20.543']
PMC158364,"Genetic and developmental control of nuclear accumulation of COP1, a repressor of photomorphogenesis in Arabidopsis.",['Seedlings'],['A18.550']
PMC1590332,Cyclical fluctuations in cerebral blood volume.,['Blood Physiological Phenomena'],['G09.188']
PMC1591524,Electronarcosis .,['Electronarcosis'],['E03.340']
PMC160332,Alanine scanning mutagenesis of a plant virus movement protein identifies three functional domains.,['Cell Movement'],['G04.198']
PMC1608012,Mortality and morbidity of reusing dialysers. A report by the registration committee of the European Dialysis and Transplant Association.,['Disposable Equipment'],['E07.252']
PMC1612766,Effect of age and menopausal status on estimates of oestrogen binding by human malignant breast tumours.,['In Vitro Techniques'],['E05.481']
PMC161468,Community analysis of ammonia and nitrite oxidizers during start-up of nitritation reactors.,['Nitrites'],['D02.633']
PMC161523,Oxygen-insensitive nitroreductases NfsA and NfsB of Escherichia coli function under anaerobic conditions as lawsone-dependent Azo reductases.,['Azo Compounds'],['D02.172']
PMC1615801,"The estimated frequency of cosmetic breast augmentation among US women, 1963 through 1988.",['Cosmetic Techniques'],['E02.218']
PMC1616943,Three-dimensional imaging of xenograft tumors using optical computed and emission tomography.,['Optical Imaging'],['E05.642']
PMC1626350,Genome-wide P-element screen for Drosophila synaptogenesis mutants.,['Mutagenesis'],['G05.558']
PMC1631798,Bird fancier's lung .,"[""Bird Fancier's Lung""]",['C24.125']
PMC1635082,"Vitamin K-dependent proteins in Ciona intestinalis, a basal chordate lacking a blood coagulation cascade.",['Blood Physiological Phenomena'],['G09.188']
PMC1645989,"Declining perinatal mortality in a region of Finland, 1968-82.",['Asphyxia'],['C26.103']
PMC166059,"Unique biological properties and molecular mechanism of 5,6- bridged quinolones.",['Bridged-Ring Compounds'],['D04.075']
PMC1663204,Confusing serological abnormalities in bird fancier's lung .,"[""Bird Fancier's Lung""]",['C24.125']
PMC1663623,Serological abnormalities in bird fancier's lung .,"[""Bird Fancier's Lung""]",['C24.125']
PMC1665243,Imaging of lumps and bumps in the nose: a review of sinonasal tumours.,['Otorhinolaryngologic Neoplasms'],['C09.647']
PMC1671849,Injuries from antipersonnel mines: the experience of the International Committee of the Red Cross.,"['Amputation, Traumatic']",['C26.062']
PMC167714,In situ PCR for visualization of microscale distribution of specific genes and gene products in prokaryotic communities.,['Prokaryotic Cells'],['A11.760']
PMC1680102,Ocular absorption and toxicity of methotrexate in the dog.,['Ocular Absorption'],['G14.590']
PMC1681242,The association between pupil sizes and blood constituents in cows with parturient paresis .,['Parturient Paresis'],['C22.695']
PMC1690209,Egg puncture allows shiny cowbirds to assess host egg development and suitability for parasitism.,['Punctures'],['E02.800']
PMC1691658,The mode of pheromone evolution: evidence from bark beetles.,['Pheromones'],['D23.641']
PMC1695853,"Trends in obstetric operative procedures , 1980 to 1987.",['Obstetric Surgical Procedures'],['E04.520']
PMC1695964,"BOVINE "" ENTEROTOXEMIA "". 3. FACTORS AFFECTING THE STABILITY OF THE TOXINS OF CLOSTRIDIUM PERFRINGENS TYPES A, C AND D.",['Enterotoxemia'],['C22.313']
PMC169861,"Microbial transformation of 2,4,6-trinitrotoluene and other nitroaromatic compounds .",['Nitro Compounds'],['D02.640']
PMC1703435,The neuromuscular blocking action of a series of bicyclic bis-oniu esters.,['Bridged-Ring Compounds'],['D04.075']
PMC1703701,Electroanaesthesia as a pharmacological technique.,['Electronarcosis'],['E03.340']
PMC1712843,Sub-units of the first complement component in immunologic deficiency syndromes : independence of Cls and Clq.,['Immunologic Deficiency Syndromes'],['C20.673']
PMC1718693,"Double blind, randomised controlled clinical trial of hypo- osmolar oral rehydration salt solution in dehydrating acute diarrhoea in severely malnourished (marasmic) children.",['Osmolar Concentration'],['G02.640']
PMC1722377,Conjunctival impression cytology for vitamin A deficiency in the presence of infectious trachoma.,['Conjunctival Diseases'],['C11.187']
PMC1723806,The importance of genes and environment for ocular refraction and its determiners: a population based study among 20-45 year old twins.,"['Refraction, Ocular']",['G14.760']
PMC1724575,The Football Association Medical Research Programme: an audit of injuries in professional football-analysis of preseason injuries .,['Leg Injuries'],['C26.558']
PMC1726820,Bleeding due to a medicinal leech bite.,['Leeching'],['E02.596']
PMC1727181,Identification of gases responsible for the odour of human flatus and evaluation of a device purported to reduce this odour.,['Gases'],['D01.362']
PMC1735055,Genes versus environment in ocular refraction .,"['Refraction, Ocular']",['G14.760']
PMC1739051,Dura-arachnoid lesions produced by 22 gauge Quincke spinal needles during a lumbar puncture .,['Punctures'],['E02.800']
PMC1740599,Ischaemic heart disease among livestock and agricultural workers .,"[""Agricultural Workers' Diseases""]",['C24.080']
PMC1747497,Chronic bird fancier's lung : histopathological and clinical correlation. An application of the 2002 ATS/ERS consensus classification of the idiopathic interstitial pneumonias.,"[""Bird Fancier's Lung""]",['C24.125']
PMC175066,Vitronectin-binding staphylococci enhance surface-associated complement activation .,['Complement Activation'],['G12.274']
PMC1754786,Diagnosis and follow up of aortitis in the elderly.,['Clinical Laboratory Techniques'],['E05.200']
PMC1757650,Abnormal tear dynamics and symptoms of eyestrain in operators of visual display terminals.,['Asthenopia'],['C11.093']
PMC177005,Amino acid transport systems required for diazotrophic growth in the cyanobacterium Anabaena sp. strain PCC 7120.,['Amino Acids'],['D12.125']
PMC177265,Insertion mutagenesis of the Pseudomonas aeruginosa phosphate-specific porin OprP.,['Mutagenesis'],['G05.558']
PMC1779964,Diffusing colloidal probes of protein and synthetic macromolecule interactions.,['Colloids'],['D20.280']
PMC1788211,"Dialysance of molecules of different size in reused Kiil, Ab-Gambro, and Rhone-Poulenc dialysers .",['Dialysis'],['G02.186']
PMC1789702,Clostridium perfringens in animal disease: a review of current knowledge.,['Enterotoxemia'],['C22.313']
PMC1793980,"Association of perinatal events, epilepsy, and central nervous system trauma with juvenile delinquency.","['Trauma, Nervous System', 'Trauma, Nervous System']","['C10.900', 'C26.915']"
PMC1794480,Clinical review: management of difficult airways.,['Airway Management'],['E02.041']
PMC1802424,T cells are required for the peripheral phase of B-cell maturation.,['Lymphocyte Cooperation'],['G12.575']
PMC1802512,"Body fluid shifts , sodium and potassium metabolism in patients undergoing thoracic surgical procedures.",['Fluid Shifts'],['G07.313']
PMC1808061,iCartiGD: the Integrated Cartilage Gene Database.,['Cartilage Diseases'],['C05.182']
PMC1810426,A positive regulatory loop between foxi3a and foxi3b is essential for specification and differentiation of zebrafish epidermal ionocytes.,['Epidermal Cells'],['A11.409']
PMC1810874,A clinic for athletic injuries .,['Athletic Injuries'],['C26.115']
PMC1816768,SPECIALTY OF CHEST MEDICINE .,['Medicine Chests'],['E07.546']
PMC181697,"Mutagenicity of quindoxin, its metabolites, and two substituted quinoxaline-di-N- oxides .",['Heterocyclic Oxides'],['D03.661']
PMC1817530,SPECIALTY OF CHEST MEDICINE .,['Medicine Chests'],['E07.546']
PMC1825389,Treatment of athletic injuries .,['Athletic Injuries'],['C26.115']
PMC1825733,The treatment of athletic injuries .,['Athletic Injuries'],['C26.115']
PMC1828491,Growth condition-dependent Esp expression by Enterococcus faecium affects initial adherence and biofilm formation.,['Anaerobiosis'],['G03.078']
PMC1830977,Electronarcosis -A Treatment for Schizophrenia - 1943; Silent; Colour; 18 minutes.,['Electronarcosis'],['E03.340']
PMC18315,L- amino acid sensing by the extracellular Ca2+-sensing receptor.,['Amino Acids'],['D12.125']
PMC183150,Mineralization of sulfonated azo dyes and sulfanilic acid by Phanerochaete chrysosporium and Streptomyces chromofuscus.,['Azo Compounds'],['D02.172']
PMC1835467,Radiotherapy 's second setback.,['Radiotherapy'],['E02.815']
PMC1835546,Radiotherapy 's second setback.,['Radiotherapy'],['E02.815']
PMC1835741,Radiotherapy 's second setback.,['Radiotherapy'],['E02.815']
PMC1838841,Radiotherapy 's second setback.,['Radiotherapy'],['E02.815']
PMC1840070,Mammalian mRNA splice-isoform selection is tightly controlled.,"['RNA Processing, Post-Transcriptional']",['G03.839']
PMC1847345,Molecular dissection of nuclear entry-competent SV40 during infection.,['Virion'],['A21.249']
PMC1853382,GPR40 is necessary but not sufficient for fatty acid stimulation of insulin secretion in vivo.,"['Insulin Secretion', 'Insulin Secretion']","['G03.442', 'G07.475']"
PMC1855578,Cellular identification of a novel uncultured marine stramenopile (MAST-12 Clade) small-subunit rRNA gene sequence from a norwegian estuary by use of fluorescence in situ hybridization-scanning electron microscopy.,['Stramenopiles'],['B01.750']
PMC1855586,Oil field souring control by nitrate- reducing Sulfurospirillum spp. that outcompete sulfate- reducing bacteria for organic electron donors.,['Sulfur-Reducing Bacteria'],['B03.900']
PMC1856946,The economic impact and cost of visual impairment in Australia.,['Vision Disorders'],['C11.966']
PMC1858288,Increased expression of matrix metalloproteinases in vivo in scleritis tissue and in vitro in cultured human scleral fibroblasts.,['Scleral Diseases'],['C11.790']
PMC1860342,Prognosis and morphometrical features of non-bronchioloalveolar cell adenocarcinoma: an assessment of the non-alveolar replacing area and high grade atypical area.,['Prognosis'],['E01.789']
PMC1865313,Translocation t(2;5) is not a primary event in Hodgkin's disease. Simultaneous immunophenotyping and interphase cytogenetics.,['Reed-Sternberg Cells'],['A11.828']
PMC1875324,A clinical approach to common electrolyte problems. 1. Hyponatremia.,['Osmolar Concentration'],['G02.640']
PMC1876014,Can Aimé Limoge sell electroanesthesia to North America?,['Electronarcosis'],['E03.340']
PMC1887163,Extensive complement activation in hereditary porcine membranoproliferative glomerulonephritis type II (porcine dense deposit disease).,"['Glomerulonephritis, Membranoproliferative']",['C20.425']
PMC1887196,LFA-1 expression on exocrine glands as a potential novel marker of malignant disease.,['Exocrine Glands'],['A10.336']
PMC1887312,Absence of HLA class I expression by Reed-Sternberg cells .,['Reed-Sternberg Cells'],['A11.828']
PMC189730,Cellular factors required for papillomavirus DNA replication .,['DNA Replication'],['G05.226']
PMC1900449,A comparative study of fibroblasts in healing freeze and burn injuries in rats.,['Connective Tissue Cells'],['A11.329']
PMC1906414,Abnormal expression and function of Fas ligand of lacrimal glands and peripheral blood in Sjogren's syndrome patients with enlarged exocrine glands .,['Exocrine Glands'],['A10.336']
PMC1906916,The development of a post-baccalaureate certificate program in molecular diagnostics.,['Clinical Laboratory Techniques'],['E05.200']
PMC1914903,Linkage disequilibrium analysis in young populations: pseudo-vitamin D-deficiency rickets and the founder effect in French Canadians.,['Founder Effect'],['G05.285']
PMC1915753,Clonidine-induced increase in osmolar clearance and free water clearance via activation of two distinct alpha 2-adrenoceptor sites.,['Osmolar Concentration'],['G02.640']
PMC191950,"Neuraminidase hemadsorption activity, conserved in avian influenza A viruses, does not influence viral replication in ducks.",['Hemadsorption'],['G06.365']
PMC1927557,A RADIOGRAPHIC ANALYSIS OF MAJOR FOOT DEFORMITIES .,['Foot Deformities'],['C05.330']
PMC1949142,Phylogenomics reshuffles the eukaryotic supergroups.,['Rhizaria'],['B01.680']
PMC195167,Metabolism of benzonitrile and butyronitrile by Klebsiella pneumoniae.,['Nitriles'],['D02.626']
PMC1963455,Patterns of interaction specificity of fungus-growing termites and Termitomyces symbionts in South Africa.,['Species Specificity'],['G16.824']
PMC1967668,"Vision, visual acuity, and ocular refraction of young men: findings in a sample of 1,033 subjects.","['Refraction, Ocular']",['G14.760']
PMC196966,The Escherichia coli AlkB protein protects human cells against alkylation -induced toxicity.,['Alkylation'],['G03.059']
PMC1978270,In vitro and in vivo antiproliferative and trypanocidal activities of ruthenium NO donors.,['Ruthenium Compounds'],['D01.765']
PMC201238,Membrane fluidity adjustments in ethanol-stressed Oenococcus oeni cells.,['Membrane Fluidity'],['G04.570']
PMC2021922,Subconvulsive electrical stimulation in treatment of chronic neurosis.,['Electronarcosis'],['E03.340']
PMC2031988,Durable medical equipment for children with spinal cord dysfunction: implications of age and level of injury.,['Durable Medical Equipment'],['E07.278']
PMC2040309,The adult Drosophila malpighian tubules are maintained by multipotent stem cells.,['Malpighian Tubules'],['A13.574']
PMC2042242,Transplantable acinar cell carcinoma of the rat pancreas.,['Transplantation'],['E04.936']
PMC204390,Simplified X-ray film method for detection of bacterial volatilization of mercury chloride by Escherichia coli.,['X-Ray Film'],['E07.960']
PMC2050821,Alkylation of prohibitin by cyclohexylphenyl-chloroethyl urea on an aspartyl residue is associated with cell cycle G(1) arrest in B16 cells.,['Alkylation'],['G03.059']
PMC2061621,Corrosive poisoning.,['Corrosion'],['G02.165']
PMC2072346,The platelet pseudopodium and its involvement in aggregation and adhesion to vessel walls.,['Membranes'],['A10.615']
PMC2072505,The effect of cortisone on the formation and resorption of experimental amyloid.,"[""Freund's Adjuvant""]",['D20.475']
PMC2073564,The pathogenesis of infectious myxomatosis ; the mechanism of infection and the immunological response in the European rabbit (Oryctolagus cuniculus).,"['Myxomatosis, Infectious']",['C22.627']
PMC2074542,Distribution and photodynamic effects of meso-tetrahydroxyphenylchlorin (mTHPC) in the pancreas and adjacent tissues in the Syrian golden hamster.,['Pancreas'],['A03.734']
PMC2075052,Incubation of environmental samples in a diffusion chamber increases the diversity of recovered isolates.,"['Diffusion Chambers, Culture']",['E07.241']
PMC2106483,STUDIES ON LYSOSOMES. IV. SOLUBILIZATION OF ENZYMES DURING MITOCHONDRIAL SWELLING AND DISRUPTION OF LYSOSOMES BY STREPTOLYSIN S AND OTHER HEMOLYTIC AGENTS.,['Mitochondrial Swelling'],['G04.590']
PMC2107086,"The circumfusion system for multipurpose culture chambers . I. Introduction to the mechanics, techniques, and basic results of a 12-chamber (in vitro) closed circulatory system.","['Diffusion Chambers, Culture']",['E07.241']
PMC2108288,Mitochondrial biogenesis in Neurospora crassa. I. An ultrastructural and biochemical investigation of the effects of anaerobiosis and chloramphenicol inhibition.,['Anaerobiosis'],['G03.078']
PMC2109001,Autoradiographic localization of new RNA synthesis in hypertrophying skeletal muscle.,['Connective Tissue Cells'],['A11.329']
PMC2113016,Regulation of connective tissue collagenase production: stimulators from adult and fetal epidermal cells .,['Epidermal Cells'],['A11.409']
PMC2114702,Quantitative subcellular study of apical pole membranes from chicken oxyntic cells in resting and HCl secretory state.,['Membranes'],['A10.615']
PMC2118624,Zoonotic orthopoxviruses encode a high-affinity antagonist of NKG2D.,"['Cytotoxicity, Immunologic']",['G12.287']
PMC2120886,eat-5 and unc-7 represent a multigene family in Caenorhabditis elegans involved in cell-cell coupling.,['Pharynx'],['A04.623']
PMC2124865,THE INFLUENCE OF MOUSE-RAT PARABIOSIS ON THE GROWTH IN RATS OF A TRANSPLANTABLE MOUSE SARCOMA.,['Parabiosis'],['E05.660']
PMC2130845,"Recoveries of Salmonella ndolo from desiccates exposed to 100 degrees C under various conditions with respect to desiccant , desiccant temperature and atmosphere.",['Desiccation'],['G02.176']
PMC2131639,THE ANTIBODY-FORMATION BY POLYSACCHARIDS .,['Polysaccharides'],['D09.698']
PMC2131870,REACTIONS OF RABBITS TO NON-HEMOLYTIC STREPTOCOCCI : III. A STUDY OF MODES OF SENSITIZATION.,['Hypersensitivity'],['C20.543']
PMC2131989,CONGENITAL PROTEIN HYPERSENSITIVENESS IN TWO GENERATIONS.,['Hypersensitivity'],['C20.543']
PMC2134398,Studies in the epidemiology of infectious myxomatosis of rabbits. VIII. Further observations on changes in the innate resistance of Australian wild rabbits exposed to myxomatosis .,"['Myxomatosis, Infectious']",['C22.627']
PMC2134433,Studies in the epidemiology of infectious myxomatosis of rabbits. VII. The virulence of strains of myxoma virus recovered from Australian wild rabbits between 1951 and 1959.,"['Myxomatosis, Infectious']",['C22.627']
PMC213468,"Global control in Salmonella typhimurium: two-dimensional electrophoretic analysis of starvation-, anaerobiosis -, and heat shock-inducible proteins.",['Anaerobiosis'],['G03.078']
PMC2135935,"The role of the wax of the tubercle bacillus in establishing delayed hypersensitivity , hypersensitivity to a protein antigen, egg albumin.",['Hypersensitivity'],['C20.543']
PMC2136153,Studies by electron microscopy of thin sections of infectious myxomatosis in rabbits.,"['Myxomatosis, Infectious']",['C22.627']
PMC2139192,Cell interactions in the immune response in vitro. 3. Specific collaboration across a cell impermeable membrane.,['Lymphocyte Cooperation'],['G12.575']
PMC2139695,Role of complement in induction of antibody production in vivo. Effect of cobra factor and other C3-reactive agents on thymus-dependent and thymus-independent antibody responses.,['Lymphocyte Cooperation'],['G12.575']
PMC2140075,Concussions among United States high school and collegiate athletes.,['Athletic Injuries'],['C26.115']
PMC2143939,Motional dynamics of residues in a beta-hairpin peptide measured by 13C-NMR relaxation.,['Motion'],['G01.482']
PMC2144496,Internal motional amplitudes and correlated bond rotations in an alpha-helical peptide derived from 13C and 15N NMR relaxation.,['Motion'],['G01.482']
PMC214503,Highly efficient protoplast transformation system for Streptococcus faecalis and a new Escherichia coli-S. faecalis shuttle vector.,['Protoplasts'],['A11.789']
PMC2147583,The contributions of normal and anomalous osmosis to the osmotic effects arising across charged membranes with solutions of electrolytes.,['Osmosis'],['G02.691']
PMC2147633,The course of respiration during the life cycle of Chlorella cells.,['Cell Respiration'],['G04.270']
PMC2148942,A double blind randomized comparison of oral trimeprazine-methadone and ketamine-midazolam for sedation of pediatric dental patients for oral surgical procedures .,['Oral Surgical Procedures'],['E04.545']
PMC214899,Phospholipids and lipopolysaccharide of Aeromonas hydrophila.,['Sugar Acids'],['D09.811']
PMC214947,Separate resistances to arsenate and arsenite (antimonate) encoded by the arsenical resistance operon of R factor R773.,['Arsenicals'],['D02.129']
PMC2150589,"Rho GTPases control polarity, protrusion, and adhesion during cell movement .",['Cell Movement'],['G04.198']
PMC2168922,Local and global regulators linking anaerobiosis to cupA fimbrial gene expression in Pseudomonas aeruginosa.,['Anaerobiosis'],['G03.078']
PMC2172358,Carbohydrate-carbohydrate interaction provides adhesion force and specificity for cellular recognition.,['Species Specificity'],['G16.824']
PMC2174519,A journey with Tony Hugli up the inflammatory cascade towards the auto-digestion hypothesis.,['Digestive System Physiological Phenomena'],['G10.261']
PMC218214,Biochemical and topographical studies on Escherichia coli cell surface. IV. Giant spheroplast formation from a filamentous cell.,['Spheroplasts'],['A11.868']
PMC2184603,The technique and application of electronarcosis .,['Electronarcosis'],['E03.340']
PMC2184646,The inhibition of dental caries by fluorine .,['Fluorine Compounds'],['D01.303']
PMC2185847,Lymphocyte cooperation is required for amplification of macrophage procoagulant activity.,['Lymphocyte Cooperation'],['G12.575']
PMC2189719,Number of nitrate groups determines reactivity and potency of organic nitrates : a proof of concept study in ALDH-2-/- mice.,['Nitrates'],['D02.583']
PMC219392,Identification and characterization of the emhABC efflux system for polycyclic aromatic hydrocarbons in Pseudomonas fluorescens cLP6a.,['Polycyclic Aromatic Hydrocarbons'],['D04.615']
PMC2195097,True anomalous osmosis in multi-solute model membrane systems.,['Osmosis'],['G02.691']
PMC2195964,Continual low-level activation of the classical complement pathway.,['Complement Activation'],['G12.274']
PMC220358,Spheroplast formation of Mycobacterium smegmatis and morphological aspects of their reversion to the bacillary form.,['Spheroplasts'],['A11.868']
PMC2211863,Loss of Bim allows precursor B cell survival but not precursor B cell differentiation in the absence of interleukin 7.,['Cell Survival'],['G04.346']
PMC2212675,Role of antibody paratope conformational flexibility in the manifestation of molecular mimicry .,['Molecular Mimicry'],['G05.545']
PMC2215186,Propagation of action potentials in squid giant axons. Repetitive firing at regions of membrane inhomogeneities.,['Membrane Potentials'],['G04.580']
PMC2217707,"Studies in the epidemiology of infectious myxomatosis of rabbits. II. Field experiments, August-November 1950, and the first epizootic of myxomatosis in the Riverine Plain of south-eastern Australia.","['Myxomatosis, Infectious']",['C22.627']
PMC2217724,Studies in the epidemiology of infectious myxomatosis of rabbits. I. Recovery of Australian wild rabbits (Oryctolagus cuniculus) from myxomatosis under field conditions.,"['Myxomatosis, Infectious']",['C22.627']
PMC2217783,Studies in the epidemiology of infectious myxomatosis in rabbits. III. Observations on two succeeding epizootics in Australian wild rabbits on the Riverine Plain of South-Eastern Australia 1951-1953.,"['Myxomatosis, Infectious']",['C22.627']
PMC2217801,"Studies in the epidemiology of infectious myxomatosis of rabbits. IV. Observations of disease behaviour in two localities near the northern limit of rabbit infestation in Australia, May 1952 to April 1953.","['Myxomatosis, Infectious']",['C22.627']
PMC2217924,Studies in the epidemiology of infectious myxomatosis of rabbits. VI. The experimental introduction of the European strain of myxoma virus into Australian wild rabbit populations.,"['Myxomatosis, Infectious']",['C22.627']
PMC2218042,Studies in the epidemiology of infectious myxomatosis of rabbits. V. Changes in the innate resistance of Australian wild rabbits exposed to myxomatosis .,"['Myxomatosis, Infectious']",['C22.627']
PMC2222825,Host pathogen protein interactions predicted by comparative modeling.,['Host-Pathogen Interactions'],['G06.462']
PMC2225053,Fine structural alterations in cell particles during chemical carcinogenesis. III. Selective action of hepatic carcinogens other than 3'-methyl-4-dimethylaminoazobenzene on different types of mitochondrial swelling . Effect of stimulated liver growth.,['Mitochondrial Swelling'],['G04.590']
PMC2234215,Variable gearing in pennate muscles .,['Muscles'],['A02.633']
PMC2241852,Overlapping activator sequences determined for two oppositely oriented promoters in halophilic Archaea.,['Mutagenesis'],['G05.558']
PMC2246624,A conserved Toll-like receptor is required for Caenorhabditis elegans innate immunity.,['Pharynx'],['A04.623']
PMC22482,Chromophore-assisted light inactivation and self-organization of microtubules and motors.,['Chromophore-Assisted Light Inactivation'],['E05.198']
PMC2262287,Synthesis and biological activity of 5- aza -ellipticine derivatives.,['Aza Compounds'],['D02.145']
PMC2267159,Membrane interaction and structure of the transmembrane domain of influenza hemagglutinin and its fusion peptide complex.,['Membrane Fusion'],['G04.575']
PMC2268801,A Caenorhabditis elegans model for epithelial-neuronal transdifferentiation .,['Cell Transdifferentiation'],['G04.356']
PMC2276688,Reconstruction of cell lineage trees in mice.,['Cell Lineage'],['G04.172']
PMC2288486,Stichopin-containing nerves and secretory cells specific to connective tissues of the sea cucumber.,['Connective Tissue Cells'],['A11.329']
PMC2288616,"Aqueous extracts from peppermint, sage and lemon balm leaves display potent anti-HIV-1 activity by increasing the virion density.",['Virion'],['A21.249']
PMC2290642,"Membrane properties of an unusual intrinsically oscillating, wide-field teleost retinal amacrine cell.",['Membrane Potentials'],['G04.580']
PMC2291023,A removable silicone elastomer seal reduces granulation tissue growth and maintains the sterility of recording chambers for primate neurophysiology.,"['Diffusion Chambers, Culture']",['E07.241']
PMC2293165,"Intact membrane lipids of ""Candidatus Nitrosopumilus maritimus,"" a cultivated representative of the cosmopolitan mesophilic group I Crenarchaeota .",['Crenarchaeota'],['B02.075']
PMC2297467,Anticipatory physiological regulation in feeding biology: cephalic phase responses.,['Digestive System Physiological Phenomena'],['G10.261']
PMC231380,Functional mapping of the translation-dependent instability element of yeast MATalpha1 mRNA.,['Elements'],['D01.268']
PMC234997,Inhibitory protein controls the reversion of protoplasts and L forms of Bacillus subtilis to the walled state.,['Protoplasts'],['A11.789']
PMC235361,Effect of ethylenediaminetetraacetate upon the surface of Escherichia coli.,['Membranes'],['A10.615']
PMC235392,Expression of R-plasmid functions during anaerobic growth of an Escherichia coli K-12 host.,['Anaerobiosis'],['G03.078']
PMC235814,Role of the cell surface in bacterial mating: requirement for intact mucopeptide in donors for the expression of surface exclusion in R+ strains of Escherichia coli.,['Spheroplasts'],['A11.868']
PMC2362141,Fluorinated methylenecyclopropane analogues of nucleosides. Synthesis and antiviral activity of (Z)- and (E)-9-{[(2-fluoromethyl-2-hydroxymethyl)-cyclopropylidene]methyl}adenine and -guanine.,['Fluorine Compounds'],['D01.303']
PMC2367381,Anaerobic ammonium oxidation for treatment of ammonium-rich wastewaters.,['Nitrites'],['D02.633']
PMC2375814,Age-dependent changes in the pigeon bursa of Fabricius vasculature: a comparative study using light microscopy and scanning electron microscopy of vessel casts.,['Bursa of Fabricius'],['A13.163']
PMC2390856,Safety assurance in obstetrical ultrasound.,['Equipment Safety'],['E05.330']
PMC2393343,New approaches to poliovirus diagnosis using laboratory techniques : memorandum from a WHO meeting.,['Clinical Laboratory Techniques'],['E05.200']
PMC239395,Chromosome-length polymorphism in fungi.,"['Chromosomes, Fungal']",['A19.311']
PMC24057,Suppression of HIV replication by lymphoid tissue CD8+ cells correlates with the clinical state of HIV-infected individuals.,['Lymphoid Tissue'],['A10.549']
PMC2423505,ERCP in evaluating the mode of therapy in pancreatic pseudocyst.,"['Drainage', 'Drainage']","['E02.309', 'E04.237']"
PMC2423921,Serous adenoma of the pancreas with multiple microcysts communicating with the pancreatic duct.,['Pancreas'],['A03.734']
PMC2431125,Directed evolution of aldolases for exploitation in synthetic organic chemistry .,['Organic Chemistry Phenomena'],['G02.607']
PMC2446799,Release of small molecules during germination of spores of Bacillus Species.,['Spores'],['A11.870']
PMC2447607,The influence of venous admixture on alveolar dead space and carbon dioxide exchange in acute respiratory distress syndrome: computer modelling.,['Respiratory Physiological Phenomena'],['G09.772']
PMC2453298,Neuromuscular training and the risk of leg injuries in female floorball players: cluster randomised controlled study.,['Leg Injuries'],['C26.558']
PMC246439,Localization of alkaline phosphatase in three gram-negative rumen bacteria.,['Spheroplasts'],['A11.868']
PMC246448,Degradation of cellular deoxyribonucleic acid after gamma irradiation of spheroplasted Escherichia coli CR thy- cells.,['Spheroplasts'],['A11.868']
PMC247017,Electron microscopy during release and purification of mesosomal vesicles and protoplast membranes from Staphylococcus aureus.,['Protoplasts'],['A11.789']
PMC247539,Osmolar concentration and fixation of mycoplasmas.,['Osmolar Concentration'],['G02.640']
PMC2475957,Physico- chemical properties of substances used as molluscicides: precipitation and adsorption.,['Chemical Precipitation'],['G02.159']
PMC2478509,Skin diseases in family medicine: prevalence and health care use.,['Skin Diseases'],['C17.800']
PMC2480722,Cultivation techniques for the erythrocytic stages of malaria parasites.,['In Vitro Techniques'],['E05.481']
PMC248229,Synthetic capabilities of plasmolyzed cells and spheroplasts of Escherichia coli.,['Spheroplasts'],['A11.868']
PMC249055,Defective hepatitis B virus particles are generated by packaging and reverse transcription of spliced viral RNAs in vivo.,['Defective Viruses'],['B04.265']
PMC2491669,The effect of live classical piano music on the vital signs of patients undergoing ophthalmic surgery.,['Ophthalmologic Surgical Procedures'],['E04.540']
PMC2491748,Day-stay surgery . Organization and teaching as applied to oral surgery .,"['Surgery, Oral']",['E06.892']
PMC2494242,Awareness during anaesthesia: a review.,['Equipment Failure'],['E05.325']
PMC249542,Transformation in quasi spheroplasts of Bacillus subtilis.,['Protoplasts'],['A11.789']
PMC2503001,Day-case oral and maxillofacial surgery in a Nigerian district general hospital: scope and limitations.,"['Surgery, Oral']",['E06.892']
PMC2504317,Features of 80S mammalian ribosome and its subunits .,"['Ribosome Subunits, Small, Bacterial']",['A20.874']
PMC2504752,Cadherin-4 plays a role in the development of zebrafish cranial ganglia and lateral line system .,['Lateral Line System'],['A13.564']
PMC2509604,US child labor violations in the retail and service industries: findings from a national survey of working adolescents.,['Equipment Safety'],['E05.330']
PMC2517017,Mitochondrial swelling measurement in situ by optimized spatial filtering: astrocyte-neuron differences.,['Mitochondrial Swelling'],['G04.590']
PMC2519025,"An approach to revealing blood fluke life cycles, taxonomy, and diversity: provision of key reference data including DNA sequence from single life cycle stages .",['Life Cycle Stages'],['B05.500']
PMC2519376,Localization of the germination protein GerD to the inner membrane in Bacillus subtilis spores .,['Spores'],['A11.870']
PMC252451,Localization of cell-bound penicillinase in Bacillus licheniformis.,['Protoplasts'],['A11.789']
PMC2533635,Metalated nitriles : cation-controlled cyclizations.,['Nitriles'],['D02.626']
PMC2535814,Influence of Brownian motion on blood platelet flow behavior and adhesive dynamics near a planar wall.,['Blood Physiological Phenomena'],['G09.188']
PMC2538615,Distribution of systemic clarithromycin to gingiva .,['Gingivitis'],['C01.408']
PMC2538960,Silicon -initiated carbonylative carbotricyclization and [2+2+2+1] cycloaddition of enediynes catalyzed by rhodium complexes.,['Silicon Compounds'],['D01.837']
PMC254279,"The alkylated imino sugar, n-(n-Nonyl)-deoxygalactonojirimycin, reduces the amount of hepatitis B virus nucleocapsid in tissue culture.",['Imino Sugars'],['D09.553']
PMC255148,Functional basis of poliovirus neutralization determined with monospecific neutralizing antibodies.,['Virion'],['A21.249']
PMC2551617,Natural variation in DNA methylation in ribosomal RNA genes of Arabidopsis thaliana.,['Inheritance Patterns'],['G05.420']
PMC2553676,Cyclic oxonitriles: stereodivergent grignard addition-alkylations.,['Nitriles'],['D02.626']
PMC2555698,Sanitary engineering aspects of nuclear energy developments.,['Nuclear Energy'],['G01.536']
PMC2555796,Cross-tolerances of dieldrin-resistant flies and mosquitos to various cyclodiene insecticides.,['Bridged-Ring Compounds'],['D04.075']
PMC2557749,Sterilizable syringes: excessive risk or cost-effective option?,['Disposable Equipment'],['E07.252']
PMC2564254,The safety of single-physician procedural sedation in the emergency department.,['Procedural Sedation'],['E03.250']
PMC2566944,Physical organic chemistry of supramolecular polymers.,['Organic Chemistry Phenomena'],['G02.607']
PMC2568015,Membrane lysis during biological membrane fusion : collateral damage by misregulated fusion machines.,['Membrane Fusion'],['G04.575']
PMC256812,"Isolation and biochemical characterization of partially transformation- defective mutants of avian myelocytomatosis virus strain MC29: localization of the mutation to the myc domain of the 110,000-dalton gag-myc polyprotein.",['Defective Viruses'],['B04.265']
PMC2568178,Cardiac tamponade and pericardial disorders in connective tissue diseases : case report and literature review.,['Connective Tissue Diseases'],['C17.300']
PMC2573048,Local renin-angiotensin system contributes to hyperthyroidism-induced cardiac hypertrophy.,['Renin-Angiotensin System'],['G03.820']
PMC2574495,Role of the renin-angiotensin system in cardiac hypertrophy induced in rats by hyperthyroidism.,['Renin-Angiotensin System'],['G03.820']
PMC2575924,Sinonasal malignancies: a 10-year review in a tertiary health institution.,['Otorhinolaryngologic Neoplasms'],['C09.647']
PMC2587356,Quick recovery of orientation after magnetic seizure therapy for major depressive disorder.,['Magnetic Field Therapy'],['E02.621']
PMC2589595,The discovery of the body: human dissection and its cultural contexts in ancient Greece.,['Dissection'],['E04.221']
PMC2594130,Iron deficiency anemia in HIV infection: immunologic and virologic response.,['Immunologic Deficiency Syndromes'],['C20.673']
PMC2605337,ST segment depression in hypertensive patients: a comparison of exercise test versus Holter ECG.,['Ergometry'],['E05.333']
PMC260600,Role of pili in the adherence of Pseudomonas aeruginosa to mouse epidermal cells .,['Epidermal Cells'],['A11.409']
PMC2606107,The isolation of novel mesenchymal stromal cell chemotactic factors from the conditioned medium of tumor cells.,['Intercellular Signaling Peptides and Proteins'],['D23.529']
PMC2607163,Distribution of Crenarchaeota representatives in terrestrial hot springs of Russia and Iceland.,['Crenarchaeota'],['B02.075']
PMC261079,Abilities of human oligodendroglial cells and mouse Schwann cells to phagocytose Mycobacterium leprae and other mycobacteria.,['Phagocytosis'],['G12.688']
PMC2612062,Facial swelling after a dental procedure.,['Dental High-Speed Technique'],['E06.216']
PMC2613247,C1q- and collectin-dependent phagocytosis of apoptotic host cells by the intestinal protozoan Entamoeba histolytica.,['Phagocytosis'],['G12.688']
PMC2613743,The genetic basis of constitutive and herbivore-induced ESP-independent nitrile formation in Arabidopsis.,['Nitriles'],['D02.626']
PMC2615333,Roles of embryonic and adult lymphoid tissue inducer cells in primary and secondary lymphoid tissues.,['Lymphoid Tissue'],['A10.549']
PMC2616559,Focal infection in the etiology of disease.,['Focal Infection'],['C01.392']
PMC261740,"Use of injections in healthcare settings worldwide, 2000: literature review and regional estimates.",['Equipment Safety'],['E05.330']
PMC261876,The Drosophila sterile-20 kinase slik controls cell proliferation and apoptosis during imaginal disc development.,['Cell Survival'],['G04.346']
PMC262292,"Anaerobic ammonium oxidation measured in sediments along the Thames estuary, United Kingdom.",['Oxidation-Reduction'],['G02.700']
PMC2629939,A simple new method for identifying the proximal cut end in lower canalicular laceration .,['Lacerations'],['C26.540']
PMC2630609,In vitro susceptibility of field isolates of Leishmania donovani to Miltefosine and amphotericin B: correlation with sodium antimony gluconate susceptibility and implications for treatment in areas of endemicity.,['Antimony Sodium Gluconate'],['D02.125']
PMC2636037,A community-based study of asthenopia in computer operators.,['Asthenopia'],['C11.093']
PMC2636857,Non-peptide macrocyclic histone deacetylase inhibitors.,['Macrocyclic Compounds'],['D04.345']
PMC2643009,The Warburg effect suppresses oxidative stress induced apoptosis in a yeast model for cancer.,['Cell Respiration'],['G04.270']
PMC2647344,Beyond good intentions: lessons on equipment donation from an African hospital.,['Equipment Failure'],['E05.325']
PMC2649341,Comparative analysis of oncogenic properties and nuclear factor-kappaB activity of latent membrane protein 1 natural variants from Hodgkin's lymphoma's Reed-Sternberg cells and normal B-lymphocytes.,['Reed-Sternberg Cells'],['A11.828']
PMC2649427,"A hypothesis for the evolution of nuclear-encoded, plastid-targeted glyceraldehyde-3-phosphate dehydrogenase genes in ""chromalveolate"" members.",['Stramenopiles'],['B01.750']
PMC265068,Cross-infection risks associated with current procedures for using high-speed dental handpieces.,['Dental Equipment'],['E07.222']
PMC2651837,RNA folding and ribosome assembly.,"['Ribosome Subunits, Small, Bacterial']",['A20.874']
PMC2655369,Cellular mechanism of the voltage-dependent change in slow potentials generated in circular smooth muscle of the guinea-pig gastric corpus.,['Membrane Potentials'],['G04.580']
PMC2658285,Diagnosis and management of common maxillofacial injuries in the emergency department. Part 5: Dentoalveolar injuries .,['Tooth Injuries'],['C26.900']
PMC2662998,The injured nervous system : a Darwinian perspective.,"['Trauma, Nervous System', 'Trauma, Nervous System']","['C10.900', 'C26.915']"
PMC2663077,Novel imino sugar derivatives demonstrate potent antiviral activity against flaviviruses.,['Imino Sugars'],['D09.553']
PMC2665169,Characterizing intercellular signaling peptides in drug addiction.,['Intercellular Signaling Peptides and Proteins'],['D23.529']
PMC2670640,NHE8 is an intracellular cation/H+ exchanger in renal tubules of the yellow fever mosquito Aedes aegypti.,['Malpighian Tubules'],['A13.574']
PMC26710,Selenium redox biochemistry of zinc-sulfur coordination sites in proteins and enzymes.,['Selenium Compounds'],['D01.810']
PMC2671113,Mortality risk of Charcot arthropathy compared with that of diabetic foot ulcer and diabetes alone.,['Foot Diseases'],['C05.360']
PMC2671260,Role of plasmacytoid dendritic cells for aberrant class II expression in exocrine glands from estrogen-deficient mice of healthy background.,['Exocrine Glands'],['A10.336']
PMC2680001,Bioorganic chemistry . A natural reunion of the physical and life sciences.,['Organic Chemistry Phenomena'],['G02.607']
PMC2683999,"Outcome of patients with acute, necrotizing pancreatitis requiring drainage -does drainage size matter?","['Drainage', 'Drainage']","['E02.309', 'E04.237']"
PMC2685452,Copy number variation in intron 1 of SOX5 causes the Pea- comb phenotype in chickens.,['Comb and Wattles'],['A13.242']
PMC268698,Effect of relative centrifugal force and centrifugation time on sedimentation of mycobacteria in clinical specimens.,['Centrifugation'],['E05.181']
PMC2689413,An easier method for performing a pancreaticojejunostomy for the soft pancreas using a fast-absorbable suture.,['Pancreas'],['A03.734']
PMC2691527,Functional significance of the hemadsorption activity of influenza virus neuraminidase and its alteration in pandemic viruses.,['Hemadsorption'],['G06.365']
PMC2693325,Identification of CD13+CD36+ cells as a common progenitor for erythroid and myeloid lineages in human bone marrow.,['Erythroid Cells'],['A11.443']
PMC2695157,Maintaining network activity in submerged hippocampal slices: importance of oxygen supply.,"['Diffusion Chambers, Culture']",['E07.241']
PMC2695208,"Uveal melanoma expression of indoleamine 2,3-deoxygenase: establishment of an immune privileged environment by tryptophan depletion.",['Uveal Diseases'],['C11.941']
PMC2699496,Constructing RNA dynamical ensembles by combining MD and motionally decoupled NMR RDCs: new insights into RNA dynamics and adaptive ligand recognition.,['Motion'],['G01.482']
PMC2703221,Influence of water-filtered infrared-A (wIRA) on reduction of local fat and body weight by physical exercise.,['Ergometry'],['E05.333']
PMC2704257,Inhibition of the human neutrophil NADPH oxidase by Coxiella burnetii.,['Phagocytosis'],['G12.688']
PMC2713335,Micro- computed tomography of the lungs and pulmonary-vascular system.,"['Tomography Scanners, X-Ray Computed']",['E07.913']
PMC2719570,Mitofusins and OPA1 mediate sequential steps in mitochondrial membrane fusion .,['Membrane Fusion'],['G04.575']
PMC272029,Hemadsorption immunosorbent technique for determination of mumps immunoglobulin M antibody.,['Hemadsorption'],['G06.365']
PMC2721853,Identification of differentially expressed sense and antisense transcript pairs in breast epithelial tissues.,['Antisense Elements (Genetics)'],['D13.150']
PMC2729426,Chemical shift anisotropy of imino 15N nuclei in Watson-Crick base pairs from magic angle spinning liquid crystal NMR and nuclear spin relaxation.,['Imino Sugars'],['D09.553']
PMC273959,Acid-fast microscopy on polycarbonate membrane filter sputum sediments.,['Centrifugation'],['E05.181']
PMC2741040,Antiangiogenic properties of selected ruthenium (III) complexes that are nitric oxide scavengers.,['Ruthenium Compounds'],['D01.765']
PMC2742628,Culturing thick brain slices: an interstitial 3D microperfusion system for enhanced viability.,"['Diffusion Chambers, Culture']",['E07.241']
PMC274557,Changes in occurrence of capsular serotypes of Streptococcus pneumoniae at Boston City Hospital during selected years between 1935 and 1974.,['Focal Infection'],['C01.392']
PMC2746042,Optical clearing of unsectioned specimens for three-dimensional imaging via optical transmission and emission tomography.,['Optical Imaging'],['E05.642']
PMC2746580,In vitro and in vivo activity and cross resistance profiles of novel ruthenium (II) organometallic arene complexes in human ovarian cancer.,['Ruthenium Compounds'],['D01.765']
PMC2748814,Membrane protein crystallization in amphiphile phases: practical and theoretical considerations.,['Crystallization'],['G02.171']
PMC2750261,Effect of starting material particle size on its agglomeration behavior in high shear wet granulation.,['Particle Size'],['G02.712']
PMC2750399,"In vivo ocular availability of ketorolac following ocular instillations of aqueous, oil, and ointment formulations to normal corneas of rabbits: a technical note.",['Ocular Absorption'],['G14.590']
PMC2750457,Effect of drug substance particle size on the characteristics of granulation manufactured in a high-shear mixer.,['Particle Size'],['G02.712']
PMC2750630,Mixing efficiency in side-vented coating equipment .,['Equipment Design'],['E05.320']
PMC2750763,"On the origin, homologies and evolution of primate facial muscles , with a particular focus on hominoids and a suggested unifying nomenclature for the facial muscles of the Mammalia.",['Facial Muscles'],['A14.363']
PMC2755025,Partial phenotypic reversion of ABA-deficient flacca tomato (Solanum lycopersicum) scions by a wild-type rootstock: normalizing shoot ethylene relations promotes leaf area but does not diminish whole plant transpiration rate.,['Plant Transpiration'],['G15.713']
PMC2757690,Aminoethyl nitrate --the novel super nitrate ?,['Nitrates'],['D02.583']
PMC2757691,"A new class of organic nitrates : investigations on bioactivation, tolerance and cross-tolerance phenomena.",['Nitrates'],['D02.583']
PMC276255,Retention of episomes during protoplasting and during propagation in the L state.,['Protoplasts'],['A11.789']
PMC2763928,Disruption of the arsenic (+3 oxidation state) methyltransferase gene in the mouse alters the phenotype for methylation of arsenic and affects distribution and retention of orally administered arsenate .,['Arsenicals'],['D02.129']
PMC2764824,The beta-D-glucose scaffold as a beta-turn mimetic.,['Peptides'],['D12.644']
PMC2766168,Secondary lymphoid organs: responding to genetic and environmental cues in ontogeny and the immune response.,['Lymphoid Tissue'],['A10.549']
PMC2766240,Hofmeister effects of common monovalent salts on the beetle antifreeze protein activity.,['Salts'],['D01.786']
PMC2770446,Chemical injuries of the oesophagus: aetiopathological issues in Nigeria.,['Corrosion'],['G02.165']
PMC2771401,Intermittent hypoxia and respiratory plasticity in humans and other animals: does exposure to intermittent hypoxia promote or mitigate sleep apnoea?,['Respiratory Physiological Phenomena'],['G09.772']
PMC277199,INFLUENCE OF THE PHYSICAL STATE OF THE BACTERIAL CELL MEMBRANE UPON THE RATE OF RESPIRATION .,['Cell Respiration'],['G04.270']
PMC277229,FATE OF THE MESOSOMES OF BACILLUS MEGATERIUM DURING PROTOPLASTING .,['Protoplasts'],['A11.789']
PMC2773427,Interaction between plate make and protein in protein crystallisation screening.,['Crystallization'],['G02.171']
PMC277642,IMMUNOGENIC ACTIVITY OF A RIBOSOMAL FRACTION OBTAINED FROM MYCOBACTERIUM TUBERCULOSIS.,"[""Freund's Adjuvant""]",['D20.475']
PMC2777201,EST and microarray analysis of horn development in Onthophagus beetles.,['Horns'],['A13.507']
PMC2781836,Traversing the mountaintop: world fossil fuel production to 2050.,['Fossil Fuels'],['D20.345']
PMC2785519,Resolvins and protectins: mediating solutions to inflammation .,['Inflammation Mediators'],['D23.469']
PMC2785541,Blood flow dynamics after laser therapy of port wine stain birthmarks.,['Laser Therapy'],['E02.594']
PMC2786445,Development and application of new mouse models to study the pathogenesis of Clostridium perfringens type C Enterotoxemias .,['Enterotoxemia'],['C22.313']
PMC2792151,Genetic control of the alternative pathway of complement in humans and age-related macular degeneration.,['Complement Activation'],['G12.274']
PMC2799360,"The role of tobacco Aquaporin1 in improving water use efficiency, hydraulic conductivity, and yield production under salt stress.",['Plant Transpiration'],['G15.713']
PMC2803634,The pollination ecology of Paraboea rufescens (Gesneriaceae): a buzz- pollinated tropical herb with mirror-image flowers.,['Pollination'],['G15.776']
PMC2804089,Surgery for Laryngopharyngeal SCC in the Era of Organ Preservation.,['Larynx'],['A04.329']
PMC2807416,Aza -tryptamine substrates in monoterpene indole alkaloid biosynthesis.,['Aza Compounds'],['D02.145']
PMC2807510,Non-small cell neuroendocrine carcinoma of the sinonasal tract and nasopharynx. Report of 2 cases and review of the literature.,['Otorhinolaryngologic Neoplasms'],['C09.647']
PMC2808431,Acquisition of chemiluminescent signals from immunoblots with a digital single-lens reflex camera.,['X-Ray Film'],['E07.960']
PMC2808685,A shifty diagnosis: Cogan 's syndrome . A case report and review of the literature.,['Cogan Syndrome'],['C11.180']
PMC2813012,Aggregate size and architecture determine microbial activity balance for one-stage partial nitritation and anammox.,['Nitrites'],['D02.633']
PMC2815929,"DNA packaging by lambda-like bacteriophages: mutations broadening the packaging specificity of terminase, the lambda- packaging enzyme.",['DNA Packaging'],['G05.213']
PMC281828,Electron paramagnetic resonance measurements of free radicals in the intact beating heart: a technique for detection and characterization of free radicals in whole biological tissues.,['Free Radicals'],['D01.339']
PMC2821504,Are the orthostatic fluid shifts to the calves augmented in autonomic failure?,['Fluid Shifts'],['G07.313']
PMC2826768,"Re-emergence of bluetongue, African horse sickness, and other orbivirus diseases .",['Virus Diseases'],['C01.925']
PMC2830233,The beak of the other finch: coevolution of genetic covariance structure and developmental modularity during adaptive evolution.,['Beak'],['A13.114']
PMC2830313,ATP7B detoxifies silver in ciliated airway epithelial cells.,['Silver Compounds'],['D01.847']
PMC2831662,Interferometric switching of coherent anti-Stokes Raman scattering signals in microscopy.,['Interferometry'],['E05.490']
PMC2836422,Frequency overlap between electric and acoustic stimulation and speech-perception benefit in patients with combined electric and acoustic stimulation .,['Acoustic Stimulation'],['E02.037']
PMC2840222,An Fgf/Gremlin inhibitory feedback loop triggers termination of limb bud outgrowth.,['Limb Buds'],['A16.567']
PMC2840304,High molecular diversity of extraterrestrial organic matter in Murchison meteorite revealed 40 years after its fall.,['Organic Chemistry Phenomena'],['G02.607']
PMC2844306,Spontaneous remission of nephrotic syndrome in idiopathic membranous nephropathy.,"['Remission, Spontaneous']",['G16.767']
PMC2846706,Longitudinal-relaxation-enhanced NMR experiments for the study of nucleic acids in solution.,['Imino Sugars'],['D09.553']
PMC2847449,Acoustic response of compliable microvessels containing ultrasound contrast agents.,['Microbubbles'],['E07.553']
PMC2851570,Distinct roles of Hand2 in initiating polarity and posterior Shh expression during the onset of mouse limb bud development.,['Limb Buds'],['A16.567']
PMC2852943,Selenium compounds activate early barriers of tumorigenesis.,['Selenium Compounds'],['D01.810']
PMC2853849,"Membrane fusion triggers rapid degradation of two gamete-specific, fusion -essential proteins in a membrane block to polygamy in Chlamydomonas.",['Membrane Fusion'],['G04.575']
PMC2856077,"The effect of N- or C-terminal alterations of the connector of bacteriophage phi29 DNA packaging motor on procapsid assembly, pRNA binding, and DNA packaging .",['DNA Packaging'],['G05.213']
PMC2856449,Autophagy in cellular growth control.,['Cell Growth Processes'],['G04.161']
PMC2862248,"Kinematic linkage of the tongue, jaw , and hyoid during eating and speech.",['Jaw'],['A14.521']
PMC2873921,RETRACTED: Leishmania donovani isolates with antimony -resistant but not -sensitive phenotype inhibit sodium antimony gluconate -induced dendritic cell activation.,['Antimony Sodium Gluconate'],['D02.125']
PMC2874849,Novel ruthenium complexes as potential drugs for Chagas's disease: enzyme inhibition and in vitro/in vivo trypanocidal activity.,['Ruthenium Compounds'],['D01.765']
PMC2878783,Interleukin-3 promotes hemangioblast development in mouse aorta-gonad- mesonephros region.,['Mesonephros'],['A16.599']
PMC2878993,International surgery: causes of hand injuries in a developing country.,['Hand Injuries'],['C26.448']
PMC2882378,Perceptions of environmental and occupational health hazards among agricultural workers in Washington State.,"[""Agricultural Workers' Diseases""]",['C24.080']
PMC2885237,"Selectivity of digitalis glycosides for isoforms of human Na,K-ATPase.",['Glycosides'],['D09.408']
PMC2885973,Genomewide linkage scans for ocular refraction and meta-analysis of four populations in the Myopia Family Study.,"['Refraction, Ocular']",['G14.760']
PMC2887509,Membranoproliferative glomerulonephritis .,"['Glomerulonephritis, Membranoproliferative']",['C20.425']
PMC289114,Effect of reciprocal complementation of two defective human immunodeficiency virus type 1 (HIV-1) molecular clones on HIV-1 cell tropism and virulence.,['Defective Viruses'],['B04.265']
PMC2894001,Modeling Electrolytically Top-Gated Graphene.,['Electrolytes'],['D01.248']
PMC2895787,Overweight and obesity among patients attending a Nigerian oral surgery clinic: implications for oral surgical practice in Nigeria.,['Oral Surgical Procedures'],['E04.545']
PMC2900184,The acute and long-term adverse effects of shock wave lithotripsy .,['Lithotripsy'],['E02.600']
PMC2903548,Cutaneous lesions of the nose .,['Nose Diseases'],['C09.603']
PMC2911238,Disulfide-Depleted Selenoconopeptides: a Minimalist Strategy to Oxidative Folding of Cysteine-Rich Peptides .,['Peptides'],['D12.644']
PMC2914347,Overcoming language and literacy barriers in safety and health training of agricultural workers .,"[""Agricultural Workers' Diseases""]",['C24.080']
PMC2917062,Gender disparity of hepatic lipid homoeostasis regulated by the circadian clock.,['Homeostasis'],['G07.410']
PMC2918411,Determinants of hearing loss in perforations of the tympanic membrane .,['Tympanic Membrane Perforation'],['C26.930']
PMC2919209,Structures of the ribosome in intermediate states of ratcheting.,"['Ribosome Subunits, Small, Bacterial']",['A20.874']
PMC2919366,"Clinical manifestations, etiology, and pathogenesis of the hyper-IgE syndromes .",['Immunologic Deficiency Syndromes'],['C20.673']
PMC2921701,Sending signals dynamically.,['Intercellular Signaling Peptides and Proteins'],['D23.529']
PMC2938420,Physiology and biochemistry of reduction of azo compounds by Shewanella strains relevant to electron transport chain.,['Azo Compounds'],['D02.172']
PMC2939256,Improvement of the mdx mouse dystrophic phenotype by systemic in utero AAV8 delivery of a minidystrophin gene.,"['Muscular Dystrophy, Animal']",['C22.595']
PMC2940848,A molecular genetic timescale for the diversification of autotrophic stramenopiles (Ochrophyta): substantive underestimation of putative fossil ages.,['Stramenopiles'],['B01.750']
PMC2942961,Excess neutrophil infiltration during cytomegalovirus brain infection of interleukin-10-deficient mice.,['Neutrophil Infiltration'],['G12.632']
PMC2944366,Cell biology of prokaryotic organelles.,['Prokaryotic Cells'],['A11.760']
PMC2946358,Task-oriented and bottle feeding adversely affect the quality of mother- infant interactions after abnormal newborn screens.,"['Infant, Newborn, Diseases']",['C16.614']
PMC2947864,Triton X-100 concentration effects on membrane permeability of a single HeLa cell by scanning electrochemical microscopy (SECM).,['Cell Membrane Permeability'],['G04.175']
PMC2948743,The prevalence and treatment outcomes of primary tooth injuries .,['Tooth Injuries'],['C26.900']
PMC2948835,A case of infection -associated antiproteinase-3-negative cytoplasmic antineutrophil cytoplasmic antibody pauci-immune focal necrotizing glomerulonephritis.,['Focal Infection'],['C01.392']
PMC2949843,Profiling of cellular proteins in porcine reproductive and respiratory syndrome virus virions by proteomics analysis.,['Virion'],['A21.249']
PMC2964721,Atomic force microscopy in vitro study of surface roughness and fractal character of a dental restoration composite after air- polishing .,['Dental Polishing'],['E06.298']
PMC2966245,Cost-effective laparoscopic cholecystectomy.,['Disposable Equipment'],['E07.252']
PMC2970550,Control of transcription by cell size .,['Cell Size'],['G04.325']
PMC2974123,"Analysis of relationships between solid-state properties, counterion, and developability of pharmaceutical salts .",['Salts'],['D01.786']
PMC297417,Metabolism and rate of secretion of aldosterone in the bullfrog.,['Secretory Rate'],['G03.857']
PMC2974666,Study of quality of life and its determinants in patients after urinary stone fragmentation.,['Lithotripsy'],['E02.600']
PMC2980553,Advances in indicator dilution techniques applicable to studies of the acutely ill patient.,['Indicator Dilution Techniques'],['E05.484']
PMC2981251,Effect of N-1/c-8 ring fusion and C-7 ring structure on fluoroquinolone lethality.,['Fused-Ring Compounds'],['D04.210']
PMC2987173,Legacy of mutiny on the Bounty: founder effect and admixture on Norfolk Island.,['Founder Effect'],['G05.285']
PMC2987828,"ANK, a host cytoplasmic receptor for the Tobacco mosaic virus cell -to- cell movement protein, facilitates intercellular transport through plasmodesmata.",['Cell Movement'],['G04.198']
PMC2990309,"Horn possession reduces maneuverability in the horn-polyphenic beetle, Onthophagus nigriventris.",['Horns'],['A13.507']
PMC2992726,Correlated evolution of sex and reproductive mode in corals (Anthozoa: Scleractinia).,['Hermaphroditic Organisms'],['B05.275']
PMC2995561,Dynamic chromosomal rearrangements in Hodgkin's lymphoma are due to ongoing three-dimensional nuclear remodeling and breakage-bridge-fusion cycles.,['Reed-Sternberg Cells'],['A11.828']
PMC2997722,Physical mechanisms redirecting cell polarity and cell shape in fission yeast.,['Cell Shape'],['G04.320']
PMC3007639,Consistency of angular tuning in the rat vibrissa system.,['Vibrissae'],['A13.950']
PMC3011260,Regional differences in neural crest morphogenesis.,['Neural Crest'],['A16.627']
PMC3013399,Intra-locus sexual conflict and sexually antagonistic genetic variation in hermaphroditic animals.,['Hermaphroditic Organisms'],['B05.275']
PMC3014533,Proteins as nitrogen source for plants: a short story about exudation of proteases by plant roots .,['Plant Roots'],['A18.400']
PMC3014934,Evolution of Rhizaria : new insights from phylogenomic analysis of uncultivated protists.,['Rhizaria'],['B01.680']
PMC301678,Use of inert gases and carbon monoxide to study the possible influence of countercurrent exchange on passive absorption from the small bowel.,['Gases'],['D01.362']
PMC3017086,Assembly of linear nano-chains from iron oxide nanospheres with asymmetric surface chemistry.,['Nanospheres'],['E07.595']
PMC3021196,Photodynamic therapy of early stage oral cavity and oropharynx neoplasms : an outcome analysis of 170 patients.,['Otorhinolaryngologic Neoplasms'],['C09.647']
PMC302236,Some characteristics of the rabbit vermiform appendix as a secreting organ.,['Secretory Rate'],['G03.857']
PMC3023354,Disease prevalence and mortality among agricultural workers in Korea.,"[""Agricultural Workers' Diseases""]",['C24.080']
PMC302466,Use of inert gases to study the interaction of blood flow and diffusion during passive absorption from the gastrointestinal tract of the rat.,['Gases'],['D01.362']
PMC3024858,Mathematical linearity of circulatory transport.,['Indicator Dilution Techniques'],['E05.484']
PMC3026012,Blood flow in microvascular networks: a study in nonlinear biology.,['Blood Physiological Phenomena'],['G09.188']
PMC3026363,HPIDB--a unified resource for host-pathogen interactions .,['Host-Pathogen Interactions'],['G06.462']
PMC3027152,Novel lipid mediators promote resolution of acute inflammation : impact of aspirin and statins.,['Inflammation Mediators'],['D23.469']
PMC3030591,A comparative transcriptomic analysis of uveal melanoma and normal uveal melanocyte.,['Uveal Diseases'],['C11.941']
PMC3030977,Host -microbe interactions in the developing zebrafish.,['Host Microbial Interactions'],['G06.373']
PMC3043395,"The ""learning curve"" in videoscopic Heller myotomy .",['Myotomy'],['E04.515']
PMC3044238,"Application of spectroscopic techniques: ICP-OES, LA-ICP-MS and chemometric methods for studying the relationships between trace elements in clinical samples from patients with atherosclerosis obliterans.",['Elements'],['D01.268']
PMC304589,Graft-vs.-host disease elicits expression of class I and class II histocompatibility antigens and the presence of scattered T lymphocytes in rat central nervous system.,['Graft vs Host Disease'],['C20.452']
PMC3050428,The tumor microenvironment in hepatocellular carcinoma: current status and therapeutic targets.,['Cellular Microenvironment'],['G04.366']
PMC3062180,Understanding ribosome assembly: the structure of in vivo assembled immature 30S subunits revealed by cryo-electron microscopy.,"['Ribosome Subunits, Small, Bacterial']",['A20.874']
PMC3064280,Glycerol-induced fluid shifts attenuate the vestibulosympathetic reflex in humans.,['Fluid Shifts'],['G07.313']
PMC3064484,Label-free porous silicon immunosensor for broad detection of opiates in a blind clinical study and results comparison to commercial analytical chemistry techniques .,"['Chemistry Techniques, Analytical']",['E05.196']
PMC3064737,Further studies of intramolecular Michael reactions of nitrosoalkenes for construction of functionalized bridged ring systems.,['Bridged-Ring Compounds'],['D04.075']
PMC3065477,Functional role of kallikrein 6 in regulating immune cell survival .,['Cell Survival'],['G04.346']
PMC3066761,"Tooth brushing, tongue cleaning and snacking behaviour of dental technology and therapist students.","['Technology, Dental']",['E06.912']
PMC3067786,Complementing defective viruses that express separate paramyxovirus glycoproteins provide a new vaccine vector approach.,['Defective Viruses'],['B04.265']
PMC3068182,Identification of muscle-specific microRNAs in serum of muscular dystrophy animal models: promising novel blood-based markers for muscular dystrophy .,"['Muscular Dystrophy, Animal']",['C22.595']
PMC3071785,Glycoproteomic characterization of carriers of the CD15/Lewisx epitope on Hodgkin's Reed-Sternberg cells .,['Reed-Sternberg Cells'],['A11.828']
PMC3074486,Natural products as aromatase inhibitors.,"['Chemistry Techniques, Synthetic']",['E05.197']
PMC3078006,Trauma resulting in hemarthrosis and long medial collateral ligament desmitis of the tarsocrural joint in a horse.,['Ligaments'],['A02.513']
PMC3080367,Simultaneously hermaphroditic shrimp use lipophilic cuticular hydrocarbons as contact sex pheromones.,['Hermaphroditic Organisms'],['B05.275']
PMC3081331,A steady-state transfer function analysis of portions of the circulatory system using indicator dilution techniques .,['Indicator Dilution Techniques'],['E05.484']
PMC308245,Thermal denaturation of double-stranded nucleic acids: prediction of temperatures critical for gradient gel electrophoresis and polymerase chain reaction.,['Nucleic Acid Denaturation'],['G05.627']
PMC3084423,Barriers to the recognition and reporting of occupational asthma by Canadian pulmonologists.,"['Asthma, Occupational']",['C24.102']
PMC3090114,"Renal outcomes and mortality following hydroxyethyl starch resuscitation of critically ill patients: systematic review and meta-analysis of randomized trials: ATTENTION: The analysis and conclusions of this article are being revised by the authors. This is due to the journal Anesthesia and Analgesia 's retraction of a paper by Dr. Joachim Boldt, an author in seven of the studies analyzed in this review. As such, the editors of Open Medicine recommend interpreting this review with extreme caution until Zarychanski et al. publish a new analysis and interpretation in Open Medicine. For more information, see Anesthesia and Analgesia 's press release.",['Analgesia'],['E03.091']
PMC3090535,FGF8 signaling is chemotactic for cardiac neural crest cells.,['Neural Crest'],['A16.627']
PMC3094267,Features and amenities of school playgrounds: a direct observation study of utilization and physical activity levels outside of school time.,['Equipment Safety'],['E05.330']
PMC3097031,Genomewide scan of ocular refraction in African-American families shows significant linkage to chromosome 7p15.,"['Refraction, Ocular']",['G14.760']
PMC3098034,Flow estimation by indicator dilution (bolus injection).,['Indicator Dilution Techniques'],['E05.484']
PMC3098836,"Peripheral, central and behavioral responses to the cuticular pheromone bouquet in Drosophila melanogaster males.",['Pheromones'],['D23.641']
PMC3103466,Review of zero-D and 1-D models of blood flow in the cardiovascular system.,['Cardiovascular Physiological Phenomena'],['G09.330']
PMC3105046,Evolution of hsp70 gene expression: a role for changes in AT-richness within promoters.,['Elements'],['D01.268']
PMC3105716,Microbial community structures in anoxic freshwater lake sediment along a metal contamination gradient.,['Crenarchaeota'],['B02.075']
PMC31115,Electrostatic surface plasmon resonance: direct electric field-induced hybridization and denaturation in monolayer nucleic acid films and label-free discrimination of base mismatches.,['Nucleic Acid Denaturation'],['G05.627']
PMC3117519,Minimally invasive thoracic surgery.,['Video-Assisted Techniques and Procedures'],['E05.956']
PMC3119429,Heterotrophic prokaryotic production in ultraoligotrophic alpine karst aquifers and ecological implications.,['Heterotrophic Processes'],['G03.393']
PMC3123666,Chemical mediators of inflammation and resolution in post-operative abdominal aortic aneurysm patients.,['Inflammation Mediators'],['D23.469']
PMC3124329,The use of SDS-PAGE scanning of spent dialysate to assess uraemic toxin removal by dialysis .,['Dialysis'],['G02.186']
PMC3126438,"Kinetics of germination of wet-heat-treated individual spores of Bacillus species, monitored by Raman spectroscopy and differential interference contrast microscopy.",['Spores'],['A11.870']
PMC3130456,Shifts in a single muscle 's control potential of body dynamics are determined by mechanical feedback.,['Muscles'],['A02.633']
PMC3132870,"Arthritis, foot pain and shoe wear: current musculoskeletal research on feet.",['Foot Diseases'],['C05.360']
PMC3133690,The complement inhibitors Crry and factor H are critical for preventing autologous complement activation on renal tubular epithelial cells.,['Complement Activation'],['G12.274']
PMC3134374,Research in bioanalysis and separations at the University of Nebraska - Lincoln.,['Organic Chemistry Phenomena'],['G02.607']
PMC3134675,Effects of spray drying on physicochemical properties of chitosan acid salts .,['Salts'],['D01.786']
PMC314023,A dynamically tuned double-stranded RNA binding mechanism for the activation of antiviral kinase PKR.,['Motion'],['G01.482']
PMC3140408,Role of the CCA bulge of prohead RNA of bacteriophage o29 in DNA packaging .,['DNA Packaging'],['G05.213']
PMC3140409,Role of phi29 connector channel loops in late-stage DNA packaging .,['DNA Packaging'],['G05.213']
PMC3140418,Microwave tomography of extremities : 1. Dedicated 2D system and physiological signatures.,['Extremities'],['A01.378']
PMC3144112,"Fluoride's effects on the formation of teeth and bones, and the influence of genetics.",['Dental Physiological Phenomena'],['G10.549']
PMC3147292,Aryl hydrocarbon receptor-mediated down-regulation of sox9b causes jaw malformation in zebrafish embryos.,['Jaw'],['A14.521']
PMC3147409,"Monitoring the wet-heat inactivation dynamics of single spores of Bacillus species by using Raman tweezers, differential interference contrast microscopy, and nucleic acid dye fluorescence microscopy.",['Nucleic Acid Denaturation'],['G05.627']
PMC3147919,"Contribution of topology determinants of a viral movement protein to its membrane association, intracellular traffic, and viral cell -to- cell movement .",['Cell Movement'],['G04.198']
PMC3148700,Calcium mediates glomerular filtration through calcineurin and mTORC2/Akt signaling.,['Glomerular Filtration Barrier'],['A07.500']
PMC314991,Spectrophotometric and kinetic study of nitrite and formate oxidation in Nitrobacter winogradskyi.,['Oxidation-Reduction'],['G02.700']
PMC3149970,Live dissection of Drosophila embryos: streamlined methods for screening mutant collections by antibody staining.,['Dissection'],['E04.221']
PMC3160947,Microemulsion-based novel transdermal delivery system of tetramethylpyrazine: preparation and evaluation in vitro and in vivo.,['Transdermal Patch'],['E07.935']
PMC3162126,Preferential DNA damage prevention by the E. coli AidB gene: A new mechanism for the protection of specific genes.,['Alkylation'],['G03.059']
PMC3163710,In vitro C3 deposition on Cryptococcus capsule occurs via multiple complement activation pathways.,['Complement Activation'],['G12.274']
PMC3163769,Role of the podocyte in proteinuria.,['Glomerular Filtration Barrier'],['A07.500']
PMC3164649,"Inhibition of competence development, horizontal gene transfer and virulence in Streptococcus pneumoniae by a modified competence stimulating peptide.",['DNA Transformation Competence'],['G05.232']
PMC3164912,Noncovalent polymerization of mesogens crystallizes lysozyme: correlation between nonamphiphilic lyotropic liquid crystal phase and protein crystal formation.,['Crystallization'],['G02.171']
PMC3170616,Axillary lymph node dissection for breast cancer utilizing Harmonic Focus®.,['Ultrasonic Surgical Procedures'],['E04.943']
PMC3174287,Taylor spatial frame in severe foot deformities using double osteotomy: technical approach and primary results.,['Foot Deformities'],['C05.330']
PMC3174483,Large standard deviations and logarithmic-normality: the truth about hemocyte counts in Drosophila.,['Blood Physiological Phenomena'],['G09.188']
PMC3176341,Structures of the bacterial ribosome in classical and hybrid states of tRNA binding.,"['Ribosome Subunits, Small, Bacterial']",['A20.874']
PMC3176418,Role of regulatory T cell populations in controlling graft vs host disease .,['Graft vs Host Disease'],['C20.452']
PMC3178423,Epithelial cell polarity : a major gatekeeper against cancer?,['Cell Polarity'],['G04.250']
PMC3178633,Prostaglandin E receptor subtype EP3 expression in human conjunctival epithelium and its changes in various ocular surface disorders.,['Conjunctival Diseases'],['C11.187']
PMC3189484,Arg kinase regulates epithelial cell polarity by targeting beta1-integrin and small GTPase pathways.,['Cell Polarity'],['G04.250']
PMC3200305,Test characteristics of neck fullness and witnessed neck pulsations in the diagnosis of typical AV nodal reentrant tachycardia.,['Neck'],['A01.598']
PMC3203720,Minimally-invasive parathyroid surgery.,['Video-Assisted Techniques and Procedures'],['E05.956']
PMC3206800,Multiple phenotypes resulting from a mutagenesis screen for pharynx muscle mutations in Caenorhabditis elegans.,['Pharynx'],['A04.623']
PMC3207555,Initial clinical outcomes after completion of training in a Canadian Royal College thoracic surgery program.,['Thoracic Surgical Procedures'],['E04.928']
PMC3209444,Student perception of two different simulation techniques in oral and maxillofacial surgery undergraduate training.,"['Surgery, Oral']",['E06.892']
PMC3213665,Surgical treatment of necrotic scleral calcification using combined conjunctival autografting and an amniotic membrane inlay filling technique.,['Scleral Diseases'],['C11.790']
PMC3215967,Requirement for Pdx1 in specification of latent endocrine progenitors in zebrafish.,['Endocrine Cells'],['A11.382']
PMC321795,Copia is transcriptionally responsive to environmental stress.,['Elements'],['D01.268']
PMC3220114,Extensive physiologic melanin pigmentation on the tongue: An unusual clinical presentation.,['Pigmentation'],['G16.690']
PMC3223587,Comparison of four mathematical models to analyze indicator - dilution curves in the coronary circulation.,['Indicator Dilution Techniques'],['E05.484']
PMC322431,Continuous infusion indicator dilution measurement of limb blood flow and vascular response to magnesium sulfate in normotensive and hypotensive men.,['Indicator Dilution Techniques'],['E05.484']
PMC3227745,Unconventional Kondo effect in redox active single organic macrocyclic transistors.,['Macrocyclic Compounds'],['D04.345']
PMC3228659,Osmosis and diffusion conceptual assessment.,['Osmosis'],['G02.691']
PMC3231202,FPGA-based fused smart sensor for real-time plant-transpiration dynamic estimation.,['Plant Transpiration'],['G15.713']
PMC3234878,Role of scaffold protein afadin dilute domain-interacting protein (ADIP) in platelet-derived growth factor-induced cell movement by activating Rac protein through Vav2 protein.,['Cell Movement'],['G04.198']
PMC3236504,Environmentally persistent free radicals (EPFRs)-2. Are free hydroxyl radicals generated in aqueous solutions?,['Free Radicals'],['D01.339']
PMC3240611,De novo growth zone formation from fission yeast spheroplasts .,['Spheroplasts'],['A11.868']
PMC3245851,Sorosphaerula nom. n. for the plasmodiophorid genus Sorosphaera J. Schroter 1886 ( Rhizaria : Endomyxa: Phytomyxea: Plasmodiophorida).,['Rhizaria'],['B01.680']
PMC3248384,Prediction of drug combinations by integrating molecular and pharmacological data.,['Drug Combinations'],['D26.310']
PMC3253706,Trends over time with commonly performed obstetric and gynecologic inpatient procedures .,['Obstetric Surgical Procedures'],['E04.520']
PMC3257438,Immune mechanisms of Concanavalin A model of autoimmune hepatitis .,"['Hepatitis, Animal']",['C01.436']
PMC3258117,"Novel 3- nitro -1H-1,2,4-triazole-based aliphatic and aromatic amines as anti-chagasic agents.",['Nitro Compounds'],['D02.640']
PMC3266166,Molecular mimicry as a mechanism of autoimmune disease.,['Molecular Mimicry'],['G05.545']
PMC3267995,Estimation and visualization of identity-by-descent within pedigrees simplifies interpretation of complex trait analysis.,['Inheritance Patterns'],['G05.420']
PMC3272648,Dopaminergic Control of the Exploration-Exploitation Trade-Off via the Basal Ganglia .,['Ganglia'],['A08.340']
PMC3279746,Ktu/PF13 is required for cytoplasmic pre-assembly of axonemal dyneins.,['Ciliary Motility Disorders'],['C09.150']
PMC327986,"Computer programs for analysis of nucleic acid hybridization, thermal denaturation , and gel electrophoresis data.",['Nucleic Acid Denaturation'],['G05.627']
PMC3281009,Rheotaxis in larval zebrafish is mediated by lateral line mechanosensory hair cells.,['Lateral Line System'],['A13.564']
PMC3286436,Viscoelastic properties of bovine orbital connective tissue and fat: constitutive models.,['Connective Tissue'],['A10.165']
PMC3294693,Potential arbovirus emergence and implications for the United Kingdom.,['Arboviruses'],['B04.080']
PMC3296038,Functional domain motions in proteins on the ~1-100 ns timescale: comparison of neutron spin-echo spectroscopy of phosphoglycerate kinase with molecular-dynamics simulation.,['Motion'],['G01.482']
PMC3296821,Hydrodynamic delivery of plasmid DNA encoding human FcgammaR-Ig dimers blocks immune-complex mediated inflammation in mice.,['Hydrodynamics'],['G01.342']
PMC3297447,"Floral volatiles, pollinator sharing and diversification in the fig-wasp mutualism: insights from Ficus natalensis, and its two wasp pollinators (South Africa).",['Pollination'],['G15.776']
PMC3298147,"Influence of anaerobiosis and low temperature on Bacillus cereus growth, metabolism, and membrane properties.",['Anaerobiosis'],['G03.078']
PMC3299942,"Oxygen radical absorbance capacity (ORAC) of cyclodextrin-solubilized flavonoids, resveratrol and astaxanthin as measured with the ORAC-EPR method.",['Oxygen Radical Absorbance Capacity'],['E05.657']
PMC3302874,Regular patterns for proteome-wide distribution of protein abundance across species.,['Proteins'],['D12.776']
PMC3311920,"Measurements of single DNA molecule packaging dynamics in bacteriophage lambda reveal high forces, high motor processivity, and capsid transformations.",['DNA Packaging'],['G05.213']
PMC3317272,Pivotal advance: peritoneal cavity B-1 B cells have phagocytic and microbicidal capacities and present phagocytosed antigen to CD4+ T cells.,['Phagocytosis'],['G12.688']
PMC3320164,Ultrahigh resolution characterization of domain motions and correlations by multialignment and multireference residual dipolar coupling NMR.,['Motion'],['G01.482']
PMC3321663,Tigecycline: an evidence-based review of its antibacterial activity and effectiveness in complicated skin and soft tissue and intraabdominal infections .,['Intraabdominal Infections'],['C01.463']
PMC3322341,Role of Mycobacterium tuberculosis pknD in the pathogenesis of central nervous system tuberculosis.,['Central Nervous System'],['A08.186']
PMC3323939,Biotransformation of nitro -polycyclic aromatic compounds by vegetable and fruit cell extracts.,['Nitro Compounds'],['D02.640']
PMC3325941,Insulin signaling as a mechanism underlying developmental plasticity: the role of FOXO in a nutritional polyphenism.,['Horns'],['A13.507']
PMC3329560,Electrode effects on temporal changes in electrolyte pH and redox potential for water treatment.,['Electrolytes'],['D01.248']
PMC3334603,Heat shock factor binding in Alu repeats expands its involvement in stress through an antisense mechanism.,['Antisense Elements (Genetics)'],['D13.150']
PMC3339512,Assessment of public health impact of work-related asthma .,"['Asthma, Occupational']",['C24.102']
PMC3339908,Sustained ocular delivery of ciprofloxacin using nanospheres and conventional contact lens materials.,['Nanospheres'],['E07.595']
PMC3342328,Fragile DNA repair mechanism reduces ageing in multicellular model.,['DNA Repair'],['G05.219']
PMC3344897,"Alpha-toxin induces programmed cell death of human T cells, B cells, and monocytes during USA300 infection.",['Cell Membrane Permeability'],['G04.175']
PMC3346814,Depletion of cellular pre- replication complex factors results in increased human cytomegalovirus DNA replication .,['DNA Replication'],['G05.226']
PMC3347606,Characteristics of Artificial Virus-like Particles Assembled in vitro from Potato Virus X Coat Protein and Foreign Viral RNAs.,['Artificial Virus-Like Particles'],['A21.063']
PMC3348050,Exploring drug combinations in genetic interaction network.,['Drug Combinations'],['D26.310']
PMC3348320,Hip injuries in the overhead athlete.,['Hip Injuries'],['C26.531']
PMC3352699,Self-perceived video-assisted thoracic surgery lobectomy proficiency by recent graduates of North American thoracic residencies.,['Thoracic Surgical Procedures'],['E04.928']
PMC3353307,Back to natural fiber: wool color influences its sensitivity to enzymatic treatment.,['Wool'],['A13.970']
PMC3357650,Nuclear energy .,['Nuclear Energy'],['G01.536']
PMC3358998,Dialysate flow rate and delivered Kt/Vurea for dialyzers with enhanced dialysate flow distribution.,['Dialysis'],['G02.186']
PMC3362248,Mechanical signals at the base of a rat vibrissa : the effect of intrinsic vibrissa curvature and implications for tactile exploration.,['Vibrissae'],['A13.950']
PMC3366441,"A double-blinded, randomized, controlled trial to quantitate photoprotective effects of an antioxidant combination product.",['Oxygen Radical Absorbance Capacity'],['E05.657']
PMC3366970,"Epicoccum nigrum P16, a sugarcane endophyte , produces antifungal compounds and induces root growth.",['Endophytes'],['B05.237']
PMC3371178,Screening for chemicals that affect hair cell death and survival in the zebrafish lateral line .,['Lateral Line System'],['A13.564']
PMC3374288,Laryngeal transplantation in minipigs: early immunological outcomes.,['Larynx'],['A04.329']
PMC3375360,"Novel 3- nitro -1H-1,2,4-triazole-based amides and sulfonamides as potential antitrypanosomal agents.",['Nitro Compounds'],['D02.640']
PMC3375772,Molecular characteristics and alterations during early development of the human vagina.,['Mullerian Ducts'],['A16.623']
PMC3376456,Sensory epithelial cells acquire features of prosensory cells via epithelial to mesenchymal transition.,['Epithelial Cells'],['A11.436']
PMC3383095,Interactions of Candida albicans with epithelial cells .,['Epithelial Cells'],['A11.436']
PMC3386170,The Rose- comb mutation in chickens constitutes a structural rearrangement causing both altered comb morphology and defective sperm motility.,['Comb and Wattles'],['A13.242']
PMC3390513,Characterisation of connective tissue from the hypertrophic skeletal muscle of myostatin null mice.,['Connective Tissue'],['A10.165']
PMC3391005,Novel insight into stem cell trafficking in dystrophic muscles.,"['Muscular Dystrophy, Animal']",['C22.595']
PMC3391890,Acute microbiologically negative hypoxic interstitial pneumonia on HAART: Immune Reconstitution Inflammatory Syndrome unmasking Pneumocystis jiroveci infection with an atypical presentation.,['Immune Reconstitution Inflammatory Syndrome'],['C20.608']
PMC3392970,Sustaining cardiac claudin-5 levels prevents functional hallmarks of cardiomyopathy in a muscular dystrophy mouse model.,"['Muscular Dystrophy, Animal']",['C22.595']
PMC3395367,"B cell proliferation, somatic hypermutation, class switch recombination, and autoantibody production in ectopic lymphoid tissue in murine lupus.",['Lymphoid Tissue'],['A10.549']
PMC3408315,Stem cell-based therapeutic applications in retinal degenerative diseases .,['Retinal Diseases'],['C11.768']
PMC3413194,Gingival tissue transcriptomes in experimental gingivitis .,['Gingivitis'],['C01.408']
PMC3413439,The tear film characteristics of spontaneous subconjunctival hemorrhage patients detected by Schirmer test I and tear interferometry .,['Interferometry'],['E05.490']
PMC3413678,Uncoupling the effects of seed predation and seed dispersal by granivorous ants on plant population dynamics.,['Seed Dispersal'],['G15.808']
PMC3414643,Stress and matrix-responsive cytoskeletal remodeling in fibroblasts.,"['Connective Tissue', 'Connective Tissue Cells']","['A10.165', 'A11.329']"
PMC3416880,Characterization of the homogeneous tissue mixture approximation in breast imaging dosimetry.,['Breast'],['A01.236']
PMC3416991,"Prolonged bleeding due to a medicinal leech bite: another treatment method, primary suture.",['Leeching'],['E02.596']
PMC3417092,Prenatal counseling for cloaca and cloacal exstrophy-challenges faced by pediatric surgeons.,['Cloaca'],['A13.223']
PMC342698,Physical properties of inner histone-DNA complexes.,['Nucleic Acid Denaturation'],['G05.627']
PMC3427340,Ideal-observer detectability in photon-counting differential phase-contrast imaging using a linear-systems approach.,['Interferometry'],['E05.490']
PMC3428036,Development and fibronectin signaling requirements of the zebrafish interrenal vessel.,['Interrenal Gland'],['A13.530']
PMC3429919,Genetic architecture of variation in the lateral line sensory system of threespine sticklebacks.,['Lateral Line System'],['A13.564']
PMC3430289,Reduction - oxidation photocycle dynamics of flavins in starch films.,['Oxidation-Reduction'],['G02.700']
PMC3430982,"Engineering microbial chemical factories to produce renewable ""biomonomers"".",['Specialty Uses of Chemicals'],['D27.720']
PMC3431289,Finite element implementation of mechanochemical phenomena in neutral deformable porous media under finite deformation.,['Mechanical Phenomena'],['G01.374']
PMC3445519,"Diversities in virulence, antifungal activity, pigmentation and DNA fingerprint among strains of Burkholderia glumae.",['Pigmentation'],['G16.690']
PMC344915,Altered temporal expression of DNA repair in hypermutable Bloom's syndrome cells.,['DNA Repair'],['G05.219']
PMC3454535,Dendrimer-based contrast agents for molecular imaging.,"['Chemistry Techniques, Synthetic']",['E05.197']
PMC3455792,Correlation of NK cell activation and inhibition markers with NK cytoxicity among women experiencing immunologic implantation failure after in vitro fertilization and embryo transfer.,"['Cytotoxicity, Immunologic']",['G12.287']
PMC3456224,Alcohol use and incarceration adversely affect HIV-1 RNA suppression among injection drug users starting antiretroviral therapy .,['Drug Therapy'],['E02.319']
PMC3456349,Protein surface dynamics: interaction with water and small solutes.,['Proteins'],['D12.776']
PMC3460339,Predictive value of neutrophil infiltration as a marker of Helicobacter pylori infection.,['Neutrophil Infiltration'],['G12.632']
PMC3461281,Lipids of archaeal viruses .,['Archaeal Viruses'],['B04.100']
PMC3462349,Measuring muscle blood flow: a key link between systemic and regional metabolism.,['Indicator Dilution Techniques'],['E05.484']
PMC3466348,Paladin is an antiphosphatase that regulates neural crest cell formation and migration.,['Neural Crest'],['A16.627']
PMC3473469,Hepatic artery-targeting guidewire technique during transjugular intrahepatic portosystemic shunt.,['Punctures'],['E02.800']
PMC3474819,Depletion of regulatory T lymphocytes reverses the imbalance between pro- and anti-tumor immunities via enhancing antigen-specific T cell immune responses.,"['Dose-Response Relationship, Immunologic']",['G12.300']
PMC3475141,Rapid detection of high-level oncogene amplifications in ultrasonic surgical aspirations of brain tumors.,['Ultrasonic Surgical Procedures'],['E04.943']
PMC3475208,Notch signaling differentially regulates the cell fate of early endocrine precursor cells and their maturing descendants in the mouse pancreas and intestine.,['Endocrine Cells'],['A11.382']
PMC3475715,DNA methyltransferase 3b is dispensable for mouse neural crest development.,['Neural Crest'],['A16.627']
PMC347579,Surface peptide mapping of protein I and protein III of four strains of Neisseria gonorrhoeae.,['Peptides'],['D12.644']
PMC3475842,"International veterinary bioequivalence guideline similarities and differences between Australia, Canada, Europe, Japan, New Zealand and the United States.",['Veterinary Drugs'],['D26.939']
PMC3476325,CCL2/CCR2 chemokine signaling coordinates survival and motility of breast cancer cells through Smad3 protein- and p42/44 mitogen-activated protein kinase (MAPK)-dependent mechanisms.,['Cell Survival'],['G04.346']
PMC347785,Role of macrophages in the lymphocyte response to Actinomyces viscosus.,['Lymphocyte Cooperation'],['G12.575']
PMC3477854,""" Life in a germ - free world"": isolating life from the laboratory animal to the bubble boy.",['Germ-Free Life'],['G06.320']
PMC3479280,An analysis of risk factors associated with traumatic extremity amputation stump wound infection in a Nigerian setting.,"['Amputation, Traumatic']",['C26.062']
PMC348026,Hemadsorption and virulence are separable properties of Mycoplasma pneumoniae.,['Hemadsorption'],['G06.365']
PMC3480305,Verticillium infection triggers VASCULAR -RELATED NAC DOMAIN7-dependent de novo xylem formation and enhances drought tolerance in Arabidopsis.,['Plant Vascular Bundle'],['A18.450']
PMC3481160,Allylic nitro compounds as nitrite donors.,['Nitro Compounds'],['D02.640']
PMC3482346,Structural tissue organization in the beak of Java and Darwin's finches.,['Beak'],['A13.114']
PMC3483442,"A survey of 6,300 genomic fragments for cis-regulatory activity in the imaginal discs of Drosophila melanogaster.",['Imaginal Discs'],['A13.518']
PMC3492332,Is wetter better? An evaluation of over-the-counter personal lubricants for safety and anti-HIV-1 activity.,['Osmolar Concentration'],['G02.640']
PMC3493316,Assessment of desiccants and their instructions for use in rapid diagnostic tests.,['Desiccation'],['G02.176']
PMC3494275,Fish lateral line innovation: insights into the evolutionary genomic dynamics of a unique mechanosensory organ.,['Lateral Line System'],['A13.564']
PMC3495007,Elusive metal-free primary amination of arylboronic acids: synthetic studies and mechanism by density functional theory.,['Amination'],['G03.068']
PMC349771,Transepithelial migration of human neutrophils: an in vitro model system.,['Micropore Filters'],['E07.560']
PMC350377,Role of adenylate cyclase in immunologic release of mediators from rat mast cells: agonist and antagonist effects of purine- and ribose-modified adenosine analogs.,"['Dose-Response Relationship, Immunologic']",['G12.300']
PMC3505799,Survey of injury sources for a trampoline with equipment hazards designed out.,['Equipment Design'],['E05.320']
PMC3505888,Determining all parameters necessary to build Hill-type muscle models from experiments on single muscles .,['Muscles'],['A02.633']
PMC3507143,A phase 1 trial of the anti-KIR antibody IPH2101 in patients with relapsed/refractory multiple myeloma.,"['Cytotoxicity, Immunologic']",['G12.287']
PMC3510240,Epigenetics of host-pathogen interactions : the road ahead and the road behind.,['Host-Pathogen Interactions'],['G06.462']
PMC3511575,Adult cardiac progenitor cell aggregates exhibit survival benefit both in vitro and in vivo.,['Cell Survival'],['G04.346']
PMC3515514,Sonic Hedgehog-signalling patterns the developing chicken comb as revealed by exploration of the pea- comb mutation.,['Comb and Wattles'],['A13.242']
PMC3515740,Augmented intrarenal and urinary angiotensinogen in hypertension and chronic kidney disease.,['Renin-Angiotensin System'],['G03.820']
PMC3520080,Intermittent high-volume predilution on-line haemofiltration versus standard intermittent haemodialysis in critically ill patients with acute kidney injury: a prospective randomized study.,['Recovery of Function'],['G16.757']
PMC3520230,Relationship between radiation dose reduction and image quality change in photostimulable phosphor luminescence X-ray imaging systems.,['X-Ray Film'],['E07.960']
PMC3522238,Inbreeding depression in self -incompatible North-American Arabidopsis lyrata: disentangling genomic and S-locus-specific genetic load.,['Self-Fertilization'],['G15.830']
PMC3527615,Modeling the winter-to-summer transition of prokaryotic and viral abundance in the Arctic Ocean.,['Prokaryotic Cells'],['A11.760']
PMC3528370,The dominant human conjunctival epithelial CD8alphabeta+ T cell population is maintained with age but the number of CD4+ T cells increases.,['Conjunctival Diseases'],['C11.187']
PMC3528532,Compression of the DNA substrate by a viral packaging motor is supported by removal of intercalating dye during translocation.,['DNA Packaging'],['G05.213']
PMC3528601,"Diversification of doublesex function underlies morph-, sex-, and species-specific development of beetle horns .",['Horns'],['A13.507']
PMC3530577,Causes of ring-related leg injuries in birds - evidence and recommendations from four field studies.,['Leg Injuries'],['C26.558']
PMC3530838,"""It's not just what the doctor tells me:"" factors that influence surrogate decision-makers' perceptions of prognosis .",['Prognosis'],['E01.789']
PMC3536146,Altered Toll-like receptor 9 signaling in Mycobacterium avium subsp. paratuberculosis -infected bovine monocytes reveals potential therapeutic targets.,['Paratuberculosis'],['C22.688']
PMC3536809,Comparison of hemodynamic and inflammatory changes between transoral and transthoracic thoracoscopic surgery.,['Thoracic Surgical Procedures'],['E04.928']
PMC3542458,Exome sequencing identifies mutations in CCDC114 as a cause of primary ciliary dyskinesia.,['Ciliary Motility Disorders'],['C09.150']
PMC3544262,Material flow analysis of fossil fuels in China during 2000-2010.,['Fossil Fuels'],['D20.345']
PMC3544584,"Integrated miRNA, mRNA and protein expression analysis reveals the role of post-transcriptional regulation in controlling CHO cell growth rate.",['Cell Growth Processes'],['G04.161']
PMC3545744,Agrobacterium tumefaciens recognizes its host environment using ChvE to bind diverse plant sugars as virulence signals.,['Sugar Acids'],['D09.811']
PMC3547491,Postnatal growth defects in mice with constitutive depletion of central serotonin.,['Growth and Development'],['G07.345']
PMC3547919,The non- peptidic part determines the internalization mechanism and intracellular trafficking of peptide amphiphiles.,['Peptides'],['D12.644']
PMC355062,Penetration of a bacteriophage into Bacillus subtilis: blockage of infection by deoxyribonuclease.,['Protoplasts'],['A11.789']
PMC355128,Metabolic requirements for the development of hemadsorption activity and virus formation in BHK-21 cells infected with Newcastle disease virus.,['Hemadsorption'],['G06.365']
PMC3552412,"Incremental evolution of the neural crest , neural crest cells and neural crest -derived skeletal tissues.",['Neural Crest'],['A16.627']
PMC3552467,Evaluation of the correlation between dental occlusion and posture using a force platform.,['Dental Occlusion'],['E06.276']
PMC3553873,Sonication of explanted cardiac implants improves microbial detection in cardiac device infections.,['Device Removal'],['E04.199']
PMC3558702,Janus-faced microglia: beneficial and detrimental consequences of microglial phagocytosis .,['Phagocytosis'],['G12.688']
PMC3560248,Indehiscent sporangia enable the accumulation of local fern diversity at the Qinghai-Tibetan Plateau.,['Sporangia'],['A18.560']
PMC3560814,"Prevention of communication disorders --screening pre-school and school-age children for problems with hearing, vision and speech: European Consensus Statement.",['Vision Disorders'],['C11.966']
PMC3561421,Dlk1 is a negative regulator of emerging hematopoietic stem and progenitor cells.,['Mesonephros'],['A16.599']
PMC3562002,Volatility in mRNA secondary structure as a design principle for antisense .,['Antisense Elements (Genetics)'],['D13.150']
PMC3563738,Matrix metalloproteinases and educational attainment in refractive error: evidence of gene-environment interactions in the Age-Related Eye Disease Study.,"['Refraction, Ocular']",['G14.760']
PMC3564141,"Nature, nurture and evolution of intra-species variation in mosquito arbovirus transmission competence.",['Arboviruses'],['B04.080']
PMC3564930,Horizontal gene transfer of a chloroplast DnaJ-Fer protein to Thaumarchaeota and the evolutionary history of the DnaK chaperone system in Archaea.,['Viridiplantae'],['B01.875']
PMC3565527,Anticipatory motor patterns limit muscle stretch during landing in toads.,['Muscles'],['A02.633']
PMC3569973,"Encephalopathy, hypoglycemia, and flailing extremities: a case of bilateral chorea-ballism associated with diabetic ketoacidosis.",['Ganglia'],['A08.340']
PMC3573932,Crusted scabies-associated immune reconstitution inflammatory syndrome .,['Immune Reconstitution Inflammatory Syndrome'],['C20.608']
PMC3574331,The relative contribution of co- infection to focal infection risk in children.,['Focal Infection'],['C01.392']
PMC3574361,A family of diatom-like silicon transporters in the siliceous loricate choanoflagellates.,['Stramenopiles'],['B01.750']
PMC3576821,A non-genetic route to aneuploidy in human cancers.,['Cell-in-Cell Formation'],['G04.165']
PMC358052,Epstein-Barr virus and human diseases : recent advances in diagnosis.,['Virus Diseases'],['C01.925']
PMC3585136,Phylodynamic analysis of the emergence and epidemiological impact of transmissible defective dengue viruses .,['Defective Viruses'],['B04.265']
PMC3587213,Insects groom their antennae to enhance olfactory acuity.,['Arthropod Antennae'],['A13.093']
PMC358990,DNA repair synthesis during base excision repair in vitro is catalyzed by DNA polymerase epsilon and is influenced by DNA polymerases alpha and delta in Saccharomyces cerevisiae.,['DNA Repair'],['G05.219']
PMC3597854,"An audit of ear , nose and throat diseases in a tertiary health institution in South-western Nigeria.",['Ear Diseases'],['C09.218']
PMC3597887,Scleral thickness in highly myopic eyes measured by enhanced depth imaging optical coherence tomography.,['Scleral Diseases'],['C11.790']
PMC3598315,Connective tissue spectrum abnormalities associated with spontaneous cerebrospinal fluid leaks: a prospective study.,['Connective Tissue'],['A10.165']
PMC3604909,Conserved regional 3' grouping of rare codons in the coding sequence of ocular prosecretory mitogen lacritin.,['Lacrimal Elimination'],['G14.540']
PMC3607970,Tertiary lymphoid organs in lymphatic malformations.,['Lymphoid Tissue'],['A10.549']
PMC3623191,Nitrogen removal by a nitritation -anammox bioreactor at low temperature.,['Nitrites'],['D02.633']
PMC3624538,Topology and accessibility of germination proteins in the Bacillus subtilis spore inner membrane.,['Spores'],['A11.870']
PMC3626549,Blocking abdominal lymphatic flow attenuates acute hemorrhagic necrotizing pancreatitis -associated lung injury in rats.,"['Drainage', 'Drainage']","['E02.309', 'E04.237']"
PMC3637014,The adaptor molecule SAP plays essential roles during invariant NKT cell cytotoxicity and lytic synapse formation.,"['Cytotoxicity, Immunologic']",['G12.287']
PMC3638487,Risk factor-dependent dynamics of atopic dermatitis: modelling multi-scale regulation of epithelium homeostasis.,['Epithelium'],['A10.272']
PMC3638648,"Archaeal viruses , not archaeal phages: an archaeological dig.",['Archaeal Viruses'],['B04.100']
PMC3639249,Loss of PINK1 increases the heart 's vulnerability to ischemia-reperfusion injury.,['Heart'],['A07.541']
PMC3644300,Animal models for highly pathogenic emerging viruses.,"['Disease Models, Animal']",['C22.232']
PMC3654672,High-throughput immunofluorescence microscopy using yeast spheroplast cell-based microarrays.,['Spheroplasts'],['A11.868']
PMC3655715,Mechanical resonance enhances the sensitivity of the vibrissa sensory system to near-threshold stimuli.,['Vibrissae'],['A13.950']
PMC3659321,"Hydroxylated derivatives of dimethoxy-1,4-benzoquinone as redox switchable earth-alkaline metal ligands and radical scavengers.",['Hydroxylation'],['G03.425']
PMC3663898,Small molecule inhibitors of ER α-glucosidases are active against multiple hemorrhagic fever viruses.,['Imino Sugars'],['D09.553']
PMC3674356,Modeling cell -in- cell structure into its biological significance.,['Cell-in-Cell Formation'],['G04.165']
PMC3674788,A perspective on free radical autoxidation: the physical organic chemistry of polyunsaturated fatty acid and sterol peroxidation.,['Heterocyclic Oxides'],['D03.661']
PMC3675985,"Characterization of TtALV2, an essential charged repeat motif protein of the Tetrahymena thermophila membrane skeleton.",['Alveolata'],['B01.043']
PMC3679254,Antisense transcript long noncoding RNA (lncRNA) HOTAIR is transcriptionally induced by estradiol.,['Antisense Elements (Genetics)'],['D13.150']
PMC3681309,High efficiency secondary somatic embryogenesis in Hovenia dulcis Thunb. through solid and liquid cultures.,['Plant Somatic Embryogenesis Techniques'],['G15.698']
PMC3681444,Approach to traumatic hand injuries for primary care physicians.,['Hand Injuries'],['C26.448']
PMC3684003,Historical overview of transplantation .,['Transplantation'],['E04.936']
PMC3690452,Noninvasive temporal artery thermometry as an alternative to rectal thermometry in research macaques ( Macaca spp.).,['Thermometry'],['E05.933']
PMC3694607,Beetle horns and horned beetles: emerging models in developmental evolution and ecology.,['Horns'],['A13.507']
PMC3695048,Assessing factors related to the pharmacologic management of laryngeal diseases and disorders.,['Laryngeal Diseases'],['C09.400']
PMC3697659,Targeting the treponemal microbiome of digital dermatitis infections by high-resolution phylogenetic analyses and comparison with fluorescent in situ hybridization.,['Digital Dermatitis'],['C22.214']
PMC3697738,Psychophysical properties of low-frequency hearing: implications for perceiving speech and music via electric and acoustic stimulation .,['Acoustic Stimulation'],['E02.037']
PMC3697828,Phage-bacterium war on polymeric surfaces: can surface-anchored bacteriophages eliminate microbial infections?,['Bacteriophages'],['B04.123']
PMC3698872,The role of p38 in mitochondrial respiration in male and female mice.,['Cell Respiration'],['G04.270']
PMC3700852,Determinants of preventive oral health behaviour among senior dental students in Nigeria.,['Preventive Dentistry'],['E06.761']
PMC3705325,Genomic and epigenomic insights into nutrition and brain disorders .,['Nutrition Disorders'],['C18.654']
PMC3705564,"Effects of pulling forces, osmotic pressure, condensing agents and viscosity on the thermodynamics and kinetics of DNA ejection from bacteriophages to bacterial cells: a computational study.",['Bacteriophages'],['B04.123']
PMC370604,Neutrophil-endothelial cell interactions on endothelial monolayers grown on micropore filters .,['Micropore Filters'],['E07.560']
PMC3706811,Topological and electrical control of cardiac differentiation and assembly.,['In Vitro Techniques'],['E05.481']
PMC371342,Influence of the Escherichia coli capsule on complement fixation and on phagocytosis and killing by human phagocytes.,['Phagocytosis'],['G12.688']
PMC3714966,Exchangeable colloidal AFM probes for the quantification of irreversible and long-term interactions.,['Colloids'],['D20.280']
PMC3715817,Bisphosphonate-coated external fixation pins appear similar to hydroxyapatite-coated pins in the tibial metaphysis and to uncoated pins in the shaft.,['Dental Pins'],['E06.292']
PMC3718518,The caligid life cycle : new evidence from Lepeophtheirus elegans reconciles the cycles of Caligus and Lepeophtheirus (Copepoda: Caligidae).,['Life Cycle Stages'],['B05.500']
PMC3721458,Neuronal regulation of tendon homoeostasis .,['Homeostasis'],['G07.410']
PMC3737130,Silica desiccant packets for storage and transport of Streptococcus pneumoniae and other clinically relevant species.,['Desiccation'],['G02.176']
PMC3737632,Legal and regulatory challenges currently facing diabetes treatment providers and related durable medical equipment suppliers.,['Durable Medical Equipment'],['E07.278']
PMC3739892,Heavy reliance on carbohydrate across a wide range of exercise intensities during voluntary arm ergometry in persons with paraplegia.,['Ergometry'],['E05.333']
PMC3742205,Complexes of silver (I) ions and silver phosphate nanoparticles with hyaluronic acid and/or chitosan as promising antimicrobial agents for vascular grafts.,['Silver Compounds'],['D01.847']
PMC3742897,Plasma cell gingivitis associated with inflammatory chelitis: a report on a rare case.,['Gingivitis'],['C01.408']
PMC3751562,Transdifferentiation of pancreatic cells by loss of contact-mediated signaling.,['Cell Transdifferentiation'],['G04.356']
PMC3753524,Development and application of a novel metric to assess effectiveness of biomedical data.,['Elements'],['D01.268']
PMC3754181,Relationship between presence of cows with milk positive for Mycobacterium avium subsp. paratuberculosis -specific antibody by enzyme-linked immunosorbent assay and viable M. avium subsp. paratuberculosis in dust in cattle barns.,['Paratuberculosis'],['C22.688']
PMC3754856,Lung dendritic cells imprint T cell lung homing and promote lung immunity through the chemokine receptor CCR4.,['Lung'],['A04.411']
PMC3759258,Comparison of ultrasonic and pneumatic intracorporeal lithotripsy techniques during percutaneous nephrolithotomy.,['Ultrasonic Surgical Procedures'],['E04.943']
PMC375961,Characterization of bluetongue virus ribonucleic acid .,['Nucleic Acid Denaturation'],['G05.627']
PMC3767221,High-resolution optical tweezers for single-molecule manipulation.,['Optical Tweezers'],['E05.650']
PMC3768499,"Aerobic bacterial microflora of Broad-snouted caiman (Caiman latirostris) oral cavity and cloaca , originating from parque Zoologico Arruda Camara, Paraiba, Brazil.",['Cloaca'],['A13.223']
PMC3771079,The basal ganglia 's contributions to perceptual decision making.,['Ganglia'],['A08.340']
PMC3772547,Kidney organogenesis in the zebrafish: insights into vertebrate nephrogenesis and regeneration.,['Mesonephros'],['A16.599']
PMC3774014,"Facile Access to Ring-Fused Aminals via Direct alpha- Amination of Secondary Amines with ortho-Aminobenzaldehydes. Synthesis of Vasicine, Deoxyvasicine, Deoxyvasicinone, Mackinazolinone and Ruteacarpine.",['Amination'],['G03.068']
PMC3774649,Vibrissae motor cortex unit activity during whisking.,['Vibrissae'],['A13.950']
PMC3775092,"SuperNova, a monomeric photosensitizing fluorescent protein for chromophore-assisted light inactivation .",['Chromophore-Assisted Light Inactivation'],['E05.198']
PMC3777849,"Vaccination of volunteers with low- dose , live-attenuated, dengue viruses leads to serotype-specific immunologic and virologic profiles.","['Dose-Response Relationship, Immunologic']",['G12.300']
PMC3778216,Prevalence of pulmonary arterial hypertension in patients with connective tissue diseases : a systematic review of the literature.,['Connective Tissue Diseases'],['C17.300']
PMC3778243,Regulation of constitutive and alternative splicing by PRMT5 reveals a role for Mdm4 pre-mRNA in sensing defects in the spliceosomal machinery.,"['RNA Processing, Post-Transcriptional']",['G03.839']
PMC3784067,"""Zebrafishing"" for novel genes relevant to the glomerular filtration barrier .",['Glomerular Filtration Barrier'],['A07.500']
PMC3785866,Interrogating biology with force: single molecule high-resolution measurements with optical tweezers .,['Optical Tweezers'],['E05.650']
PMC3790812,Finite element simulations of hydrodynamic trapping in microfluidic particle-trap array systems.,['Microspheres'],['E07.565']
PMC3791681,Excess podocyte semaphorin-3A leads to glomerular disease involving plexinA1-nephrin interaction.,['Glomerular Filtration Barrier'],['A07.500']
PMC3794041,Potential risk of regional disease spread in West Africa through cross-border cattle trade.,['Cattle Diseases'],['C22.196']
PMC3797821,"Classification, naming and evolutionary history of glycosyltransferases from sequenced green and red algal genomes.",['Rhodophyta'],['B01.715']
PMC3800009,Immunologic difference between hypersensitivity to mosquito bite and hemophagocytic lymphohistiocytosis associated with Epstein-Barr virus infection.,"['Cytotoxicity, Immunologic']",['G12.287']
PMC3803453,Carcinoma of the pancreas and related structures.,['Pancreas'],['A03.734']
PMC3804158,Optogenetic inhibition of synaptic release with chromophore-assisted light inactivation (CALI).,['Chromophore-Assisted Light Inactivation'],['E05.198']
PMC3806820,Local IL-17A potentiates early neutrophil recruitment to the respiratory tract during severe RSV infection.,['Neutrophil Infiltration'],['G12.632']
PMC380869,Quantitative assessment of hemadsorption by myxoviruses: virus hemadsorption assay.,['Hemadsorption'],['G06.365']
PMC3808691,Hyperperfusion in progressive multifocal leukoencephalopathy is associated with disease progression and absence of immune reconstitution inflammatory syndrome .,['Immune Reconstitution Inflammatory Syndrome'],['C20.608']
PMC380870,Quantitative assessment of hemadsorption by myxoviruses: anti-immunoglobulin G hemadsorption -inhibition test.,['Hemadsorption'],['G06.365']
PMC3809926,Evaluating the impact of treatment for sleep / wake disorders on recovery of cognition and communication in adults with chronic TBI.,['Sleep Wake Disorders'],['C10.886']
PMC3813343,Active pollination favours sexual dimorphism in floral scent.,['Pollination'],['G15.776']
PMC3814332,Mobility of the native Bacillus subtilis conjugative plasmid pLS20 is regulated by intercellular signaling .,['Intercellular Signaling Peptides and Proteins'],['D23.529']
PMC3815384,The potential of bacteria isolated from ruminal contents of seaweed-eating North Ronaldsay sheep to hydrolyse seaweed components and produce methane by anaerobic digestion in vitro.,['Polysaccharides'],['D09.698']
PMC3815772,Genomic signatures of fifth autotrophic carbon assimilation pathway in bathypelagic Crenarchaeota .,['Crenarchaeota'],['B02.075']
PMC3816559,Epigenetic drug 5-azacytidine impairs proliferation of rat limb buds in an organotypic model-system in vitro.,['Limb Buds'],['A16.567']
PMC3817156,The 5'-3' exoribonuclease Pacman (Xrn1) regulates expression of the heat shock protein Hsp67Bc and the microRNA miR-277-3p in Drosophila wing imaginal discs .,['Imaginal Discs'],['A13.518']
PMC3821685,Stable performance of non-aerated two-stage partial nitritation /anammox (PANAM) with minimal process control.,['Nitrites'],['D02.633']
PMC3822750,Dedifferentiation derived cells exhibit phenotypic and functional characteristics of epidermal stem cells .,['Epidermal Cells'],['A11.409']
PMC3824542,Mobility of core water in Bacillus subtilis spores by 2H NMR.,['Spores'],['A11.870']
PMC3824662,Rapid reuptake of granzyme B leads to emperitosis: an apoptotic cell -in- cell death of immune killer cells inside tumor cells.,['Cell-in-Cell Formation'],['G04.165']
PMC3825953,Application of percutaneous cervical nucleoplasty using the navigable disc decompression device in patient of cervical herniated intervertebral disc: a case report.,['Decompression'],['E02.278']
PMC3826833,A mill based instrument and software system for dissecting slide-mounted tissue that provides digital guidance and documentation.,['Dissection'],['E04.221']
PMC383094,Spatial distribution of marine crenarchaeota group I in the vicinity of deep-sea hydrothermal systems.,['Crenarchaeota'],['B02.075']
PMC3832768,Hyposalivation in autoimmune diseases .,['Mouth Diseases'],['C07.465']
PMC3836375,"Alkyne-azide cycloaddition catalyzed by silver chloride and ""abnormal"" silver N-heterocyclic carbene complex.",['Silver Compounds'],['D01.847']
PMC3840383,Local and remote ischemic preconditioning protect against intestinal ischemic /reperfusion injury after supraceliac aortic clamping.,['Ischemic Preconditioning'],['E05.516']
PMC3845191,Gene product 0.4 increases bacteriophage T7 competitiveness by inhibiting host cell division.,['Bacteriophages'],['B04.123']
PMC3853653,Experimental estimates of peak skin dose and its relationship to the CT dose index using the CTDI head phantom.,"['Tomography Scanners, X-Ray Computed']",['E07.913']
PMC3854969,Active transport and diffusion barriers restrict Joubert Syndrome-associated ARL13B/ARL-13 to an Inv-like ciliary membrane subdomain.,['Ciliary Motility Disorders'],['C09.150']
PMC3856768,Chiral colloidal molecules and observation of the propeller effect.,['Colloids'],['D20.280']
PMC3858787,Different bacterial communities in ectomycorrhizae and surrounding soil.,['Plant Roots'],['A18.400']
PMC3860235,"Treatment of post-surgical scars of cheek 's mucosa with Er, Cr: YSGG laser.",['Cheek'],['A14.194']
PMC3863738,Bronchus-associated lymphoid tissue in pulmonary hypertension produces pathologic autoantibodies.,['Lymphoid Tissue'],['A10.549']
PMC3865018,Pom1 and cell size homeostasis in fission yeast.,['Cell Size'],['G04.325']
PMC3868586,A penile spine/ vibrissa enhancer sequence is missing in modern and extinct humans but is retained in multiple primates with penile spines and sensory vibrissae .,['Vibrissae'],['A13.950']
PMC3875199,Signaling proteins are represented in tissue fluid/lymph from soft tissues of normal human legs at concentrations different from serum.,['Intercellular Signaling Peptides and Proteins'],['D23.529']
PMC388075,"DNA repair in Escherichia coli mutants deficient in DNA polymerases I, II and-or 3.",['DNA Repair'],['G05.219']
PMC3881489,The Time-dependent Changes in EMG Recorded from the Medial Gastrocnemius of Young and Elderly Amputees.,['Prosthesis Fitting'],['E02.794']
PMC3881895,Rehabilitative treatment of cleft lip and palate: experience of the Hospital for Rehabilitation of Craniofacial Anomalies/USP (HRAC/USP) - Part 5: institutional outcomes assessment and the role of the Laboratory of Physiology.,['Stomatognathic System Abnormalities'],['C07.650']
PMC3886911,GATA6 is a crucial regulator of Shh in the limb bud.,['Limb Buds'],['A16.567']
PMC3889466,"3-Azatetracyclo[5.2.1.1(5,8).0(1,5)]undecane derivatives: from wild-type inhibitors of the M2 ion channel of influenza A virus to derivatives with potent activity against the V27A mutant.",['Bridged-Ring Compounds'],['D04.075']
PMC3891637,"PDGF, NT-3 and IGF-2 in combination induced transdifferentiation of muscle-derived stem cells into Schwann cell -like cells.",['Cell Transdifferentiation'],['G04.356']
PMC3893030,"Clinical, immunologic and genetic profiles of DOCK8-deficient patients in Kuwait.",['Immunologic Deficiency Syndromes'],['C20.673']
PMC3893798,Anticancer activity of small-molecule and nanoparticulate arsenic (III) complexes.,['Arsenicals'],['D02.129']
PMC3898059,"Somatic embryogenesis, tetraploidy, and variant leaf morphology in transgenic diploid strawberry (Fragaria vesca subspecies vesca 'Hawaii 4').",['Regeneration'],['G16.762']
PMC3898976,MRI in necrotizing fasciitis of the extremities.,['Fasciitis'],['C05.321']
PMC3903489,Nasal epithelial cells can act as a physiological surrogate for paediatric asthma studies.,['Epithelial Cells'],['A11.436']
PMC3904040,The role of fungi in diseases of the nose and sinuses.,['Nose Diseases'],['C09.603']
PMC3905244,Controlling stimulation strength and focality in electroconvulsive therapy via current amplitude and electrode size and spacing: comparison with magnetic seizure therapy .,['Magnetic Field Therapy'],['E02.621']
PMC3907496,Quantitative assessment of Mycoplasma hemadsorption activity by flow cytometry.,['Hemadsorption'],['G06.365']
PMC3913962,"Clostridium perfringens strains from bovine enterotoxemia cases are not superior in in vitro production of alpha toxin, perfringolysin O and proteolytic enzymes.",['Enterotoxemia'],['C22.313']
PMC3914653,"Roles of microRNAs in prenatal chondrogenesis, postnatal chondrogenesis and cartilage -related diseases .",['Cartilage Diseases'],['C05.182']
PMC3922432,Cross-sectional and longitudinal associations of circulating omega-3 and omega-6 fatty acids with lipoprotein particle concentrations and sizes: population-based cohort study with 6-year follow-up.,['Particle Size'],['G02.712']
PMC3922582,Abuse of family physicians by patients seeking controlled substances .,['Controlled Substances'],['D26.049']
PMC3923373,Reversible microbial colonization of germ - free mice reveals the dynamics of IgA immune responses.,['Germ-Free Life'],['G06.320']
PMC3929539,Alarming signs and symptoms in febrile children in primary care: an observational cohort study in The Netherlands.,['Signs and Symptoms'],['C23.888']
PMC3931720,Inhibition of post-transcriptional RNA processing by CDK inhibitors and its implication in anti-viral therapy.,"['RNA Processing, Post-Transcriptional']",['G03.839']
PMC3933183,From algae to angiosperms-inferring the phylogeny of green plants ( Viridiplantae ) from 360 plastid genomes.,['Viridiplantae'],['B01.875']
PMC3933742,"Neuroprotective properties of citicoline: facts, doubts and unresolved issues.",['Pharmacologic Actions'],['D27.505']
PMC3935104,"Free radicals properties of gamma-irradiated penicillin-derived antibiotics: piperacillin, ampicillin, and crystalline penicillin.",['Free Radicals'],['D01.339']
PMC3938625,Differential methylation during maize leaf growth targets developmentally regulated genes.,['Cell Growth Processes'],['G04.161']
PMC3941027,European solvent industry group generic exposure scenario risk and exposure tool.,['Specialty Uses of Chemicals'],['D27.720']
PMC3942972,The natural PPAR agonist linoleic acid stimulated insulin release in the rat pancreas.,"['Insulin Secretion', 'Insulin Secretion']","['G03.442', 'G07.475']"
PMC3946042,International Consortium of Rice Mutagenesis : resources and beyond.,['Mutagenesis'],['G05.558']
PMC3947567,Inheritance pattern of Beckwith-Wiedemann syndrome is heterogeneous in 291 families with an affected proband.,['Inheritance Patterns'],['G05.420']
PMC3947664,Interleukin-10 inhibits bone resorption: a potential therapeutic strategy in periodontitis and other bone loss diseases .,['Bone Diseases'],['C05.116']
PMC3948799,Inheritance patterns and stability of DNA methylation variation in maize near-isogenic lines.,['Inheritance Patterns'],['G05.420']
PMC3951278,Statistical mapping of maize bundle intensity at the stem scale using spatial normalisation of replicated images.,['Plant Vascular Bundle'],['A18.450']
PMC3956032,Transnasal endoscopic evaluation of swallowing: a bedside technique to evaluate ability to swallow pureed diets in elderly patients with dysphagia.,['Pharyngeal Diseases'],['C07.550']
PMC3956496,Morphometric Evaluation of Interrenal Gland and Kidney Macrophages Aggregates in Normal Healthy Rainbow Trout (Oncorhynchus mykiss) and after Bacterial Challenge with Yersinia ruckeri.,['Interrenal Gland'],['A13.530']
PMC3957558,Network organization of interstitial connective tissue cells in the human endolymphatic duct.,['Connective Tissue Cells'],['A11.329']
PMC3960180,The association of unfavorable outcomes with the intensity of neurosurgical care in the United States.,['Neurosurgical Procedures'],['E04.525']
PMC3964075,Ethylene-orchestrated circuitry coordinates a seedling 's response to soil cover and etiolated growth.,['Seedlings'],['A18.550']
PMC3966883,Suboptimal herd performance amplifies the spread of infectious disease in the cattle industry.,['Cattle Diseases'],['C22.196']
PMC3969488,Assessment of active pharmaceutical ingredient particle size in tablets by Raman chemical imaging validated using polystyrene microsphere size standards.,['Particle Size'],['G02.712']
PMC3969505,Tumor functional and molecular imaging utilizing ultrasound and ultrasound-mediated optical techniques.,['Optical Imaging'],['E05.642']
PMC3972747,A computational model of the response of adherent cells to stretch and changes in substrate stiffness.,['Mechanical Phenomena'],['G01.374']
PMC397384,Asymmetric catalysis: an enabling science.,['Organic Chemistry Phenomena'],['G02.607']
PMC3979341,Axonal pathology in traumatic brain injury.,['Pathologic Processes'],['C23.550']
PMC3979733,Synergistic and antagonistic drug combinations depend on network topology.,['Drug Combinations'],['D26.310']
PMC3983356,Detergent induction of HEK 293A cell membrane permeability measured under quiescent and superfusion conditions using whole cell patch clamp.,['Cell Membrane Permeability'],['G04.175']
PMC3985168,Midline-derived Shh regulates mesonephric tubule formation through the paraxial mesoderm.,['Mesonephros'],['A16.599']
PMC3987317,Minimally invasive procedures - direct and video-assisted forms in the treatment of heart diseases.,['Video-Assisted Techniques and Procedures'],['E05.956']
PMC3988469,Lhx1 is required in Mullerian duct epithelium for uterine development.,['Mullerian Ducts'],['A16.623']
PMC3989864,Structured mRNA induces the ribosome into a hyper-rotated state.,"['Ribosome Subunits, Small, Bacterial']",['A20.874']
PMC3990523,Genome-wide profiling of yeast DNA:RNA hybrid prone sites with DRIP-chip.,['Antisense Elements (Genetics)'],['D13.150']
PMC3992658,From a structural average to the conformational ensemble of a DNA bulge.,['Interferometry'],['E05.490']
PMC3996596,Locomotor function shapes the passive mechanical properties and operating lengths of muscle .,['Muscles'],['A02.633']
PMC3998373,Arsenate -induced maternal glucose intolerance and neural tube defects in a mouse model.,['Arsenicals'],['D02.129']
PMC4003715,An audit of paediatric mortality patterns in a Nigerian teaching hospital.,['Asphyxia'],['C26.103']
PMC4004177,De novo membranoproliferative glomerulonephritis III in a renal transplant patient: case report and review of the literature.,"['Glomerulonephritis, Membranoproliferative']",['C20.425']
PMC400597,Toluene 3-monooxygenase of Ralstonia pickettii PKO1 is a para- hydroxylating enzyme.,['Hydroxylation'],['G03.425']
PMC4008126,Geared up to stretch: pennate muscle behavior during active lengthening.,['Muscles'],['A02.633']
PMC4009519,"Laparoscopic surgery for benign and malign diseases of the digestive system : indications, limitations, and evidence.",['Digestive System Surgical Procedures'],['E04.210']
PMC4010985,Function of the SpoVAEa and SpoVAF proteins of Bacillus subtilis spores .,['Spores'],['A11.870']
PMC4011777,Childhood Cogan syndrome with aortitis and anti-neutrophil cytoplasmic antibody-associated glomerulonephritis.,['Cogan Syndrome'],['C11.180']
PMC4015786,Volume quantification by contrast-enhanced ultrasound: an in-vitro comparison with true volumes and thermodilution.,['Indicator Dilution Techniques'],['E05.484']
PMC4018240,Proteolytic cleavage of Opa1 stimulates mitochondrial inner membrane fusion and couples fusion to oxidative phosphorylation.,['Membrane Fusion'],['G04.575']
PMC4020437,Ruthenium -based chemotherapeutics: are they ready for prime time?,['Ruthenium Compounds'],['D01.765']
PMC4023330,Identification of a strawberry flavor gene candidate using an integrated genetic-genomic- analytical chemistry approach.,"['Chemistry Techniques, Analytical']",['E05.196']
PMC4026625,Biological and chemical investigation of Allium cepa L. response to selenium inorganic compounds .,['Selenium Compounds'],['D01.810']
PMC4027988,Significance of epigenetic landscape in cartilage regeneration from the cartilage development and pathology perspective.,['Cartilage Diseases'],['C05.182']
PMC403211,A DISCUSSION OF THE FACTORS CONCERNED IN INTRA- OCULAR ABSORPTION .,['Ocular Absorption'],['G14.590']
PMC4035623,Influence of the microenvironment on cell fate determination and migration.,['Cellular Microenvironment'],['G04.366']
PMC4036017,Microbial community analysis in the roots of aquatic plants and isolation of novel microbes including an organism of the candidate phylum OP10.,['Plant Roots'],['A18.400']
PMC4038125,Cell-free biology: exploiting the interface between synthetic biology and synthetic chemistry .,"['Chemistry Techniques, Synthetic']",['E05.197']
PMC4038756,Dimerization of a phage-display selected peptide for imaging of alphavbeta6- integrin: two approaches to the multivalent effect.,['Peptides'],['D12.644']
PMC4039948,"Prolonged, but transient, elevation of liver and biliary function tests in a healthy infant affected with breast milk jaundice.","['Infant, Newborn, Diseases']",['C16.614']
PMC4040864,"A systematic review of electric- acoustic stimulation : device fitting ranges, outcomes, and clinical fitting practices.",['Acoustic Stimulation'],['E02.037']
PMC4045729,Oral medicines for children in the European paediatric investigation plans.,['Dosage Forms'],['D26.255']
PMC4049278,Intestinal microbial diversity during early- life colonization shapes long-term IgE levels.,['Germ-Free Life'],['G06.320']
PMC4052238,Fluid shear stress increases neutrophil activation via platelet-activating factor.,['Neutrophil Activation'],['G12.604']
PMC4052314,New cyclic cystine bridged peptides from the sponge Suberites waedoensis.,['Bridged-Ring Compounds'],['D04.075']
PMC4057050,Intraoperative optical imaging and tissue interrogation during urologic surgery.,['Optical Imaging'],['E05.642']
PMC4057272,The consequences of sudden fluid shifts on body composition in critically ill patients.,['Fluid Shifts'],['G07.313']
PMC4057304,Valsartan regulates myocardial autophagy and mitochondrial turnover in experimental hypertension.,['Mitochondrial Turnover'],['G04.599']
PMC4058021,A DNA repair pathway score predicts survival in human multiple myeloma: the potential for therapeutic strategy.,['DNA Repair'],['G05.219']
PMC4060647,Nonequilibrium dynamics and ultraslow relaxation of confined DNA during viral packaging .,['DNA Packaging'],['G05.213']
PMC4062600,"Correlates of non-adherence to antiretroviral therapy in a cohort of HIV-positive drug users receiving antiretroviral therapy in Hanoi, Vietnam.",['Drug Therapy'],['E02.319']
PMC4063510,Cellular influx and efflux in the heart.,['Indicator Dilution Techniques'],['E05.484']
PMC4069148,Trends in reporting of mechanisms and incidence of hip injuries in males playing minor ice hockey in Canada: a cross-sectional study.,['Hip Injuries'],['C26.531']
PMC4069232,Clinical presentation and outcomes of cardiovascular implantable electronic device infections in hemodialysis patients.,['Device Removal'],['E04.199']
PMC4075201,Custom-made approach to a patient with post-burn breast deformity.,['Breast'],['A01.236']
PMC4075808,Bird fancier's lung complicated by pulmonary nocardiosis.,"[""Bird Fancier's Lung""]",['C24.125']
PMC4077075,Connective tissue growth factor is expressed in bone marrow stromal cells and promotes interleukin-7-dependent B lymphopoiesis.,['Connective Tissue Cells'],['A11.329']
PMC4079622,Clinical hypothermia temperatures increase complement activation and cell destruction via the classical pathway.,['Complement Activation'],['G12.274']
PMC4081502,Differences in functional outcomes for adult patients with prosthodontically -treated and -untreated shortened dental arches: a systematic review.,['Prosthodontics'],['E06.780']
PMC4083790,Hydrodynamics of fossil fishes.,['Hydrodynamics'],['G01.342']
PMC4083807,The genetic covariance between life cycle stages separated by metamorphosis.,['Life Cycle Stages'],['B05.500']
PMC4085176,Compensation for occupational skin diseases .,['Skin Diseases'],['C17.800']
PMC4094556,"Effects of hydration level and heat stress on thermoregulatory responses, hematological and blood rheological properties in growing pigs.",['Blood Physiological Phenomena'],['G09.188']
PMC4096036,Maternal occupational exposure to polycyclic aromatic hydrocarbons and risk of oral cleft-affected pregnancies.,['Polycyclic Aromatic Hydrocarbons'],['D04.615']
PMC4096399,Qualitative and quantitative comparison of the proteome of erythroid cells differentiated from human iPSCs and adult erythroid cells by multiplex TMT labelling and nanoLC-MS/MS.,['Erythroid Cells'],['A11.443']
PMC4104058,Contributions of cell growth and biochemical reactions to nongenetic variability of cells.,['Cell Growth Processes'],['G04.161']
PMC4104065,Collective cell movement promotes synchronization of coupled genetic oscillators.,['Cell Movement'],['G04.198']
PMC4107469,Copy number variants (CNVs) analysis in a deeply phenotyped cohort of individuals with intellectual disability (ID).,['Phenotype'],['G05.695']
PMC4113505,Stereoacuity of preschool children with and without vision disorders .,['Vision Disorders'],['C11.966']
PMC4113993,Flagellar synchronization through direct hydrodynamic interactions.,['Hydrodynamics'],['G01.342']
PMC4119202,In silico single strand melting curve: a new approach to identify nucleic acid polymorphisms in Totiviridae.,['Nucleic Acid Denaturation'],['G05.627']
PMC4123101,Pharmacological induction of pancreatic islet cell transdifferentiation : relevance to type I diabetes.,['Cell Transdifferentiation'],['G04.356']
PMC4131097,Does pulsed magnetic field therapy influence nerve regeneration in the median nerve model of the rat?,['Magnetic Field Therapy'],['E02.621']
PMC4134923,"Direct, catalytic, and regioselective synthesis of 2-alkyl-, aryl-, and alkenyl-substituted N-heterocycles from N- oxides .",['Heterocyclic Oxides'],['D03.661']
PMC4134925,Synthetic and mechanistic aspects of the regioselective base-mediated reaction of perfluoroalkyl- and perfluoroarylsilanes with heterocyclic N- oxides .,['Heterocyclic Oxides'],['D03.661']
PMC4135131,18F-labeled silicon -based fluoride acceptors: potential opportunities for novel positron emitting radiopharmaceuticals.,['Silicon Compounds'],['D01.837']
PMC4136257,Uracil DNA glycosylase BKRF3 contributes to Epstein-Barr virus DNA replication through physical interactions with proteins in viral DNA replication complex.,['DNA Replication'],['G05.226']
PMC4136825,"Exploring the mechanisms of differentiation, dedifferentiation, reprogramming and transdifferentiation .",['Cell Transdifferentiation'],['G04.356']
PMC4137912,Classical Renin-Angiotensin system in kidney physiology.,['Renin-Angiotensin System'],['G03.820']
PMC414046,Macrophages and age-dependent resistance to hepatitis induced by herpes simplex virus type 2 im mice.,['Focal Infection'],['C01.392']
PMC4147936,A cross-sectional retrospective analysis of the regionalization of complex surgery.,['Digestive System Surgical Procedures'],['E04.210']
PMC4149719,Ideal osmotic spaces for chlorobionts or cyanobionts are differentially realized by lichenized fungi.,['Lichens'],['B05.350']
PMC4149763,Lacrimal outflow mechanisms and the role of scintigraphy: current trends.,['Lacrimal Elimination'],['G14.540']
PMC4149819,Testosterone is essential for skeletal muscle growth in aged mice in a heterochronic parabiosis model.,['Parabiosis'],['E05.660']
PMC4153121,Psychomotor vigilance task demonstrates impaired vigilance in disorders with excessive daytime sleepiness.,['Sleep Wake Disorders'],['C10.886']
PMC4155761,Depressive symptoms and the relationship of inflammation to physical signs and symptoms in heart failure patients.,['Signs and Symptoms'],['C23.888']
PMC4156015,Measurement techniques for cellular biomechanics in vitro .,['In Vitro Techniques'],['E05.481']
PMC4159298,Towards long term cultivation of Drosophila wing imaginal discs in vitro.,['Imaginal Discs'],['A13.518']
PMC4161161,Long-range chemical sensitivity in the sulfur K-edge X-ray absorption spectra of substituted thiophenes.,['Fossil Fuels'],['D20.345']
PMC416297,Immune response to sheep red blood cells in mice pretreated with mycobacterial fractions.,"[""Freund's Adjuvant""]",['D20.475']
PMC4172588,The hemodynamically-regulated vascular microenvironment promotes migration of the steroidogenic tissue during its interaction with chromaffin cells in the zebrafish embryo.,['Interrenal Gland'],['A13.530']
PMC4173825,"Mirror, mirror on the wall, which breast is bigger of them all.",['Breast'],['A01.236']
PMC4174395,Germinal center reaction: antigen affinity and presentation explain it all.,"['Clonal Selection, Antigen-Mediated']",['G12.261']
PMC4176298,Refraining from pre-hospital advanced airway management : a prospective observational study of critical decision making in an anaesthesiologist-staffed pre-hospital critical care service.,['Airway Management'],['E02.041']
PMC4185253,Registration of in vivo prostate MRI and pseudo-whole mount histology using Local Affine Transformations guided by Internal Structures (LATIS).,['Pathologic Processes'],['C23.550']
PMC4189771,Differential protein network analysis of the immune cell lineage .,['Cell Lineage'],['G04.172']
PMC4190347,"Genome-wide Twist1 occupancy in endocardial cushion cells, embryonic limb buds , and peripheral nerve sheath tumor cells.",['Limb Buds'],['A16.567']
PMC4191602,Phenyl substituted 4-hydroxypyridazin-3(2H)-ones and 5-hydroxypyrimidin-4(3H)-ones: inhibitors of influenza A endonuclease.,['Aza Compounds'],['D02.145']
PMC4192747,"Autoimmune and other cytopenias in primary immunodeficiencies: pathomechanisms, novel differential diagnoses, and treatment.",['Immunologic Deficiency Syndromes'],['C20.673']
PMC4194731,Medicare beneficiary satisfaction with durable medical equipment suppliers.,['Durable Medical Equipment'],['E07.278']
PMC419675,Lipids in the inner membrane of dormant spores of Bacillus species are largely immobile.,['Spores'],['A11.870']
PMC419710,Biological effects of exposure to magnetic resonance imaging: an overview.,['Magnetic Phenomena'],['G01.358']
PMC4199137,Systematic discovery of novel ciliary genes through functional genomics in the zebrafish.,['Ciliary Motility Disorders'],['C09.150']
PMC4200699,Emerging Animal Parasitic Diseases : A Global Overview and Appropriate Strategies for their Monitoring and Surveillance in Nigeria.,"['Parasitic Diseases, Animal']",['C22.674']
PMC4203478,Genome-wide transcriptome analysis shows extensive alternative RNA splicing in the zoonotic parasite Schistosoma japonicum.,"['RNA Processing, Post-Transcriptional']",['G03.839']
PMC4204668,Size-dependent gender modification in Lilium apertum (Liliaceae): does this species exhibit gender diphasy?,['Hermaphroditic Organisms'],['B05.275']
PMC4208817,Differences in stylet sheath occurrence and the fibrous ring (sclerenchyma) between xCitroncirus plants relatively resistant or susceptible to adults of the Asian citrus psyllid Diaphorina citri (Hemiptera: Liviidae).,['Plant Vascular Bundle'],['A18.450']
PMC4208881,Impact of temporal variation on design and analysis of mouse knockout phenotyping studies.,['Phenotype'],['G05.695']
PMC4212591,Volatile organic silicon compounds in biogases: development of sampling and analytical methods for total silicon quantification by ICP-OES.,['Silicon Compounds'],['D01.837']
PMC4215804,New insights into immune reconstitution inflammatory syndrome of the central nervous system.,['Immune Reconstitution Inflammatory Syndrome'],['C20.608']
PMC4217056,Central decompressive laminoplasty for treatment of lumbar spinal stenosis : technique and early surgical results.,['Decompression'],['E02.278']
PMC4219587,Orthopaedic Disorders in Myotonic Dystrophy Type 1: descriptive clinical study of 21 patients.,['Foot Deformities'],['C05.330']
PMC4220161,Competition between human cells by entosis.,['Cell-in-Cell Formation'],['G04.165']
PMC4220417,Renal responses to three types of renin-angiotensin system blockers in patients with diabetes mellitus on a high-salt diet: a need for higher doses in diabetic patients?,['Renin-Angiotensin System'],['G03.820']
PMC422474,Phagocytosis of microbial L-forms.,['Micropore Filters'],['E07.560']
PMC4225788,Practice of preventive dentistry for nursing staff in primary care.,['Preventive Dentistry'],['E06.761']
PMC4229854,RNA-seq analysis of the influence of anaerobiosis and FNR on Shigella flexneri.,['Anaerobiosis'],['G03.078']
PMC4231252,"Differences in nuclear DNA organization between lymphocytes, Hodgkin and Reed-Sternberg cells revealed by structured illumination microscopy.",['Reed-Sternberg Cells'],['A11.828']
PMC4232320,Nutritional status and physical activity level as risk factor for traumatic dental injuries occurrence: a systematic review.,['Tooth Injuries'],['C26.900']
PMC423248,An actin-like gene can determine cell polarity in bacteria.,['Cell Polarity'],['G04.250']
PMC4234894,Iatrogenic genitourinary fistula: an 18-year retrospective review of 805 injuries.,['Obstetric Surgical Procedures'],['E04.520']
PMC4240269,Using global illumination in volume visualization of rheumatoid arthritis CT data.,"['Tomography Scanners, X-Ray Computed']",['E07.913']
PMC4244318,Epstein-Barr virus infection and persistence in nasopharyngeal epithelial cells .,['Epithelial Cells'],['A11.436']
PMC4248193,"Mechanistic links between gut microbial community dynamics, microbial functions and metabolic health.",['Host Microbial Interactions'],['G06.373']
PMC42541,Acute hepatitis in rats expressing human hepatitis B virus transgenes.,"['Hepatitis, Animal']",['C01.436']
PMC425552,"Primate mammary development . Effects of hypophysectomy, prolactin inhibition, and growth hormone administration.",['Growth and Development'],['G07.345']
PMC4261641,"Diversity and distribution of archaea community along a stratigraphic permafrost profile from Qinghai-Tibetan Plateau, China.",['Crenarchaeota'],['B02.075']
PMC4263428,Epoxidation activities of human cytochromes P450c17 and P450c21.,['Hydroxylation'],['G03.425']
PMC4264842,TNFalpha-dependent development of lymphoid tissue in the absence of RORgammat+ lymphoid tissue inducer cells.,['Lymphoid Tissue'],['A10.549']
PMC4268111,There and back again: development and regeneration of the zebrafish lateral line system .,['Lateral Line System'],['A13.564']
PMC4268569,Preventing infective complications following leech therapy: elimination of symbiotic Aeromonas spp. from the intestine of Hirudo verbana using antibiotic feeding.,['Leeching'],['E02.596']
PMC4269435,Endogenous molecules induced by a pathogen - associated molecular pattern (PAMP) elicit innate immunity in shrimp.,['Pathogen-Associated Molecular Pattern Molecules'],['D23.585']
PMC4271732,Clonal selection in the germinal centre by regulated proliferation and hypermutation.,"['Clonal Selection, Antigen-Mediated']",['G12.261']
PMC4272880,Development and validation of the PROcedural Sedation Assessment Survey (PROSAS) for assessment of procedural sedation quality.,['Procedural Sedation'],['E03.250']
PMC4273059,Effects of Progressive Body Weight Support Treadmill Forward and Backward Walking Training on Stroke Patients' Affected Side Lower Extremity 's Walking Ability.,['Extremities'],['A01.378']
PMC427427,Mycobacterium avium subsp. paratuberculosis fibronectin attachment protein facilitates M-cell targeting and invasion through a fibronectin bridge with host integrins.,['Paratuberculosis'],['C22.688']
PMC427732,Phylogenetic and ecological analysis of novel marine stramenopiles .,['Stramenopiles'],['B01.750']
PMC4278878,The regenerative medicine in oral and maxillofacial surgery : the most important innovations in the clinical application of mesenchymal stem cells.,"['Surgery, Oral']",['E06.892']
PMC4279547,Electrically insulated sensing of respiratory rate and heartbeat using optical fibers.,['Respiratory Physiological Phenomena'],['G09.772']
PMC4282366,The activation and inactivation of mature CD4 T cells: a case for peripheral self-nonself discrimination.,['Lymphocyte Cooperation'],['G12.575']
PMC4282583,Motional timescale predictions by molecular dynamics simulations: case study using proline and hydroxyproline sidechain dynamics.,['Motion'],['G01.482']
PMC4283028,Perceived competency towards preventive dentistry among dental graduates: the need for curriculum change.,['Preventive Dentistry'],['E06.761']
PMC4287828,Analytical characterization of the role of phospholipids in platelet adhesion and secretion.,"['Chemistry Techniques, Analytical']",['E05.196']
PMC4294627,A relative shift in cloacal location repositions external genitalia in amniote evolution.,['Cloaca'],['A13.223']
PMC4301083,"Influence of repeated anaesthesia on physiological parameters in male Wistar rats: a telemetric study about isoflurane, ketamine-xylazine and a combination of medetomidine, midazolam and fentanyl.",['Anesthesia'],['E03.155']
PMC4302131,Patterns of gene expression associated with recovery and injury in heat -stressed rats.,['Heat Stress Disorders'],['C26.522']
PMC4304538,"World trade in medicinal plants from Spanish America, 1717-1815.",['Medicine Chests'],['E07.546']
PMC4305117,Computational fluid dynamics investigation of human aspiration in low velocity air: orientation effects on nose -breathing simulations.,['Nose'],['A04.531']
PMC4305268,Why are most organelle genomes transmitted maternally?,['Inheritance Patterns'],['G05.420']
PMC4305938,Evaluation of diffusion in gel entrapment cell culture within hollow fibers.,"['Diffusion Chambers, Culture']",['E07.241']
PMC4310825,Fundamentals and application of magnetic particles in cell isolation and enrichment: a review.,['Magnetic Phenomena'],['G01.358']
PMC4313745,LDL particle size and number compared with LDL cholesterol and risk categorization in end-stage renal disease patients.,['Particle Size'],['G02.712']
PMC4314580,Epstein-Barr virus -positive T/NK-cell lymphoproliferative disorders.,['Virus Diseases'],['C01.925']
PMC4323956,Inter-observer precision and physiologic variability of mri landmarks used to determine rotational alignment in conventional and patient-specific TKA.,['Anatomic Landmarks'],['A01.111']
PMC4325507,Endoscopic foraminal decompression for failed back surgery syndrome under local anesthesia.,['Decompression'],['E02.278']
PMC4330234,Pictorial review of normal postoperative cross-sectional imaging findings and infectious complications following laparoscopic appendectomy.,['Intraabdominal Infections'],['C01.463']
PMC4331423,Spred2 modulates the erythroid differentiation induced by imatinib in chronic myeloid leukemia cells .,['Erythroid Cells'],['A11.443']
PMC4333239,MitoTimer: a novel protein for monitoring mitochondrial turnover in the heart.,['Mitochondrial Turnover'],['G04.599']
PMC4335135,Stereochemical studies on pheromonal communications.,['Pheromones'],['D23.641']
PMC4337387,Effect of transpiration on plant accumulation and translocation of PPCP/EDCs.,['Plant Transpiration'],['G15.713']
PMC4340362,Cardiac glycoside activities link Na(+)/K(+) ATPase ion-transport to breast cancer cell migration via correlative SAR.,['Glycosides'],['D09.408']
PMC4345610,In-cell SHAPE reveals that free 30S ribosome subunits are in the inactive state.,"['Ribosome Subunits, Small, Bacterial']",['A20.874']
PMC4346094,Regioselective C-H bond amination by aminoiodanes.,['Amination'],['G03.068']
PMC4348787,Transcriptome and metabolite profiling of the infection cycle of Zymoseptoria tritici on wheat reveals a biphasic interaction with plant immunity involving differential pathogen chromosomal contributions and a variation on the hemibiotrophic lifestyle definition.,"['Chromosomes, Fungal']",['A19.311']
PMC4349124,Numerical study of effect of elastomeric stress absorbers on stress reduction in bone- dental implant interface.,['Dental Stress Analysis'],['E06.308']
PMC4350528,Biomechanical 3-dimensional finite element analysis of obturator protheses retained with zygomatic and dental implants in maxillary defects.,['Dental Stress Analysis'],['E06.308']
PMC4355235,Immunodeficiency and autoimmune enterocolopathy linked to NFAT5 haploinsufficiency.,['Immunologic Deficiency Syndromes'],['C20.673']
PMC4356708,Oral and pharyngeal bolus transit in patients with chronic obstructive pulmonary disease.,['Pharyngeal Diseases'],['C07.550']
PMC4358665,Electromagnetic field versus circuit weight training on bone mineral density in elderly women.,['Magnetic Field Therapy'],['E02.621']
PMC4362763,Gene networks underlying convergent and pleiotropic phenotypes in a large and systematically- phenotyped cohort with heterogeneous developmental disorders.,['Phenotype'],['G05.695']
PMC4365583,A comparison of the degree of lateral recess and foraminal enlargement with facet preservation in the treatment of lumbar stenosis with standard surgical tools versus a novel powered filing instrument: a cadaver study.,['Decompression'],['E02.278']
PMC4366637,Lethal (2) giant larvae: an indispensable regulator of cell polarity and cancer development.,['Cell Polarity'],['G04.250']
PMC436726,Elaboration of toxic oxygen by-products by neutrophils in a model of immune complex disease.,['Micropore Filters'],['E07.560']
PMC4369100,Is it useful to increase dialysate flow rate to improve the delivered Kt?,['Dialysis'],['G02.186']
PMC4371806,Discovery of a small molecule that inhibits bacterial ribosome biogenesis.,"['Ribosome Subunits, Small, Bacterial']",['A20.874']
PMC4373936,The unique chemistry of Eastern Mediterranean water masses selects for distinct microbial communities by depth.,['Organic Chemistry Phenomena'],['G02.607']
PMC4375574,High persistence rate of hepatitis B virus in a hydrodynamic injection-based transfection model in C3H/HeN mice.,['Hydrodynamics'],['G01.342']
PMC4376524,Leaf surface lipophilic compounds as one of the factors of silver birch chemical defense against larvae of gypsy moth.,['Silver Compounds'],['D01.847']
PMC4378614,Understanding Regeneration of Arsenate-Loaded Ferric Hydroxide-Based Adsorbents.,['Regeneration'],['G16.762']
PMC4378935,Comparison of the antennal sensilla ultrastructure of two cryptic species in Bemisia tabaci.,['Arthropod Antennae'],['A13.093']
PMC4381442,A phase I dose escalation trial of MAGE-A3- and HPV16-specific peptide immunomodulatory vaccines in patients with recurrent/metastatic (RM) squamous cell carcinoma of the head and neck (SCCHN).,"['Dose-Response Relationship, Immunologic']",['G12.300']
PMC4382067,Acceptance of temporal artery thermometry by Nigerian mothers: a comparison with the traditional methods.,['Thermometry'],['E05.933']
PMC4385698,Contribution of microglia-mediated neuroinflammation to retinal degenerative diseases .,['Retinal Diseases'],['C11.768']
PMC4386598,Is blunted cardiovascular reactivity in depression mood-state dependent? A comparison of major depressive disorder remitted depression and healthy controls.,['Cardiovascular Physiological Phenomena'],['G09.330']
PMC4399532,Dental anxiety among university students and its correlation with their field of study.,['Dental High-Speed Technique'],['E06.216']
PMC4400778,High-level association of bovine digital dermatitis Treponema spp. with contagious ovine digital dermatitis lesions and presence of Fusobacterium necrophorum and Dichelobacter nodosus.,['Digital Dermatitis'],['C22.214']
PMC4405229,Somatic embryogenesis in ferns: a new experimental system.,['Plant Somatic Embryogenesis Techniques'],['G15.698']
PMC4407672,Ultrasound-modulated fluorescence based on fluorescent microbubbles .,['Microbubbles'],['E07.553']
PMC4409316,Tissue responses to postoperative laser therapy in diabetic rats submitted to excisional wounds.,['Laser Therapy'],['E02.594']
PMC4410223,"Effect of a multi-level education intervention model on knowledge and attitudes of accidental injuries in rural children in Zunyi, Southwest China.",['Accidental Injuries'],['C26.040']
PMC4411182,Can age at sexual maturity act as a predictive biomarker for prodromal negative symptoms ?,['Prodromal Symptoms'],['E01.599']
PMC4412820,Development of the zebrafish mesonephros .,['Mesonephros'],['A16.599']
PMC4414921,In Vivo Tumor Vasculature Targeting of CuS@MSN Based Theranostic Nanomedicine .,['Theranostic Nanomedicine'],['E01.894']
PMC4417745,North American Prodrome Longitudinal Study (NAPLS 2): The Prodromal Symptoms .,['Prodromal Symptoms'],['E01.599']
PMC4419566,Different chromatin and energy/redox responses of mouse morulae and blastocysts to slow freezing and vitrification.,['Morula'],['A16.615']
PMC4422483,Visualization of risk of radiogenic second cancer in the organs and tissues of the human body.,['Organs at Risk'],['A01.635']
PMC442301,Transport kinetics of amino acids across the resting human leg.,['Amino Acids'],['D12.125']
PMC4432058,Treponemes detected in digital dermatitis lesions in Brazilian dairy cattle and possible host reservoirs of infection.,['Digital Dermatitis'],['C22.214']
PMC4433608,Differential levels of Neurod establish zebrafish endocrine pancreas cell fates.,['Endocrine Cells'],['A11.382']
PMC44383,A gene phylogeny of the red algae ( Rhodophyta ) based on plastid rbcL.,['Rhodophyta'],['B01.715']
PMC4441267,A diversity-oriented synthesis strategy enabling the combinatorial-type variation of macrocyclic peptidomimetic scaffolds.,['Macrocyclic Compounds'],['D04.345']
PMC4441802,Adenylyl cyclases in the digestive system .,['Digestive System Physiological Phenomena'],['G10.261']
PMC4443320,Therapeutic effects of cell-permeant peptides that activate G proteins downstream of growth factors.,['Intercellular Signaling Peptides and Proteins'],['D23.529']
PMC4445014,Temporomandibular Disorders in Psoriasis Patients with and without Psoriatic Arthritis: An Observational Study.,['Temporomandibular Joint Disorders'],['C07.678']
PMC4446766,Redox-active selenium compounds --from toxicity and cell death to cancer treatment.,['Selenium Compounds'],['D01.810']
PMC4449528,Enhanced somatic embryogenesis in Theobroma cacao using the homologous BABY BOOM transcription factor.,['Plant Somatic Embryogenesis Techniques'],['G15.698']
PMC4452941,Optimal methods for collecting and storing vaginal specimens for prostate-specific antigen testing in research studies.,['Desiccation'],['G02.176']
PMC4454441,"Phylogenetic Analysis of Bacterial Communities in Different Regions of the Gastrointestinal Tract of Agkistrodon piscivorus, the Cottonmouth Snake.",['Cloaca'],['A13.223']
PMC4455741,The molecular correlates of organ loss: the case of insect Malpighian tubules .,['Malpighian Tubules'],['A13.574']
PMC4457423,Molecular Analysis of Atypical Family 18 Chitinase from Fujian Oyster Crassostrea angulata and Its Physiological Role in the Digestive System .,['Digestive System Physiological Phenomena'],['G10.261']
PMC4457668,"Fungal endophytes in aboveground tissues of desert plants: infrequent in culture, but highly diverse and distinctive symbionts.",['Endophytes'],['B05.237']
PMC4461977,Stomatognathic evaluation at five years of age in children born premature and at term.,['Stomatognathic System Abnormalities'],['C07.650']
PMC4463583,Expression profiling reveals genes involved in the regulation of wool follicle bulb regression and regeneration in sheep.,['Wool'],['A13.970']
PMC4464075,Dietary Sodium Suppresses Digestive Efficiency via the Renin-Angiotensin System .,['Digestive System Physiological Phenomena'],['G10.261']
PMC4465161,The effect of non-invasive positive airway pressure therapy following thoracic surgical procedures : protocol for a systematic review.,['Thoracic Surgical Procedures'],['E04.928']
PMC4468715,"Silver oxynitrate, an unexplored silver compound with antimicrobial and antibiofilm activity.",['Silver Compounds'],['D01.847']
PMC4471660,The Plasmodiophora brassicae genome reveals insights in its life cycle and ancestry of chitin synthases.,['Rhizaria'],['B01.680']
PMC4480052,Spinous Process splitting Laminectomy: Clinical outcome and Radiological analysis of extent of decompression .,['Decompression'],['E02.278']
PMC4482426,The Extended Oxygen Window Concept for Programming Saturation Decompressions Using Air and Nitrox.,['Decompression'],['E02.278']
PMC4486418,"CD4:CD8 ratio as a frontier marker for clinical outcome, immune dysfunction and viral reservoir size in virologically suppressed HIV-positive patients.",['CD4-CD8 Ratio'],['G12.248']
PMC4487056,"The relative patient costs and availability of dental services, materials and equipment in public oral care facilities in Tanzania.",['Dental Equipment'],['E07.222']
PMC4488371,The Hidden World within Plants: Ecological and Evolutionary Considerations for Defining Functioning of Microbial Endophytes .,['Endophytes'],['B05.237']
PMC4491237,"Safety and immunologic correlates of Melanoma GVAX, a GM-CSF secreting allogeneic melanoma cell vaccine administered in the adjuvant setting.","['Dose-Response Relationship, Immunologic']",['G12.300']
PMC4492102,Ectopic shoot meristem generation in monocotyledonous rpk1 mutants is linked to SAM loss and altered seedling morphology.,['Seedlings'],['A18.550']
PMC4494743,Single prokaryotic cell isolation and total transcript amplification protocol for transcriptomic analysis.,['Prokaryotic Cells'],['A11.760']
PMC4498469,Hen egg-white lysozyme crystallisation : protein stacking and structure stability enhanced by a Tellurium(VI)-centred polyoxotungstate.,['Crystallization'],['G02.171']
PMC4500600,Diagnostic Performance of Endoscopic and Microscopic Procedures for Identifying Different Middle Ear Structures and Remaining Disease in Patients with Chronic Otitis Media: A Prospective Cohort Study.,['Ear Diseases'],['C09.218']
PMC4501896,"Mitochondrial quality control: Easy come, easy go.",['Mitochondrial Turnover'],['G04.599']
PMC4506234,Structural and functional features of central nervous system lymphatic vessels.,['Central Nervous System'],['A08.186']
PMC4507425,"Risk of musculoskeletal injuries, fractures, and falls in medicare beneficiaries with disorders of binocular vision .",['Vision Disorders'],['C11.966']
PMC4507802,Field assessment of enclosed cab filtration system performance using particle counting measurements.,['Equipment Design'],['E05.320']
PMC4510524,Ecdysone promotes growth of imaginal discs through the regulation of Thor in D. melanogaster.,['Imaginal Discs'],['A13.518']
PMC4516446,Complement activation patterns in atypical haemolytic uraemic syndrome during acute phase and in remission.,['Complement Activation'],['G12.274']
PMC4516500,Integrin alpha1beta1 is involved in the differentiation into myofibroblasts in adult reactive tissues in vivo.,['Connective Tissue Cells'],['A11.329']
PMC4517239,Reanalysis of parabiosis of obesity mutants in the age of leptin.,['Parabiosis'],['E05.660']
PMC4517909,Fluorescent Microspheres as Point Sources: A Localization Study.,['Microspheres'],['E07.565']
PMC4521933,Additive Effect on Survival of Anaesthetic Cardiac Protection and Remote Ischemic Preconditioning in Cardiac Surgery: A Bayesian Network Meta-Analysis of Randomized Trials.,['Ischemic Preconditioning'],['E05.516']
PMC4523393,Mutations in a gene encoding a midbody protein in binucleated Reed-Sternberg cells of Hodgkin lymphoma.,['Reed-Sternberg Cells'],['A11.828']
PMC4523395,Salmonella Infection Drives Promiscuous B Cell Activation Followed by Extrafollicular Affinity Maturation.,"['Clonal Selection, Antigen-Mediated']",['G12.261']
PMC4524184,Novel Transcriptional Regulons for Autotrophic Cycle Genes in Crenarchaeota.,['Autotrophic Processes'],['G03.087']
PMC4526743,The opposing actions of target of rapamycin and AMP-activated protein kinase in cell growth control.,['Cell Growth Processes'],['G04.161']
PMC4527335,Genome shuffling of the nonconventional yeast Pichia anomala for improved sugar alcohol production.,['Sugar Alcohols'],['D09.853']
PMC4527879,The molecular basis for flexibility in the flexible filamentous plant viruses.,['Virion'],['A21.249']
PMC4527930,Preoperative testing before low-risk surgical procedures .,['Ophthalmologic Surgical Procedures'],['E04.540']
PMC4528497,The tortoise or the hare? Impacts of within-host dynamics on transmission success of arthropod-borne viruses.,['Arboviruses'],['B04.080']
PMC4533054,Esophageal stenosis with sloughing esophagitis: A curious manifestation of graft-vs-host disease .,['Graft vs Host Disease'],['C20.452']
PMC4534078,"When DLB, PD, and PSP masquerade as MSA: an autopsy study of 134 patients.",['Pathologic Processes'],['C23.550']
PMC4535904,Influence of the Lower Jaw Position on the Running Pattern.,['Dental Occlusion'],['E06.276']
PMC4539823,Prescription Disposal Practices: A 2-Year Ecological Study of Drug Drop Box Donations in Appalachia.,['Controlled Substances'],['D26.049']
PMC4542997,Dissection and immunostaining of imaginal discs from Drosophila melanogaster.,['Imaginal Discs'],['A13.518']
PMC4543589,The Effect of Digestive Capacity on the Intake Rate of Toxic and Non-Toxic Prey in an Ecological Context.,['Digestive System Physiological Phenomena'],['G10.261']
PMC4545092,Planar Gradient Diffusion System to Investigate Chemotaxis in a 3D Collagen Matrix.,"['Diffusion Chambers, Culture']",['E07.241']
PMC4547748,Infection Efficiency of Four Phytophthora infestans Clonal Lineages and DNA-Based Quantification of Sporangia .,['Sporangia'],['A18.560']
PMC4550635,Toolbox to Reduce Lumpectomy Reoperations and Improve Cosmetic Outcome in Breast Cancer Patients: The American Society of Breast Surgeons Consensus Conference.,['Cosmetic Techniques'],['E02.218']
PMC4553003,Gingival health and oral hygiene practices of schoolchildren in the North West Region of Cameroon.,['Gingivitis'],['C01.408']
PMC4554109,Massive Pulmonary Calculi Embolism: A Novel Complication of Pneumatic Lithotripsy : A Case Report.,['Lithotripsy'],['E02.600']
PMC4556893,Podocyte endocytosis in the regulation of the glomerular filtration barrier .,['Glomerular Filtration Barrier'],['A07.500']
PMC4558035,Using Psychophysiological Measures to Examine the Temporal Profile of Verbal Humor Elicitation.,['Cardiovascular Physiological Phenomena'],['G09.330']
PMC4558570,Direct synthesis of imino -C-nucleoside analogues and other biologically active iminosugars.,['Imino Sugars'],['D09.553']
PMC4559062,Historical comparisons reveal multiple drivers of decadal change of an ecosystem engineer at the range edge.,['Alveolata'],['B01.043']
PMC4562205,Mechanisms and therapeutic applications of electromagnetic therapy in Parkinson's disease.,['Magnetic Field Therapy'],['E02.621']
PMC4562332,Anthropometric procedures for protective equipment sizing and design .,['Equipment Design'],['E05.320']
PMC4566833,Sequential Blood Filtration for Extracorporeal Circulation: Initial Results from a Proof-of-Concept Prototype.,['Micropore Filters'],['E07.560']
PMC4568664,Orchestration of three transporters and distinct vascular structures in node for intervascular transfer of silicon in rice.,['Plant Vascular Bundle'],['A18.450']
PMC4573658,Determining the utility and durability of medical equipment donated to a rural clinic in a low-income country.,['Diagnostic Equipment'],['E07.230']
PMC4578163,Early Childhood Vision Screening in Hawai'i Utilizing a Hand-Held Screener.,['Vision Disorders'],['C11.966']
PMC4578627,Pathways of arsenic uptake and efflux.,['Arsenicals'],['D02.129']
PMC4581360,ElemeNT : a computational tool for detecting core promoter elements .,['Elements'],['D01.268']
PMC4581673,"Prevalence of internal parasites in beef cows in the United States: Results of the National Animal Health Monitoring System's (NAHMS) beef study, 2007-2008.","['Parasitic Diseases, Animal']",['C22.674']
PMC4582061,"Clinical Practice Guideline for the Treatment of Intrinsic Circadian Rhythm Sleep - Wake Disorders : Advanced Sleep - Wake Phase Disorder (ASWPD), Delayed Sleep - Wake Phase Disorder (DSWPD), Non-24-Hour Sleep - Wake Rhythm Disorder (N24SWD), and Irregular Sleep - Wake Rhythm Disorder (ISWRD). An Update for 2015: An American Academy of Sleep Medicine Clinical Practice Guideline.",['Sleep Wake Disorders'],['C10.886']
PMC4584433,"Evaluation of rational use of veterinary drugs especially antimicrobials and anthelmintics in Bishoftu, Central Ethiopia.",['Veterinary Drugs'],['D26.939']
PMC4585839,Arrhythmogenic effects of mutated L-type Ca 2+-channels on an optogenetically paced muscular pump in Caenorhabditis elegans.,['Pharynx'],['A04.623']
PMC4590329,"The compounding effects of high pollen limitation, selfing rates and inbreeding depression leave a New Zealand tree with few viable offspring.",['Self-Fertilization'],['G15.830']
PMC4591098,Toxicokinetics of chiral polychlorinated biphenyls across different species--a review.,['Toxicokinetics'],['G03.893']
PMC4591420,An examination of the hypothesis that intraocular pressure elevation episodes can have prognostic significance in glaucoma suspects.,['Intraocular Pressure'],['G14.440']
PMC459355,Puncture of thoracic lesions under sonographic guidance.,['Punctures'],['E02.800']
PMC4593997,Multicopper oxidase-1 is required for iron homeostasis in Malpighian tubules of Helicoverpa armigera.,['Malpighian Tubules'],['A13.574']
PMC4594060,Promoting Kidney Function Recovery in Patients with AKI Requiring RRT.,['Recovery of Function'],['G16.757']
PMC4603779,The mechanism for exclusion of Pinus massoniana during the succession in subtropical forest ecosystems: light competition or stoichiometric homoeostasis ?,['Homeostasis'],['G07.410']
PMC4606629,Oral pigmentation : A review.,['Pigmentation'],['G16.690']
PMC4607472,Circadian rhythm of intraocular pressure in the adult rat.,['Intraocular Pressure'],['G14.440']
PMC4611513,Calcite-accumulating large sulfur bacteria of the genus Achromatium in Sippewissett Salt Marsh.,['Sulfur-Reducing Bacteria'],['B03.900']
PMC4612926,Effect of laryngeal mask airway placement on the optimal site and success rate of venipuncture via the right internal jugular vein.,['Punctures'],['E02.800']
PMC4613436,"Mobilizing community-based health insurance to enhance awareness & prevention of airborne, vector-borne & waterborne diseases in rural India.",['Waterborne Diseases'],['C01.936']
PMC461557,Comparison of arm and leg ergometry in patients with moderate chronic obstructive lung disease.,['Ergometry'],['E05.333']
PMC461715,Impaired non-specific delayed cutaneous hypersensitivity in bird fancier's lung .,"[""Bird Fancier's Lung""]",['C24.125']
PMC4618697,Inflammation in acute and chronic pancreatitis.,['Pathogen-Associated Molecular Pattern Molecules'],['D23.585']
PMC4620547,Visual feedback system to reduce errors while operating roof bolting machines.,['Equipment Design'],['E05.320']
PMC4620909,Urine excretion strategy for stem cell-generated embryonic kidneys.,['Cloaca'],['A13.223']
PMC4623948,Remote ischemic preconditioning for kidney protection: GSK3beta-centric insights into the mechanism of action.,['Ischemic Preconditioning'],['E05.516']
PMC4626019,Cell shape dependent regulation of nuclear morphology.,['Cell Shape'],['G04.320']
PMC4632462,Retrospective evaluation of tooth injuries and associated factors at a hospital emergency ward.,['Tooth Injuries'],['C26.900']
PMC4635002,Compensatory Response by Late Embryonic Tubular Epithelium to the Reduction in Pancreatic Progenitors.,['Endocrine Cells'],['A11.382']
PMC4635337,Pharmacologic screens reveal metformin that suppresses GRP78-dependent autophagy to enhance the anti-myeloma effect of bortezomib.,['Pharmacologic Actions'],['D27.505']
PMC4635562,Contribution of draft cattle to rural livelihoods in a district of southeastern Uganda endemic for bovine parasitic diseases : an economic evaluation.,['Cattle Diseases'],['C22.196']
PMC4636910,Assessing the Capacity of the US Health Care System to Use Additional Mechanical Ventilators During a Large-Scale Public Health Emergency.,"['Ventilators, Mechanical']",['E07.950']
PMC4637204,Systemic Problems: A perspective on stem cell aging and rejuvenation.,['Parabiosis'],['E05.660']
PMC4640548,"Comparative Prevalence of Immune Evasion Complex Genes Associated with beta-Hemolysin Converting Bacteriophages in MRSA ST5 Isolates from Swine, Swine Facilities, Humans with Swine Contact, and Humans with No Swine Contact.",['Bacteriophages'],['B04.123']
PMC4641763,Identification of RNase-resistant RNAs in Saccharomyces cerevisiae extracts: Separation from chromosomal DNA by selective precipitation .,['Chemical Precipitation'],['G02.159']
PMC4644718,Wear behavior of pressable lithium disilicate glass ceramic.,['Dental Pins'],['E06.292']
PMC4664000,"A content validity study of signs , symptoms and diseases/health problems expressed in LIBRAS.",['Signs and Symptoms'],['C23.888']
PMC4664263,Brain Swelling and Loss of Gray and White Matter Differentiation in Human Postmortem Cases by Computed Tomography .,"['Tomography Scanners, X-Ray Computed']",['E07.913']
PMC4672212,Pollination Services of Mango Flower Pollinators .,['Pollination'],['G15.776']
PMC4672837,Prosthodontic Management in Conjunction with Speech Therapy in Cleft Lip and Palate: A Review and Case Report.,['Prosthodontics'],['E06.780']
PMC4674645,Development and Evaluation of Diclofenac Sodium Loaded-N-Trimethyl Chitosan Nanoparticles for Ophthalmic Use.,['Ocular Absorption'],['G14.590']
PMC4676747,Time-Dependent Influence of Cell Membrane Permeability on MR Diffusion Measurements.,['Cell Membrane Permeability'],['G04.175']
PMC4677389,Components of traumatic brain injury severity indices .,['Trauma Severity Indices'],['E05.944']
PMC4678422,Three-Component Azidation of Styrene-Type Double Bonds: Light-Switchable Behavior of a Copper Photoredox Catalyst.,['Azides'],['D02.159']
PMC4682055,Left-right asymmetric cell intercalation drives directional collective cell movement in epithelial morphogenesis.,['Cell Movement'],['G04.198']
PMC4682635,A New Type of Liquid Silymarin Proliposome Containing Bile Salts: Its Preparation and Improved Hepatoprotective Effects.,"['Hepatitis, Animal']",['C01.436']
PMC4683290,"Performance of re-used pacemakers and implantable cardioverter defibrillators compared with new devices at Groote Schuur Hospital in Cape Town, South Africa.",['Device Removal'],['E04.199']
PMC4686502,The Chitranjan Ranawat Award: Running Subcuticular Closure Enables the Most Robust Perfusion After TKA: A Randomized Clinical Trial.,['Wound Closure Techniques'],['E04.987']
PMC4691879,Removal of black stains from teeth by photodynamic therapy: clinical and microbiological analysis.,['Pigmentation'],['G16.690']
PMC4692559,Eye Irritation Test (EIT) for Hazard Identification of Eye Irritating Chemicals using Reconstructed Human Cornea-like Epithelial (RhCE) Tissue Model.,['Specialty Uses of Chemicals'],['D27.720']
PMC46927,Maize Spm transposable element has an enhancer-insensitive promoter.,['Elements'],['D01.268']
PMC4698172,"Alternative synthesis and antibacterial evaluation of 1,5-dideoxy-1,5- imino -L-rhamnitol.",['Imino Sugars'],['D09.553']
PMC4705534,Pathway of FeEDTA transformation and its impact on performance of NOx removal in a chemical absorption-biological reduction integrated process.,['Chemical Precipitation'],['G02.159']
PMC4706076,Transgenic mice and metabolomics for study of hepatic xenobiotic metabolism and toxicity.,['Xenobiotics'],['D26.969']
PMC4706344,"Knowledge of Bovine Tuberculosis, Cattle Husbandry and Dairy Practices amongst Pastoralists and Small-Scale Dairy Farmers in Cameroon.",['Cattle Diseases'],['C22.196']
PMC4707379,Neural Mechanisms Involved in Hypersensitive Hearing: Helping Children with ASD Who Are Overly Sensitive to Sounds.,['Hypersensitivity'],['C20.543']
PMC470895,An ultrasonic analysis of the comparative efficiency of various cardiotomy reservoirs and micropore blood filters .,['Micropore Filters'],['E07.560']
PMC470908,Is bird fancier's lung associated with coeliac disease?,"[""Bird Fancier's Lung""]",['C24.125']
PMC4709766,"Exercise-Induced Changes in Caveolin-1, Depletion of Mitochondrial Cholesterol, and the Inhibition of Mitochondrial Swelling in Rat Skeletal Muscle but Not in the Liver.",['Mitochondrial Swelling'],['G04.590']
PMC4710235,Joint modeling of cell and nuclear shape variation.,['Cell Shape'],['G04.320']
PMC4711129,"""Candidatus Finniella"" (Rickettsiales, Alphaproteobacteria), Novel Endosymbionts of Viridiraptorid Amoeboflagellates (Cercozoa, Rhizaria ).",['Rhizaria'],['B01.680']
PMC4711945,Heterocyclic N- Oxides - An Emerging Class of Therapeutic Agents.,['Heterocyclic Oxides'],['D03.661']
PMC4713349,Pharyngeal Satellite Cells Undergo Myogenesis Under Basal Conditions and Are Required for Pharyngeal Muscle Maintenance.,['Pharynx'],['A04.623']
PMC4714215,"Contributions of the Prion Protein Sequence, Strain, and Environment to the Species Barrier.",['Species Specificity'],['G16.824']
PMC4717576,Fighting for independence.,['Arthropod Antennae'],['A13.093']
PMC4718715,Spontaneous Detachment of Colloids from Primary Energy Minima by Brownian Diffusion.,['Colloids'],['D20.280']
PMC4718850,alpha-MHC MitoTimer mouse: In vivo mitochondrial turnover model reveals remarkable mitochondrial heterogeneity in the heart.,['Mitochondrial Turnover'],['G04.599']
PMC4720223,A tug-of-war between the host and the pathogen generates strategic hotspots for the development of novel therapeutic interventions against infectious diseases.,['Pathogen-Associated Molecular Pattern Molecules'],['D23.585']
PMC4725661,Analysis of licensed South African diagnostic imaging equipment .,['Diagnostic Equipment'],['E07.230']
PMC4729412,"Emergency Physicians as Good Samaritans: Survey of Frequency, Locations, Supplies and Medications.",['Medicine Chests'],['E07.546']
PMC4737081,Genetic variation in transpiration efficiency and relationships between whole plant and leaf gas exchange measurements in Saccharum spp. and related germplasm.,['Plant Transpiration'],['G15.713']
PMC4738210,A C-Peptide-Based Model of Pancreatic Insulin Secretion in Extremely Preterm Neonates in Intensive Care.,"['Insulin Secretion', 'Insulin Secretion']","['G03.442', 'G07.475']"
PMC4745301,"Fracture Forces of Dentin after Surface Treatment with High Speed Drill Compared to Er:YAG and Er,Cr:YSGG Laser Irradiation.",['Dental High-Speed Technique'],['E06.216']
PMC4746060,The Association of Mycobacterium avium subsp. paratuberculosis with Inflammatory Bowel Disease.,['Paratuberculosis'],['C22.688']
PMC4747718,Nuclear hormone receptor DHR96 mediates the resistance to xenobiotics but not the increased lifespan of insulin-mutant Drosophila.,['Xenobiotics'],['D26.969']
PMC4748700,Management of neurosurgical instruments and patients exposed to Creutzfeldt-Jakob disease.,['Ophthalmologic Surgical Procedures'],['E04.540']
PMC475057,Fertility in men with primary ciliary dyskinesia presenting with respiratory infection.,['Ciliary Motility Disorders'],['C09.150']
PMC4751724,Spontaneous resolution of foveal detachment in traction maculopathy in high myopia unrelated to posterior vitreous detachment .,['Vitreous Detachment'],['C11.980']
PMC4752190,"Organic Nitrate Therapy, Nitrate Tolerance, and Nitrate -Induced Endothelial Dysfunction: Emphasis on Redox Biology and Oxidative Stress.",['Nitrates'],['D02.583']
PMC4756668,A genome-wide association study identifies a genomic region for the polycerate phenotype in sheep (Ovis aries).,['Horns'],['A13.507']
PMC4757526,Reinvigorating natural product combinatorial biosynthesis with synthetic biology.,"['Chemistry Techniques, Synthetic']",['E05.197']
PMC4759957,Simultaneous occurrence of fibrillary glomerulonephritis and renal lesions in nonmalignant monoclonal IgM gammopathy.,"['Glomerulonephritis, Membranoproliferative']",['C20.425']
PMC4765175,"Serious injury and fatality investigations involving pneumatic nail guns, 1985-2012.",['Equipment Safety'],['E05.330']
PMC4769370,Ferredoxin 1b (Fdx1b) Is the Essential Mitochondrial Redox Partner for Cortisol Biosynthesis in Zebrafish.,['Interrenal Gland'],['A13.530']
PMC4770327,Starving honey bee (Apis mellifera) larvae signal pheromonally to worker bees.,['Pheromones'],['D23.641']
PMC4775014,Accuracy of intraoral and extraoral digital data acquisition for dental restorations.,"['Technology, Dental']",['E06.912']
PMC4775265,Uniportal video-assisted thoracoscopic bronchoplastic and carinal sleeve procedures .,['Video-Assisted Techniques and Procedures'],['E05.956']
PMC4775856,Reparable Cell Sonoporation in Suspension: Theranostic Potential of Microbubble .,['Microbubbles'],['E07.553']
PMC4781350,Acrylic Resin Molding Based Head Fixation Technique in Rodents.,['Head'],['A01.456']
PMC4785819,"CD4+/CD8+ ratio , age, and risk of serious noncommunicable diseases in HIV-infected adults on antiretroviral therapy.",['CD4-CD8 Ratio'],['G12.248']
PMC4786858,Novel function of LHFPL2 in female and male distal reproductive tract development.,['Mullerian Ducts'],['A16.623']
PMC4791323,The end effector of circadian heart rate variation: the sinoatrial node pacemaker cell.,['Heart'],['A07.541']
PMC4794380,Complex Antigens Drive Permissive Clonal Selection in Germinal Centers.,"['Clonal Selection, Antigen-Mediated']",['G12.261']
PMC4795646,Queen Specific Exocrine Glands in Legionary Ants and Their Possible Function in Sexual Selection.,['Exocrine Glands'],['A10.336']
PMC4798864,Polysaccharide-based nanoparticles for theranostic nanomedicine .,['Theranostic Nanomedicine'],['E01.894']
PMC4800727,Expression of C-X-C chemokine receptor type 7 in otorhinolaryngologic neoplasms .,['Otorhinolaryngologic Neoplasms'],['C09.647']
PMC4802454,Impact of Nitrate Use on Survival in Acute Heart Failure: A Propensity-Matched Analysis.,['Nitrates'],['D02.583']
PMC4804457,Into the depths: Techniques for in vitro three-dimensional microtissue visualization.,['In Vitro Techniques'],['E05.481']
PMC4805795,Remote preconditioning and cardiac surgery: regrouping after Remote Ischemic Preconditioning for Heart Surgery (RIPHeart) and Effect of Remote Ischemic Preconditioning on Clinical Outcomes in Patients Undergoing Coronary Artery Bypass Surgery (ERICCA).,['Ischemic Preconditioning'],['E05.516']
PMC4807522,Comparative Toxicities of Salts on Microbial Processes in Soil.,['Salts'],['D01.786']
PMC4810259,Efficient Co-Replication of Defective Novirhabdovirus.,['Defective Viruses'],['B04.265']
PMC4810466,Regulation of Antisense Transcription by NuA4 Histone Acetyltransferase and Other Chromatin Regulatory Factors.,['Antisense Elements (Genetics)'],['D13.150']
PMC4813764,Comparative characterisation of two nitroreductases from Giardia lamblia as potential activators of nitro compounds .,['Nitro Compounds'],['D02.640']
PMC4817607,Electric coupling between distant nitrate reduction and sulfide oxidation in marine sediment.,['Oxidation-Reduction'],['G02.700']
PMC4821891,Genome-based microbial ecology of anammox granules in a full-scale wastewater treatment system.,['Nitrites'],['D02.633']
PMC482814,Torsade de pointes ventricular tachycardia in a newborn infant .,"['Infant, Newborn, Diseases']",['C16.614']
PMC4836428,Thermal Inactivation of Mycobacterium avium subsp. paratuberculosis in Artificially Contaminated Milk by Direct Steam Injection.,['Paratuberculosis'],['C22.688']
PMC4841691,Towards nanomedicines of the future: Remote magneto-mechanical actuation of nanomedicines by alternating magnetic fields.,['Magnetic Phenomena'],['G01.358']
PMC4847800,A Highly Effective Protocol for the Rapid and Consistent Induction of Digital Dermatitis in Holstein Calves.,['Digital Dermatitis'],['C22.214']
PMC4848581,Application of hollow fiber vitrification for cryopreservation of bovine early cleavage stage embryos and porcine morula -blastomeres.,['Morula'],['A16.615']
PMC4850428,An automatic tooth preparation technique: A preliminary study.,['Tooth Preparation'],['E06.931']
PMC4850461,Modeling of Nitrous Oxide Production from Nitritation Reactors Treating Real Anaerobic Digestion Liquor.,['Nitrites'],['D02.633']
PMC4852140,Trauma indices for prediction of acute respiratory distress syndrome.,['Trauma Severity Indices'],['E05.944']
PMC4864483,Maggot debridement therapy as primary tool to treat chronic wound of animals.,['Maggot Debridement Therapy'],['E02.611']
PMC4869318,"Inbreeding depression under mixed outcrossing, self - fertilization and sib-mating.",['Self-Fertilization'],['G15.830']
PMC4869672,Current application of phytocompound-based nanocosmeceuticals for beauty and skin therapy.,['Cosmeceuticals'],['D26.074']
PMC4871549,Regulation of Heat Exchange across the Hornbill Beak : Functional Similarities with Toucans?,['Beak'],['A13.114']
PMC4878030,"Spectral domain optical coherence tomography and B-scan ultrasonography in the evaluation of retinal tears in acute, incomplete posterior vitreous detachment .",['Vitreous Detachment'],['C11.980']
PMC4878322,"Imaging free radicals in organelles, cells, tissue, and in vivo with immuno-spin trapping.",['Free Radicals'],['D01.339']
PMC4880183,An Integrated View of Whole-Tree Hydraulic Architecture. Does Stomatal or Hydraulic Conductance Determine Whole Tree Transpiration ?,['Plant Transpiration'],['G15.713']
PMC4883364,Wearable Multi-Frequency and Multi-Segment Bioelectrical Impedance Spectroscopy for Unobtrusively Tracking Body Fluid Shifts during Physical Activity in Real-Field Applications: A Preliminary Study.,['Fluid Shifts'],['G07.313']
PMC4883652,Conversion of alcohols to enantiopure amines through dual-enzyme hydrogen-borrowing cascades.,['Amination'],['G03.068']
PMC4885804,Evaluation of Different Polishing Systems and Speeds for Dental Zirconia.,['Dental Polishing'],['E06.298']
PMC4888954,Airway exchange of highly soluble gases .,['Gases'],['D01.362']
PMC4889469,Mechanisms and consequences of entosis.,['Cell-in-Cell Formation'],['G04.165']
PMC4889549,Sex and growth effect on pediatric hip injuries presenting to sports medicine clinic.,['Hip Injuries'],['C26.531']
PMC4892957,beta-Globin-Expressing Definitive Erythroid Progenitor Cells Generated from Embryonic and Induced Pluripotent Stem Cell-Derived Sacs.,['Erythroid Cells'],['A11.443']
PMC4895422,"Signalment, clinical presentation, concurrent diseases , and diagnostic findings in 28 dogs with dynamic pharyngeal collapse (2008-2013).",['Pharyngeal Diseases'],['C07.550']
PMC4896625,Head and Tibial Acceleration as a Function of Stride Frequency and Visual Feedback during Running.,['Head'],['A01.456']
PMC4898856,"Safety, effectiveness and economic aspects of maggot debridement therapy for wound healing.",['Maggot Debridement Therapy'],['E02.611']
PMC4904171,Repeated gains in yellow and anthocyanin pigmentation in flower colour transitions in the Antirrhineae.,['Pigmentation'],['G16.690']
PMC4904504,Cogan syndrome with severe medium and large vessel vasculitis.,['Cogan Syndrome'],['C11.180']
PMC4911331,Relationship between insulin sensitivity and insulin secretion rate: not necessarily hyperbolic.,"['Insulin Secretion', 'Insulin Secretion']","['G03.442', 'G07.475']"
PMC4913551,Dlx genes pattern mammalian jaw primordium by regulating both lower jaw -specific and upper jaw -specific genetic programs.,['Jaw'],['A14.521']
PMC4918969,"Elevational Variation in Soil Amino Acid and Inorganic Nitrogen Concentrations in Taibai Mountain, China.",['Amino Acids'],['D12.125']
PMC4921034,Monitoring for bovine arboviruses in the most southwestern islands in Japan between 1994 and 2014.,['Arboviruses'],['B04.080']
PMC4927712,Multi-exon Skipping Using Cocktail Antisense Oligonucleotides in the Canine X-linked Muscular Dystrophy .,"['Muscular Dystrophy, Animal']",['C22.595']
PMC4928918,Assessment of Membrane Fluidity Fluctuations during Cellular Development Reveals Time and Cell Type Specificity.,['Membrane Fluidity'],['G04.570']
PMC4934731,Proteomic changes in response to crystal formation in Drosophila Malpighian tubules .,['Malpighian Tubules'],['A13.574']
PMC4937686,Extremity Radioactive Iodine Uptake on Post-therapeutic Whole Body Scan in Patients with Differentiated Thyroid Cancer.,['Extremities'],['A01.378']
PMC4938278,Use of silicon for skin and hair care: an approach of chemical forms available and efficacy.,['Silicon Compounds'],['D01.837']
PMC4940264,Central role for marginal zone B cells in an animal model of Sjogren's syndrome.,['Lacrimal Elimination'],['G14.540']
PMC4941918,Microbiologically Induced Calcite Precipitation Mediated by Sporosarcina pasteurii.,['Chemical Precipitation'],['G02.159']
PMC4942038,A Microfluidic Model of Biomimetically Breathing Pulmonary Acinar Airways.,['Respiratory Physiological Phenomena'],['G09.772']
PMC4943696,Cellular microenvironment controls the nuclear architecture of breast epithelia through beta1-integrin.,['Cellular Microenvironment'],['G04.366']
PMC4944294,Visualization and Sequencing of Membrane Remodeling Leading to Influenza Virus Fusion .,['Membrane Fusion'],['G04.575']
PMC4944563,Long-term mechanical milking status of lacerated teat repaired surgically in cattle: 67 cases (2003-2013).,['Lacerations'],['C26.540']
PMC4945015,NLLSS: Predicting Synergistic Drug Combinations Based on Semi-supervised Learning.,['Drug Combinations'],['D26.310']
PMC4947186,Critical role of RanBP2-mediated SUMOylation of Small Heterodimer Partner in maintaining bile acid homeostasis .,['Homeostasis'],['G07.410']
PMC4948116,Antitumor Efficacy of Anti-GD2 IgG1 Is Enhanced by Fc Glyco-Engineering.,"['Cytotoxicity, Immunologic']",['G12.287']
PMC4949968,"A pioneer of tropical medicine worldwide: Andrew Balfour, of Khartoum.",['Medicine Chests'],['E07.546']
PMC4953110,"Making healthcare safer by understanding, designing and buying better IT.",['Equipment Safety'],['E05.330']
PMC4954975,Chromophore-Assisted Light Inactivation of Mitochondrial Electron Transport Chain Complex II in Caenorhabditis elegans.,['Chromophore-Assisted Light Inactivation'],['E05.198']
PMC4955154,An association between membranoproliferative glomerulonephritis and metastatic colorectal carcinoma: a case report.,"['Glomerulonephritis, Membranoproliferative']",['C20.425']
PMC4958514,Genome stability versus transcript diversity.,"['RNA Processing, Post-Transcriptional']",['G03.839']
PMC4972320,Downstream Antisense Transcription Predicts Genomic Features That Define the Specific Chromatin Environment at Mammalian Promoters.,['Antisense Elements (Genetics)'],['D13.150']
PMC4974546,Age-related changes in the tooth-bone interface area of acrodont dentition in the chameleon.,['Dental Physiological Phenomena'],['G10.549']
PMC4976220,Enhanced hydrogenation activity and diastereomeric interactions of methyl pyruvate co-adsorbed with R-1-(1-naphthyl)ethylamine on Pd(111).,['Hydrogenation'],['G03.409']
PMC4979362,Shedding of Syndecan-1/CXCL1 Complexes by Matrix Metalloproteinase 7 Functions as an Epithelial Checkpoint of Neutrophil Activation .,['Neutrophil Activation'],['G12.604']
PMC4981213,Brief Report: Enhanced Normalization of CD4/CD8 Ratio With Earlier Antiretroviral Therapy at Primary HIV Infection.,['CD4-CD8 Ratio'],['G12.248']
PMC4983683,"The growing feather as a dermal test site: Comparison of leukocyte profiles during the response to Mycobacterium butyricum in growing feathers, wattles , and wing webs.",['Comb and Wattles'],['A13.242']
PMC4984648,Assembly of Replication-Incompetent African Horse Sickness Virus Particles: Rational Design of Vaccines for All Serotypes.,['Defective Viruses'],['B04.265']
PMC4988627,A Nationwide Census of ICU Capacity and Admissions in Mongolia.,"['Ventilators, Mechanical']",['E07.950']
PMC4988732,Disturbances of the Basic Self and Prodromal Symptoms Among Young Adolescents From the Community: A Pilot Population-Based Study.,['Prodromal Symptoms'],['E01.599']
PMC4991001,The effect of Vaccinium uliginosum extract on tablet computer-induced asthenopia : randomized placebo-controlled study.,['Asthenopia'],['C11.093']
PMC499262,Endometrial lymphoid tissue : an immunohistological study.,['Lymphoid Tissue'],['A10.549']
PMC4993515,Low CD4/CD8 Ratio Is Associated with Non AIDS-Defining Cancers in Patients on Antiretroviral Therapy: ANRS CO8 (Aproco/Copilote) Prospective Cohort Study.,['CD4-CD8 Ratio'],['G12.248']
PMC5001598,Robust lineage reconstruction from high-dimensional single- cell data.,['Cell Lineage'],['G04.172']
PMC5002299,Deubiquitinases: Novel Therapeutic Targets in Immune Surveillance?,['Pathogen-Associated Molecular Pattern Molecules'],['D23.585']
PMC5003853,Precision mapping of the vibrissa representation within murine primary somatosensory cortex.,['Vibrissae'],['A13.950']
PMC5004406,Prevalence and characteristics of central nervous system involvement by chronic lymphocytic leukemia.,['Central Nervous System'],['A08.186']
PMC5006193,Growing up in a Bubble: Using Germ - Free Animals to Assess the Influence of the Gut Microbiota on Brain and Behavior.,['Germ-Free Life'],['G06.320']
PMC501172,Expression of c-myc and bcl-2 oncogene products in Reed-Sternberg cells independent of presence of Epstein-Barr virus.,['Reed-Sternberg Cells'],['A11.828']
PMC501715,Immunohistochemical analysis of Hodgkin's disease using microwave heating.,['Reed-Sternberg Cells'],['A11.828']
PMC5023726,The legacy of Drosophila imaginal discs .,['Imaginal Discs'],['A13.518']
PMC5025268,VE-cadherin interacts with cell polarity protein Pals1 to regulate vascular lumen formation.,['Cell Polarity'],['G04.250']
PMC5025347,Glycemic Control and Urinary Tract Infections in Women with Type 1 Diabetes: Results from the DCCT/EDIC.,['Urinary Tract Infections'],['C01.915']
PMC5025890,Potential of in vivo real-time gastric gas profiling: a pilot evaluation of heat - stress and modulating dietary cinnamon effect in an animal model.,['Heat Stress Disorders'],['C26.522']
PMC5027844,ARF6 Is an Actionable Node that Orchestrates Oncogenic GNAQ Signaling in Uveal Melanoma.,['Uveal Diseases'],['C11.941']
PMC5028923,A method for identification of highly conserved elements and evolutionary analysis of superphylum Alveolata .,['Alveolata'],['B01.043']
PMC50308,Acid-induced structural changes in human rhinovirus 14: possible role in uncoating.,['Virion'],['A21.249']
PMC5033476,"Comparison of Physiological Parameters and Anaesthesia Specific Observations during Isoflurane, Ketamine-Xylazine or Medetomidine-Midazolam-Fentanyl Anaesthesia in Male Guinea Pigs.",['Anesthesia'],['E03.155']
PMC5034846,Identification and fine mapping of quantitative trait loci for the number of vascular bundle in maize stem.,['Plant Vascular Bundle'],['A18.450']
PMC5041887,Cell polarity signaling in the plasticity of cancer cell invasiveness.,['Cell Polarity'],['G04.250']
PMC5047465,Xenobiotic Metabolism and Gut Microbiomes.,['Xenobiotics'],['D26.969']
PMC5056547,A treatment method for chronic suppurative lacrimal canaliculitis using chalazion forceps.,['Lacrimal Elimination'],['G14.540']
PMC5057322,"The effect of brain size evolution on feeding propensity, digestive efficiency, and juvenile growth.",['Digestive System Physiological Phenomena'],['G10.261']
PMC5058793,Respiratory diseases and the impact of cough in Taiwan: Results from the APBORD observational study.,['Nose Diseases'],['C09.603']
PMC5059601,A new definition and properties of the similarity value between two protein structures.,['Proteins'],['D12.776']
PMC5063650,Lipoxin A(4) activates ALX/FPR2 receptor to regulate conjunctival goblet cell secretion.,['Conjunctival Diseases'],['C11.187']
PMC5068159,Evidence for the Existence of Autotrophic Nitrate-Reducing Fe(II)-Oxidizing Bacteria in Marine Coastal Sediment.,['Autotrophic Processes'],['G03.087']
PMC5069674,"Evidence for discrete solar and lunar orientation mechanisms in the beach amphipod, Talitrus saltator Montagu (Crustacea, Amphipoda).",['Arthropod Antennae'],['A13.093']
PMC5074592,Super-Resolution Real Imaging in Microsphere -Assisted Microscopy.,['Microspheres'],['E07.565']
PMC5078873,Impaired Mitochondrial Dynamics and Mitophagy in Neuronal Models of Tuberous Sclerosis Complex.,['Mitochondrial Turnover'],['G04.599']
PMC5085153,Exogenous carbon monoxide inhibits neutrophil infiltration in LPS-induced sepsis by interfering with FPR1 via p38 MAPK but not GRK2.,['Neutrophil Infiltration'],['G12.632']
PMC5095226,Inference of the drivers of collective movement in two cell types: Dictyostelium and melanoma.,['Cell Movement'],['G04.198']
PMC5099090,Mitochondrial respiration is sensitive to cytoarchitectural breakdown.,['Cell Respiration'],['G04.270']
PMC5102368,Experimentally Induced Repeated Anhydrobiosis in the Eutardigrade Richtersius coronifer.,['Desiccation'],['G02.176']
PMC5102370,"Community Sampling and Integrative Taxonomy Reveal New Species and Host Specificity in the Army Ant-Associated Beetle Genus Tetradonia (Coleoptera, Staphylinidae, Aleocharinae).",['Species Specificity'],['G16.824']
PMC5104170,Safety and Appropriateness of Tourniquets in 105 Civilians.,['Tourniquets'],['E07.926']
PMC5104172,The effective founder effect in a spatially expanding population.,['Founder Effect'],['G05.285']
PMC5109834,Co-administration of the flavanol (-)-epicatechin with doxycycline synergistically reduces infarct size in a model of ischemia reperfusion injury by inhibition of mitochondrial swelling .,['Mitochondrial Swelling'],['G04.590']
PMC5114178,Reconstruction-Based Digital Dental Occlusion of the Partially Edentulous Dentition.,['Dental Occlusion'],['E06.276']
PMC5118709,Identification of Polo-like kinase 1 interaction inhibitors using a novel cell-based assay.,['Alkylation'],['G03.059']
PMC5123978,Osmosis and thermodynamics explained by solute blocking.,['Osmosis'],['G02.691']
PMC5125014,Recognition of extremophilic archaeal viruses by eukaryotic cells: a promising nanoplatform from the third domain of life.,['Archaeal Viruses'],['B04.100']
PMC5126363,Bipartite Network Analysis of the Archaeal Virosphere: Evolutionary Connections between Viruses and Capsidless Mobile Elements.,['Archaeal Viruses'],['B04.100']
PMC5133061,Disordered Eating Behaviors and Food Addiction among Nutrition Major College Students.,['Nutrition Disorders'],['C18.654']
PMC5145864,Evidencing the Role of Erythrocytic Apoptosis in Malarial Anemia.,['Blood Physiological Phenomena'],['G09.188']
PMC514761,Combination therapy using sodium antimony gluconate in stearylamine-bearing liposomes against established and chronic Leishmania donovani infection in BALB/c Mice.,['Antimony Sodium Gluconate'],['D02.125']
PMC5147925,Foot Conditions among Homeless Persons: A Systematic Review.,['Foot Diseases'],['C05.360']
PMC5148704,Crystal structure of a polypeptide's C-terminus in complex with the regulatory domain of ER aminopeptidase 1.,['Peptides'],['D12.644']
PMC5155278,Electric-field-induced interferometric resonance of a one-dimensional spin-orbit-coupled electron.,['Interferometry'],['E05.490']
PMC516442,External decontamination of wild leeches with hypochloric acid.,['Leeching'],['E02.596']
PMC5167189,Retinoic acid signaling determines the fate of uterine stroma in the mouse Mullerian duct.,['Mullerian Ducts'],['A16.623']
PMC5176173,Assessment of the Role of Metabolic Determinants on the Relationship between Insulin Sensitivity and Secretion .,"['Insulin Secretion', 'Insulin Secretion']","['G03.442', 'G07.475']"
PMC5176221,"Hepatitis E Virus in Wild Boars and Spillover Infection in Red and Roe Deer, Germany, 2013-2015.","['Hepatitis, Animal']",['C01.436']
PMC5192181,Radical aryl migration enables diversity-oriented synthesis of structurally diverse medium/macro- or bridged -rings.,['Bridged-Ring Compounds'],['D04.075']
PMC5196305,Stibanate ( sodium antimony gluconate ) with pedunculine in the treatment of kalaazar.,['Antimony Sodium Gluconate'],['D02.125']
PMC5204151,Recombination in the eggs and sperm in a simultaneously hermaphroditic vertebrate.,['Hermaphroditic Organisms'],['B05.275']
PMC5217477,A modified alkaline comet assay for measuring DNA repair capacity in human populations.,['DNA Repair'],['G05.219']
PMC5218186,The treatment of kalaazar with sodium antimony gluconate (stibatin) further observations on the treatment of 32 cases.,['Antimony Sodium Gluconate'],['D02.125']
PMC521843,Lytic replication- defective Kaposi's sarcoma-associated herpesvirus: potential role in infection and malignant transformation.,['Defective Viruses'],['B04.265']
PMC5218457,The treatment of kala-azar with sodium antimony -v- gluconate ; preliminary observations.,['Antimony Sodium Gluconate'],['D02.125']
PMC5221461,Recent developments in detection and enumeration of waterborne bacteria: a retrospective minireview.,['Waterborne Diseases'],['C01.936']
PMC5222629,Optical Detection of Ultrasound in Photoacoustic Imaging .,['Optical Imaging'],['E05.642']
PMC5226427,Visualizing the Interrenal Steroidogenic Tissue and Its Vascular Microenvironment in Zebrafish.,['Interrenal Gland'],['A13.530']
PMC5231273,Environmental Factors Can Influence Mitochondrial Inheritance in the Saccharomyces Yeast Hybrids.,['Inheritance Patterns'],['G05.420']
PMC5234562,Technology insight: In vitro culture of spermatogonial stem cells and their potential therapeutic uses.,['In Vitro Techniques'],['E05.481']
PMC5236217,Sodium antimony v. gluconate in the treatment of Indian kala-azar.,['Antimony Sodium Gluconate'],['D02.125']
PMC5242505,Specialized pro-resolving mediators : endogenous regulators of infection and inflammation .,['Inflammation Mediators'],['D23.469']
PMC5247355,Kinetically E-selective macrocyclic ring -closing metathesis.,['Bridged-Ring Compounds'],['D04.075']
PMC5256122,Metastatic disease from uveal melanoma: treatment options and future prospects.,['Uveal Diseases'],['C11.941']
PMC5256489,Tuberculous scleral abscess with choroidal detachment.,['Scleral Diseases'],['C11.790']
PMC5266287,A Low Peripheral Blood CD4/CD8 Ratio Is Associated with Pulmonary Emphysema in HIV.,['CD4-CD8 Ratio'],['G12.248']
PMC5286458,Peginesatide for the treatment of anemia due to chronic kidney disease - an unfulfilled promise.,"['Chemistry Techniques, Synthetic']",['E05.197']
PMC5287358,Age-Related Differences in Sleep - Wake Symptoms of Adults Undergoing Polysomnography.,['Sleep Wake Disorders'],['C10.886']
PMC5287567,Electro-shock and electronarcosis in the treatment of mental disorders.,['Electronarcosis'],['E03.340']
PMC5291999,Challenging the foundations of the clinical model of foot function: further evidence that the root model assessments fail to appropriately classify foot function.,['Foot Deformities'],['C05.330']
PMC5295715,Emergency obstetric care in a rural district of Burundi: What are the surgical needs?,['Obstetric Surgical Procedures'],['E04.520']
PMC5304763,The economic burden of vision loss and eye disorders among the United States population younger than 40 years.,['Vision Disorders'],['C11.966']
PMC5314649,Time indices of multiphasic development in genotypes of sweet cherry are similar from dormancy to cessation of pit growth .,['Growth and Development'],['G07.345']
PMC5324096,A new method for identifying the cut ends in canalicular laceration .,['Lacerations'],['C26.540']
PMC5325474,Why do people buy dogs with potential welfare problems related to extreme conformation and inherited disease? A representative study of Danish owners of four small dog breeds.,['Dog Diseases'],['C22.268']
PMC5325476,Rational design of DKK3 structure-based small peptides as antagonists of Wnt signaling pathway and in silico evaluation of their efficiency.,['Intercellular Signaling Peptides and Proteins'],['D23.529']
PMC5325496,Defining the diagnostic divide: an analysis of registered radiological equipment resources in a low-income African country.,['Diagnostic Equipment'],['E07.230']
PMC5330214,Personalized nutrition and obesity.,['Nutrition Disorders'],['C18.654']
PMC5332001,Characteristics of upper extremity 's muscle strength in Turkish national wheelchair basketball players team.,['Extremities'],['A01.378']
PMC5333992,The application of KillerRed for acute protein inactivation in living cells.,['Chromophore-Assisted Light Inactivation'],['E05.198']
PMC5334665,Malpighian Tubules as Novel Targets for Mosquito Control.,['Malpighian Tubules'],['A13.574']
PMC5335590,"HDL efflux capacity, HDL particle size , and high-risk carotid atherosclerosis in a cohort of asymptomatic older adults: the Chicago Healthy Aging Study.",['Particle Size'],['G02.712']
PMC5340944,Technologies for Proteome-Wide Discovery of Extracellular Host-Pathogen Interactions .,['Host-Pathogen Interactions'],['G06.462']
PMC5343301,"A household survey of medicine storage practices in Gondar town, northwestern Ethiopia.",['Medicine Chests'],['E07.546']
PMC5344537,Release of HIV-1 sequestered in the vesicles of oral and genital mucosal epithelial cells by epithelial -lymphocyte interaction.,['Epithelial Cells'],['A11.436']
PMC5346614,Inner ear disturbances related to middle ear inflammation.,['Ear Diseases'],['C09.218']
PMC5347218,Application of Micropore Filter Technology: Exploring the Blood Flow Path in Arterial-Line Filters and Its Effect on Bubble Trapping Functions.,['Micropore Filters'],['E07.560']
PMC5347896,Metal-Catalysed Azidation of Organic Molecules.,['Azides'],['D02.159']
PMC5349026,Effects of different polishing techniques on the surface roughness of dental porcelains.,['Dental Polishing'],['E06.298']
PMC5349794,Treating inflammation and infection in the 21st century: new hints from decoding resolution mediators and mechanisms.,['Inflammation Mediators'],['D23.469']
PMC5352776,Neutron activation increases activity of ruthenium -based complexes and induces cell death in glioma cells independent of p53 tumor suppressor gene.,['Ruthenium Compounds'],['D01.765']
PMC5356955,Occupational rhinitis affects occupational asthma severity.,"['Asthma, Occupational']",['C24.102']
PMC5359816,"Incidence and patterns of surgical glove perforations: experience from Addis Ababa, Ethiopia.",['Elective Surgical Procedures'],['E04.249']
PMC5362232,Repeated anaesthesia with isoflurane and medetomidine-midazolam-fentanyl in guinea pigs and its influence on physiological parameters.,['Anesthesia'],['E03.155']
PMC5370142,Post-term growth and cognitive development at 5 years of age in preterm children: Evidence from a prospective population-based cohort.,['Growth and Development'],['G07.345']
PMC5371729,Proteomics and integrative omic approaches for understanding host-pathogen interactions and infectious diseases.,['Host-Pathogen Interactions'],['G06.462']
PMC5374464,Surface Acoustic Waves to Drive Plant Transpiration .,['Plant Transpiration'],['G15.713']
PMC5378910,Tubular Peroxiredoxin 3 as a Predictor of Renal Recovery from Acute Tubular Necrosis in Patients with Chronic Kidney Disease.,['Recovery of Function'],['G16.757']
PMC5381307,Chlamydial eye infections : Current perspectives.,['Eye Infections'],['C01.375']
PMC5383107,De novo transcriptome analysis of the excretory tubules of Carausius morosus (Phasmatodea) and possible functions of the midgut 'appendices'.,['Malpighian Tubules'],['A13.574']
PMC5383234,Polymorphisms of FST gene and their association with wool quality traits in Chinese Merino sheep.,['Wool'],['A13.970']
PMC5389061,Clinical Performance of Emergency Surgical Officers in Southern Ethiopia.,['Obstetric Surgical Procedures'],['E04.520']
PMC5389144,Knowledge about preventive dentistry versus self-reported competence in providing preventive oral healthcare - a study among Nepalese dentists.,['Preventive Dentistry'],['E06.761']
PMC5390282,"Root cause analysis underscores the importance of understanding, addressing, and communicating cold chain equipment failures to improve equipment performance.",['Equipment Failure'],['E05.325']
PMC5395427,Does the morphological fit between flowers and pollinators affect pollen deposition? An experimental test in a buzz- pollinated species with anther dimorphism.,['Pollination'],['G15.776']
PMC5396062,Isolation and Characterization of an Aeromonas punctata Bacteriophage .,['Bacteriophages'],['B04.123']
PMC5399778,Development and dynamics of cell polarity at a glance.,['Cell Polarity'],['G04.250']
PMC5402434,Structure-metabolism relationships in human-AOX: Chemical insights from a large database of aza -aromatic and amide compounds .,['Aza Compounds'],['D02.145']
PMC5409151,Variation of iron redox kinetics and its relation with molecular composition of standard humic substances at circumneutral pH.,['Oxidation-Reduction'],['G02.700']
PMC5411339,Immune reconstitution inflammatory syndrome in HIV infection: taking the bad with the good.,['Immune Reconstitution Inflammatory Syndrome'],['C20.608']
PMC5412845,"The chemical exposure toxicity space (CETS) model: Displaying exposure time, aqueous and organic concentration, activity, and onset of toxicity .",['Toxicity Tests'],['E05.940']
PMC5413792,Ninety-day readmissions after inpatient cholecystectomy: A 5-year analysis.,['Digestive System Surgical Procedures'],['E04.210']
PMC5426973,Computational fluid dynamic modeling of nose -to-ceiling head positioning for sphenoid sinus irrigation.,['Nose'],['A04.531']
PMC5436301,Drugging the Cancers Addicted to DNA Repair .,['DNA Repair'],['G05.219']
PMC5437889,Minimum Electric Field Exposure for Seizure Induction with Electroconvulsive Therapy and Magnetic Seizure Therapy .,['Magnetic Field Therapy'],['E02.621']
PMC5440136,Application of a buprenorphine transdermal patch for the perioperative analgesia in patients who underwent simple lumbar discectomy.,['Transdermal Patch'],['E07.935']
PMC5440698,Microbiota Analysis of an Environmental Slurry and Its Potential Role as a Reservoir of Bovine Digital Dermatitis Pathogens.,['Digital Dermatitis'],['C22.214']
PMC5444488,Amino acid homeostasis and signalling in mammalian cells and organisms.,['Amino Acids'],['D12.125']
PMC5445277,Limitations of a metabolic network-based reverse ecology method for inferring host-pathogen interactions .,['Host-Pathogen Interactions'],['G06.462']
PMC5447284,Remote Ischemic Preconditioning and Protection of the Kidney--A Novel Therapeutic Option.,['Ischemic Preconditioning'],['E05.516']
PMC5450549,Marine Fish Proteins and Peptides for Cosmeceuticals : A Review.,['Cosmeceuticals'],['D26.074']
PMC5452288,Bacteriophage-prokaryote dynamics and interaction within anaerobic digestion processes across time and space.,['Prokaryotic Cells'],['A11.760']
PMC5452610,The effects of different velogenic NDV infections on the chicken bursa of Fabricius .,['Bursa of Fabricius'],['A13.163']
PMC5452985,Orthogonal Luciferase- Luciferin Pairs for Bioluminescence Imaging.,['Luciferins'],['D02.578']
PMC5455982,"Single Cell Transcriptomics, Mega-Phylogeny, and the Genetic Basis of Morphological Innovations in Rhizaria .",['Rhizaria'],['B01.680']
PMC545716,Multiple regulators control expression of the Entner-Doudoroff aldolase (Eda) of Escherichia coli.,['Sugar Acids'],['D09.811']
PMC5459603,Association of Body Length with Ocular Parameters in Mice.,"['Refraction, Ocular']",['G14.760']
PMC5462760,Origin and evolutionary history of freshwater Rhodophyta : further insights based on phylogenomic evidence.,['Rhodophyta'],['B01.715']
PMC5464969,Inflammatory potential of diet and risk of oral and pharyngeal cancer in a large case-control study from Italy.,['Pharyngeal Diseases'],['C07.550']
PMC5466487,Regulation of epithelial ion transport in exocrine glands by store-operated Ca(2+) entry.,['Exocrine Glands'],['A10.336']
PMC5467570,"BioM2MetDisease: a manually curated database for associations between microRNAs, metabolites, small molecules and metabolic diseases .",['Metabolic Diseases'],['C18.452']
PMC5473053,How Drug Control Policy and Practice Undermine Access to Controlled Medicines.,['Controlled Substances'],['D26.049']
PMC5476960,Intentional Laceration of the Anterior Mitral Valve Leaflet to Prevent Left Ventricular Outflow Tract Obstruction During Transcatheter Mitral Valve Replacement: Pre-Clinical Findings.,['Lacerations'],['C26.540']
PMC5482393,A Phylogenomic Framework to Study the Diversity and Evolution of Stramenopiles (=Heterokonts).,['Stramenopiles'],['B01.750']
PMC5485959,Predicting Zoonotic Risk of Influenza A Viruses from Host Tropism Protein Signature Using Random Forest.,['Host Tropism'],['G07.443']
PMC5488164,Risk of Fungal Infection to Dental Patients.,['Dental Equipment'],['E07.222']
PMC5489618,"Epithelial Fluid Transport is Due to Electro- osmosis (80%), Plus Osmosis (20%).",['Osmosis'],['G02.691']
PMC5491102,Internal Structure and Preferential Protein Binding of Colloidal Aggregates.,['Colloids'],['D20.280']
PMC5495684,Risk of Hemorrhage Attributed to Underlying Chronic Diseases and Uninterrupted Aspirin Therapy of Patients Undergoing Minor Oral Surgical Procedures : A Retrospective Cohort Study.,['Oral Surgical Procedures'],['E04.545']
PMC5501608,Focal areas of increased lipid concentration on the coating of microbubbles during short tone-burst ultrasound insonification.,['Microbubbles'],['E07.553']
PMC5502244,Procedural sedation in the emergency department by Dutch emergency physicians: a prospective multicentre observational study of 1711 adults.,['Procedural Sedation'],['E03.250']
PMC5504504,In vitro research of the alteration of neurons in vagal core in medulla oblongata at asphyxic deaths.,['Asphyxia'],['C26.103']
PMC5514913,Upregulation of calprotectin in mild IgE-mediated ovalbumin hypersensitivity .,['Hypersensitivity'],['C20.543']
PMC5516251,Disguised as a Sulfate Reducer: Growth of the Deltaproteobacterium Desulfurivibrio alkaliphilus by Sulfide Oxidation with Nitrate.,['Oxidation-Reduction'],['G02.700']
PMC5522967,Mutation Spectrum of STAR and a Founder Effect of the p.Q258* in Korean Patients with Congenital Lipoid Adrenal Hyperplasia.,['Founder Effect'],['G05.285']
PMC5525501,"Invisible Shield: Review of the Corneal Epithelium as a Barrier to UV Radiation, Pathogens, and Other Environmental Stimuli.",['Epithelium'],['A10.272']
PMC5533810,Impact of tooth loss on walking speed decline over time in older adults: a population-based cohort study.,['Tooth Diseases'],['C07.793']
PMC5534102,"""Visually impaired elderly patient ingests pill desiccant , leading to acute hypoxic respiratory failure requiring intubation"".",['Desiccation'],['G02.176']
PMC5543408,A Hybrid Nanomaterial for the Controlled Generation of Free Radicals and Oxidative Destruction of Hypoxic Cancer Cells.,['Free Radicals'],['D01.339']
PMC5552456,Interchangeable neck shape-specific coils for a clinically realizable anterior neck phased array system.,['Neck'],['A01.598']
PMC5555457,"A Kinome RNAi Screen in Drosophila Identifies Novel Genes Interacting with Lgl, aPKC, and Crb Cell Polarity Genes in Epithelial Tissues.",['Cell Polarity'],['G04.250']
PMC5556044,Spontaneous detachment of Streptococcus mutans biofilm by synergistic effect between zwitterion and sugar alcohol.,['Sugar Alcohols'],['D09.853']
PMC5561256,A novel method for genome-wide profiling of dynamic host-pathogen interactions using 3' end enriched RNA-seq.,['Host-Pathogen Interactions'],['G06.462']
PMC5563119,MRI Image Processing Based on Fractal Analysis.,['Pathologic Processes'],['C23.550']
PMC5564031,Factors Determining In Vitro Lung Deposition of Albuterol Aerosol Delivered by Ventolin Metered-Dose Inhaler.,['In Vitro Techniques'],['E05.481']
PMC5564353,Neurovascular manifestations of connective - tissue diseases : A review.,['Connective Tissue Diseases'],['C17.300']
PMC5566392,Activated protein C protects from GvHD via PAR2/PAR3 signalling in regulatory T-cells.,['Graft vs Host Disease'],['C20.452']
PMC5571360,Characterization of the Activities of Dinuclear Thiolato-Bridged Arene Ruthenium Complexes against Toxoplasma gondii.,['Ruthenium Compounds'],['D01.765']
PMC5575314,Proteomic and network analysis of human serum albuminome by integrated use of quick crosslinking and two-step precipitation .,['Chemical Precipitation'],['G02.159']
PMC5585710,Outer Membrane Permeability of Cyanobacterium Synechocystis sp. Strain PCC 6803: Studies of Passive Diffusion of Small Organic Nutrients Reveal the Absence of Classical Porins and Intrinsically Low Permeability .,['Cell Membrane Permeability'],['G04.175']
PMC5586652,Two cases of spontaneous remission of non-parasitic chyluria.,"['Remission, Spontaneous']",['G16.767']
PMC5597489,Selective Stimulation of Facial Muscles Following Chronic Intraneural Electrode Array Implantation and Facial Nerve Injury in the Feline Model.,['Facial Muscles'],['A14.363']
PMC5602383,Human ribonuclease H1 resolves R-loops and thereby enables progression of the DNA replication fork.,['DNA Replication'],['G05.226']
PMC5604006,Evidence for complex life cycle constraints on salamander body form diversification.,['Life Cycle Stages'],['B05.500']
PMC5608155,Laboratory Techniques Used to Maintain and Differentiate Biotypes of Vibrio cholerae Clinical and Environmental Isolates.,['Clinical Laboratory Techniques'],['E05.200']
PMC5608350,An analysis of beak shape variation in two ages of domestic turkeys (Meleagris gallopavo) using landmark-based geometric morphometrics.,['Beak'],['A13.114']
PMC5608436,Knowledge and attitude towards Ebola and Marburg virus diseases in Uganda using quantitative and participatory epidemiology techniques.,['Virus Diseases'],['C01.925']
PMC5608760,Application of bio-orthogonal proteome labeling to cell transplantation and heterochronic parabiosis .,['Parabiosis'],['E05.660']
PMC5612589,Induction and Diagnosis of Tumors in Drosophila Imaginal Disc Epithelia.,['Imaginal Discs'],['A13.518']
PMC5612692,Effects of head tilt on visual field testing with a head -mounted perimeter imo.,['Head'],['A01.456']
PMC5615031,"Analysis and Economic Implication of X-Ray Film Reject in Diagnostic Radiology Department of Jimma University Specialized Hospital, Southwest Ethiopia.",['X-Ray Film'],['E07.960']
PMC5615621,Dental Environmental Noise Evaluation and Health Risk Model Construction to Dental Professionals.,['Dental Equipment'],['E07.222']
PMC5623529,The course and prognostic factors of cognitive status after central nervous system trauma : a systematic review protocol.,"['Trauma, Nervous System', 'Trauma, Nervous System']","['C10.900', 'C26.915']"
PMC5633109,Loss of mucin-type O-glycans impairs the integrity of the glomerular filtration barrier in the mouse kidney.,['Glomerular Filtration Barrier'],['A07.500']
PMC5634839,Traumatic penile amputation : a case report.,"['Amputation, Traumatic']",['C26.062']
PMC5637700,Challenges in complex video-assisted thoracoscopic surgery and spontaneous respiration video-assisted thoracoscopic surgery procedures .,['Video-Assisted Techniques and Procedures'],['E05.956']
PMC5638033,Nowadays open-chest surgery in the era of fast-track management.,['Video-Assisted Techniques and Procedures'],['E05.956']
PMC5643248,"bHLH proneural genes as cell fate determinants of entero- endocrine cells , an evolutionarily conserved lineage sharing a common root with sensory neurons.",['Endocrine Cells'],['A11.382']
PMC5651022,Predictive Processing and the Varieties of Psychological Trauma .,"['Trauma, Nervous System', 'Trauma, Nervous System']","['C10.900', 'C26.915']"
PMC5652317,Fabrication and application of heterogeneous printed mouse phantoms for whole animal optical imaging .,['Optical Imaging'],['E05.642']
PMC5653421,Effects of PDGF-BB delivery from heparinized collagen sutures on the healing of lacerated chicken flexor tendon in vivo.,['Lacerations'],['C26.540']
PMC5657667,"Risk Behaviors for Contact Lens-Related Eye Infections Among Adults and Adolescents - United States, 2016.",['Eye Infections'],['C01.375']
PMC5660627,Numerical Hydrodynamics in General Relativity.,['Hydrodynamics'],['G01.342']
PMC5662064,Application of Environmental Scanning Electron Microscope-Nanomanipulation System on Spheroplast Yeast Cells Surface Observation.,['Spheroplasts'],['A11.868']
PMC5662775,"The Fountain of Youth: A Tale of Parabiosis , Stem Cells, and Rejuvenation.",['Parabiosis'],['E05.660']
PMC5666562,Cell Recognition Molecule L1 Regulates Cell Surface Glycosylation to Modulate Cell Survival and Migration.,['Cell Survival'],['G04.346']
PMC5667772,Transcriptomic difference in bovine blastocysts following vitrification and slow freezing at morula stage.,['Morula'],['A16.615']
PMC5668334,Tuning the motility and directionality of self-propelled colloids .,['Colloids'],['D20.280']
PMC5668907,An automatic and robust algorithm of reestablishment of digital dental occlusion .,['Dental Occlusion'],['E06.276']
PMC5669852,The neglected avian hepatotropic virus induces acute and chronic hepatitis in ducks: an alternative model for hepatology.,"['Hepatitis, Animal']",['C01.436']
PMC5678470,Hematological Changes Associated with Theileria orientalis Infection in Korean Indigenous Cattle .,['Cattle Diseases'],['C22.196']
PMC5678724,Cardiac cycle-synchronized electrical muscle stimulator for lower limb training with the potential to reduce the heart 's pumping workload.,['Heart'],['A07.541']
PMC5691099,Blood free Radicals Concentration Determined by Electron Paramagnetic Resonance Spectroscopy and Delayed Cerebral Ischemia Occurrence in Patients with Aneurysmal Subarachnoid Hemorrhage.,['Free Radicals'],['D01.339']
PMC5700577,Is the distance from punctum a factor in the anatomical and functional success of canalicular laceration repairs?,['Lacerations'],['C26.540']
PMC5701734,"Mitochondrial Respiration Is Reduced in Atherosclerosis, Promoting Necrotic Core Formation and Reducing Relative Fibrous Cap Thickness.",['Cell Respiration'],['G04.270']
PMC5702122,A multiscale modeling study of particle size effects on the tissue penetration efficacy of drug-delivery nanoparticles.,['Particle Size'],['G02.712']
PMC5702951,"A highly-occupied, single- cell trapping microarray for determination of cell membrane permeability .",['Cell Membrane Permeability'],['G04.175']
PMC5703456,Mechanisms of action of Coxiella burnetii effectors inferred from host-pathogen protein interactions .,['Host-Pathogen Interactions'],['G06.462']
PMC5705906,Unbiased Quantitation of Alveolar Type II to Alveolar Type I Cell Transdifferentiation during Repair after Lung Injury in Mice.,['Cell Transdifferentiation'],['G04.356']
PMC5710524,"Carbohydrate metabolism and gene regulation during anther development in an androdioecious tree, Tapiscia sinensis.",['Hermaphroditic Organisms'],['B05.275']
PMC5711382,Genetic Disruption of 21-Hydroxylase in Zebrafish Causes Interrenal Hyperplasia.,['Interrenal Gland'],['A13.530']
PMC5715807,Rethinking the evolution of eukaryotic metabolism: novel cellular partitioning of enzymes in stramenopiles links serine biosynthesis to glycolysis in mitochondria.,['Stramenopiles'],['B01.750']
PMC5716473,"Synthesis of 1,2-Bis(trifluoromethylthio)arenes via Aryne Intermediates.",['Fused-Ring Compounds'],['D04.210']
PMC5716486,Specialized pro-resolving mediators in cardiovascular diseases.,['Inflammation Mediators'],['D23.469']
PMC5718208,Neuropathology of Parkinson disease.,['Pathologic Processes'],['C23.550']
PMC5719755,"Biosecurity aspects of cattle production in Western Uganda, and associations with seroprevalence of brucellosis, salmonellosis and bovine viral diarrhoea.",['Cattle Diseases'],['C22.196']
PMC5720584,Suitability of radiochromic films for dosimetry of very-low energy X-rays.,['X-Ray Film'],['E07.960']
PMC5724439,Comparison of computed radiography and film /screen combination using a contrast-detail phantom.,['X-Ray Film'],['E07.960']
PMC5724594,Radiographic techniques in screen- film mammography.,['X-Ray Film'],['E07.960']
PMC5724686,"Head , withers and pelvic movement asymmetry and their relative timing in trot in racing Thoroughbreds in training.",['Head'],['A01.456']
PMC5725376,Transcriptome Sequencing Reveals Astrocytes as a Therapeutic Target in Heat -Stroke.,['Heat Stress Disorders'],['C26.522']
PMC5729811,COGAN 'S SYNDROME .,['Cogan Syndrome'],['C11.180']
PMC5729814,PRESERVATIVES FROM THE EYE DROPS AND THE OCULAR SURFACE.,['Lacrimal Elimination'],['G14.540']
PMC5730879,Histopathology of the Human Inner Ear in the Cogan Syndrome with Cochlear Implantation.,['Cogan Syndrome'],['C11.180']
PMC5747789,Iatrogenic displacement of high-speed bur during third molar removal.,['Dental High-Speed Technique'],['E06.216']
PMC5747966,Multiwell Assay for the Analysis of Sugar Gut Permeability Markers: Discrimination of Sugar Alcohols with a Fluorescent Probe Array Based on Boronic Acid Appended Viologens.,['Sugar Alcohols'],['D09.853']
PMC5750678,Construction and Potential Applications of Biosensors for Proteins in Clinical Laboratory Diagnosis.,['Clinical Laboratory Techniques'],['E05.200']
PMC5752577,Different approaches to modeling analysis of mitochondrial swelling .,['Mitochondrial Swelling'],['G04.590']
PMC5752864,Microbially Mediated Coupling of Fe and N Cycles by Nitrate-Reducing Fe(II)-Oxidizing Bacteria in Littoral Freshwater Sediments.,['Oxidation-Reduction'],['G02.700']
PMC5753580,Evaluation of the BreastSimulator software platform for breast tomography .,"['Tomography Scanners, X-Ray Computed']",['E07.913']
PMC5755434,Dissection and Coronal Slice Preparation of Developing Mouse Pituitary Gland.,['Dissection'],['E04.221']
PMC5764767,"Effect of age on acute toxicity of cadmium, copper, nickel, and zinc in individual-metal exposures to Daphnia magna neonates.",['Toxicity Tests'],['E05.940']
PMC5770972,Direct Numerical Simulation of Cellular-Scale Blood Flow in 3D Microvascular Networks.,['Blood Physiological Phenomena'],['G09.188']
PMC5771163,"Subjective Complaints of Ocular Dryness and Xerostomia Among the Non-Sjögren Adult Population of Lublin Region, Poland.",['Mouth Diseases'],['C07.465']
PMC5777927,Efficacy of vision therapy in children with learning disability and associated binocular vision anomalies.,['Vision Disorders'],['C11.966']
PMC5778277,Bleeding risk in patients using oral anticoagulants submitted to surgical procedures in dentistry: a systematic review protocol.,['Oral Surgical Procedures'],['E04.545']
PMC5779588,"Contact Lens Wearer Demographics and Risk Behaviors for Contact Lens-Related Eye Infections --United States, 2014.",['Eye Infections'],['C01.375']
PMC5784199,The largest early-diverging angiosperm family is mostly pollinated by ovipositing insects and so are most surviving lineages of early angiosperms.,['Pollination'],['G15.776']
PMC5785484,Urban environment predisposes dogs and their owners to allergic symptoms.,['Dog Diseases'],['C22.268']
PMC5792444,Identification of molecular pathways and candidate genes associated with cocks' comb size trait by genome-wide transcriptome analysis.,['Comb and Wattles'],['A13.242']
PMC5794905,OTTO: a new strategy to extract mental disease-relevant combinations of GWAS hits from individuals.,['Phenotype'],['G05.695']
PMC5796534,The Dose - Response Relationship of bacillus Calmette-Guerin and Urothelial Carcinoma Cell Biology.,"['Dose-Response Relationship, Immunologic']",['G12.300']
PMC5798567,A novel therapeutic strategy for cartilage diseases based on lipid nanoparticle-RNAi delivery system.,['Cartilage Diseases'],['C05.182']
PMC5801120,Essential Role of Nr2f Nuclear Receptors in Patterning the Vertebrate Upper Jaw .,['Jaw'],['A14.521']
PMC5801132,"Viruses of archaea: Structural, functional, environmental and evolutionary genomics.",['Archaeal Viruses'],['B04.100']
PMC5805936,Rapid phenotypic evolution following shifts in life cycle complexity.,['Life Cycle Stages'],['B05.500']
PMC5809726,Human Parvovirus B19 Utilizes Cellular DNA Replication Machinery for Viral DNA Replication .,['DNA Replication'],['G05.226']
PMC5810595,Improved Contrast-Enhanced Ultrasound Imaging With Multiplane-Wave Imaging.,['Microbubbles'],['E07.553']
PMC5812464,"Occupational health and safety for agricultural workers in Thailand: gaps and recommendations, with a focus on pesticide use.","[""Agricultural Workers' Diseases""]",['C24.080']
PMC5814657,Design and validation of a tissue bath 3-D printed with PLA for optically mapping suspended whole heart preparations.,['Equipment Design'],['E05.320']
PMC5817058,"Preterm Life in Sterile Conditions: A Study on Preterm, Germ - Free Piglets.",['Germ-Free Life'],['G06.320']
PMC5818473,New Zealand glowworm (Arachnocampa luminosa) bioluminescence is produced by a firefly-like luciferase but an entirely new luciferin .,['Luciferins'],['D02.578']
PMC5820198,Neural crest development in Xenopus requires Protocadherin 7 at the lateral neural crest border.,['Neural Crest'],['A16.627']
PMC5824997,"The 2014 Philip S. Portoghese Medicinal Chemistry Lectureship: The ""Phenylalkylaminome"" with a Focus on Selected Drugs of Abuse.",['Pharmacologic Actions'],['D27.505']
PMC5825067,Accounting for polarization in the calibration of a donut beam axial optical tweezers .,['Optical Tweezers'],['E05.650']
PMC5825184,Using biomaterials to promote pro-regenerative glial phenotypes after nervous system injuries.,"['Trauma, Nervous System', 'Trauma, Nervous System']","['C10.900', 'C26.915']"
PMC5826831,"DNA recombination defects in Kuwait: Clinical, immunologic and genetic profile.",['Immunologic Deficiency Syndromes'],['C20.673']
PMC5829128,"SNF472, a novel inhibitor of vascular calcification, could be administered during hemodialysis to attain potentially therapeutic phytate levels.",['Dialysis'],['G02.186']
PMC5829330,Lycium barbarum Polysaccharide Promotes Maturation of Dendritic Cell via Notch Signaling and Strengthens Dendritic Cell Mediated T Lymphocyte Cytotoxicity on Colon Cancer Cell CT26-WT.,"['Cytotoxicity, Immunologic']",['G12.287']
PMC5832125,Feasibility of Using an Electrolysis Cell for Quantification of the Electrolytic Products of Water from Gravimetric Measurement.,['Electrolytes'],['D01.248']
PMC5836727,Luciferase Activity of Insect Fatty Acyl-CoA Synthetases with Synthetic Luciferins .,['Luciferins'],['D02.578']
PMC5842015,Cross-sectional study of CD4: CD8 ratio recovery in young adults with perinatally acquired HIV-1 infection.,['CD4-CD8 Ratio'],['G12.248']
PMC5842096,Delineating the Trajectory of Cognitive Recovery From General Anesthesia in Older Adults: Design and Rationale of the TORIE (Trajectory of Recovery in the Elderly) Project.,['Anesthesia Recovery Period'],['E03.160']
PMC5848544,Dissecting the pathobiology of altered MRI signal in amyotrophic lateral sclerosis: A post mortem whole brain sampling strategy for the integration of ultra-high-field MRI and quantitative neuropathology.,['Pathologic Processes'],['C23.550']
PMC5849575,Influence of organ donor attributes and preparation characteristics on the dynamics of insulin secretion in isolated human islets.,"['Insulin Secretion', 'Insulin Secretion']","['G03.442', 'G07.475']"
PMC5852149,Microcirculatory Disorders and Protective Role of Xuebijing in Severe Heat Stroke.,['Heat Stress Disorders'],['C26.522']
PMC5858355,Clinical Aspects of Foot Health in Individuals with Alzheimer's Disease.,['Foot Diseases'],['C05.360']
PMC5862475,Development and validation of a physiology-based model for the prediction of pharmacokinetics / toxicokinetics in rabbits.,['Toxicokinetics'],['G03.893']
PMC5870118,Toxicological significance of azo dye metabolism by human intestinal microbiota.,['Azo Compounds'],['D02.172']
PMC5876914,Uveal Melanoma Associated With Myotonic Dystrophy: A Report of 6 Cases.,['Uveal Diseases'],['C11.941']
PMC5877741,The Target of Rapamycin and Mechanisms of Cell Growth .,['Cell Growth Processes'],['G04.161']
PMC5892032,A guideline for placement of an infra-acetabular screw based on anatomic landmarks via an intra-pelvic approach.,['Anatomic Landmarks'],['A01.111']
PMC5893271,Curative procedures of oral health and structural characteristics of primary dental care.,['Dental Equipment'],['E07.222']
PMC5901991,A 'smart' tube holder enables real-time sample monitoring in a standard lab centrifuge .,['Centrifugation'],['E05.181']
PMC5902144,Update on sutureless thyroidectomy.,['Ultrasonic Surgical Procedures'],['E04.943']
PMC5908159,IL-13 induces periostin and eotaxin expression in human primary alveolar epithelial cells : Comparison with paired airway epithelial cells .,['Epithelial Cells'],['A11.436']
PMC5908828,Patient-Specific Cardiovascular Computational Modeling: Diversity of Personalization and Challenges.,['Cardiovascular Physiological Phenomena'],['G09.330']
PMC5914027,The COSMAM TRIAL a prospective cohort study of quality of life and cosmetic outcome in patients undergoing breast conserving surgery.,['Cosmetic Techniques'],['E02.218']
PMC5916665,"Application of ""three lines and one plane"" as anatomic landmarks in laparoscopic surgery for bile duct stones.",['Anatomic Landmarks'],['A01.111']
PMC5917155,Genotoxic and antigenotoxic properties of selenium compounds in the in vitro micronucleus assay with human whole blood lymphocytes and TK6 lymphoblastoid cells.,['Selenium Compounds'],['D01.810']
PMC5922451,Invited review: mesenchymal progenitor cells in intramuscular connective tissue development.,['Connective Tissue Cells'],['A11.329']
PMC5928479,"A novel technique for the impression, model fabrication and provisionalization of pinlays.",['Dental Pins'],['E06.292']
PMC5931125,Antigen - mediated regulation in monoclonal gammopathies and myeloma.,"['Clonal Selection, Antigen-Mediated']",['G12.261']
PMC5933199,Signs and Symptoms of Early Pregnancy Loss.,['Signs and Symptoms'],['C23.888']
PMC5933971,CD4:CD8 ratio comparison between cohorts of HIV-positive Asians and Caucasians upon commencement of antiretroviral therapy.,['CD4-CD8 Ratio'],['G12.248']
PMC5938651,Causes and management of urogenital fistulas. A retrospective cohort study from a tertiary referral center in Saudi Arabia.,['Urogenital Surgical Procedures'],['E04.950']
PMC5941477,Efficacy analysis of self-help position therapy after holmium laser lithotripsy via flexible ureteroscopy.,['Lithotripsy'],['E02.600']
PMC5952521,Optical Ultrasound Generation and Detection for Intravascular Imaging : A Review.,['Optical Imaging'],['E05.642']
PMC5953436,"Postnatal colonization with human ""infant-type"" Bifidobacterium species alters behavior of adult gnotobiotic mice.",['Germ-Free Life'],['G06.320']
PMC5953844,Opportunities and obstacles in translating evidence to policy in occupational asthma .,"['Asthma, Occupational']",['C24.102']
PMC5955942,Characterization of antennal chemosensilla and associated odorant binding as well as chemosensory proteins in the parasitoid wasp Microplitis mediator (Hymenoptera: Braconidae).,['Arthropod Antennae'],['A13.093']
PMC5956572,Robotics in oral and maxillofacial surgery .,"['Surgery, Oral']",['E06.892']
PMC5956894,SMG-1 kinase attenuates mitochondrial ROS production but not cell respiration deficits during hyperoxia.,['Cell Respiration'],['G04.270']
PMC5957377,Evolutionary and genomic analysis of the caleosin/peroxygenase (CLO/PXG) gene/protein families in the Viridiplantae .,['Viridiplantae'],['B01.875']
PMC5962245,"Decoronation followed by dental implants placement: fundamentals, applications and explanations.",['Dental Physiological Phenomena'],['G10.549']
PMC5963156,The doses of plasmid backbone plays a major role in determining the HBV clearance in hydrodynamic injection mouse model.,['Hydrodynamics'],['G01.342']
PMC5964914,Genomic prediction of the polled and horned phenotypes in Merino sheep.,['Horns'],['A13.507']
PMC5966206,Contrast enhancement in abdominal computed tomography : influence of photon energy of different scanners .,"['Tomography Scanners, X-Ray Computed']",['E07.913']
PMC5968605,Surgical informed consent in obstetric and gynecologic surgeries: experience from a comprehensive teaching hospital in Southern Ethiopia.,['Obstetric Surgical Procedures'],['E04.520']
PMC5970022,Preliminary report: Surgical outcomes following genitoplasty in children with moderate to severe genital atypia.,['Urogenital Surgical Procedures'],['E04.950']
PMC5970526,Genomic analyses of unique carbohydrate and phytohormone metabolism in the macroalga Gracilariopsis lemaneiformis ( Rhodophyta ).,['Rhodophyta'],['B01.715']
PMC5973588,Transcriptome analysis of the typical freshwater rhodophytes Sheathia arcuata grown under different light intensities.,['Rhodophyta'],['B01.715']
PMC5976880,Monoclonal Antibodies to Intracellular Stages of Cryptosporidium parvum Define Life Cycle Progression In Vitro.,['Life Cycle Stages'],['B05.500']
PMC5982790,Immunogenicity and Protection From a Single Dose of Internationally Available Killed Oral Cholera Vaccine: A Systematic Review and Metaanalysis.,"['Dose-Response Relationship, Immunologic']",['G12.300']
PMC5983455,"Localization of alpha 2u-globulin in the acinar cells of preputial gland, and confirmation of its binding with farnesol, a putative pheromone , in field rat (Millardia meltada).",['Pheromones'],['D23.641']
PMC5987657,Standardised data reporting from pre-hospital advanced airway management - a nominal group technique update of the Utstein-style airway template.,['Airway Management'],['E02.041']
PMC5991182,"Long terms trends in CD4 + cell counts, CD8 + cell counts, and the CD4+ : CD8+ ratio .",['CD4-CD8 Ratio'],['G12.248']
PMC5991699,A rough set-based measurement model study on high-speed railway safety operation.,['Equipment Safety'],['E05.330']
PMC5993329,Continuous DNA replication is required for late gene transcription and maintenance of replication compartments in gammaherpesviruses.,['DNA Replication'],['G05.226']
PMC5997561,Interrogation of Benzomalvin Biosynthesis Using Fungal Artificial Chromosomes with Metabolomic Scoring (FAC-MS): Discovery of a Benzodiazepine Synthase Activity.,"['Chromosomes, Fungal']",['A19.311']
PMC5999502,The prognostic value of phospholipase A2 receptor autoantibodies on spontaneous remission for patients with idiopathic membranous nephropathy: A meta-analysis.,"['Remission, Spontaneous']",['G16.767']
PMC6002370,An ex vivo salivary lubrication system to mimic xerostomic conditions and to predict the lubricating properties of xerostomia relieving agents.,['Mouth Diseases'],['C07.465']
PMC6007441,A metastable rRNA junction essential for bacterial 30S biogenesis.,"['Ribosome Subunits, Small, Bacterial']",['A20.874']
PMC6013840,The acute toxicity of major ion salts to Ceriodaphnia dubia: I. influence of background water chemistry.,['Salts'],['D01.786']
PMC6017793,Antioxidant and Anti-Osteoporosis Activities of Chemical Constituents of the Stems of Zanthoxylum piperitum.,['Oxygen Radical Absorbance Capacity'],['E05.657']
PMC6020238,Multiple morphogenic culture systems cause loss of resistance to cassava mosaic disease.,['Plant Somatic Embryogenesis Techniques'],['G15.698']
PMC6022708,The burden of war -injury in the Palestinian health care sector in Gaza Strip.,['War-Related Injuries'],['C26.946']
PMC6023402,Germinal center responses to complex antigens.,"['Clonal Selection, Antigen-Mediated']",['G12.261']
PMC6025569,Alternative Carrier Solvents for Pigments Extracted from Spalting Fungi.,['Pigmentation'],['G16.690']
PMC6032797,Impact of prehospital medical evacuation (MEDEVAC) transport time on combat mortality in patients with non-compressible torso injury and traumatic amputations: a retrospective study.,"['Amputation, Traumatic']",['C26.062']
PMC6039102,Structure and mutagenesis reveal essential capsid protein interactions for KSHV replication.,['Mutagenesis'],['G05.558']
PMC6048950,Burden of Infected Diabetic Foot Ulcers on Hospital Admissions and Costs.,['Foot Diseases'],['C05.360']
PMC6050940,Mechanisms of Crystalloid versus Colloid Osmosis across the Peritoneal Membrane.,['Osmosis'],['G02.691']
PMC6050962,A Xenobiotic Detoxification Pathway through Transcriptional Regulation in Filamentous Fungi.,['Xenobiotics'],['D26.969']
PMC6051410,Incorporation of the glutathione conjugation pathway in an updated physiologically-based pharmacokinetic model for perchloroethylene in mice.,['Toxicokinetics'],['G03.893']
PMC6051438,realDB: a genome and transcriptome resource for the red algae (phylum Rhodophyta ).,['Rhodophyta'],['B01.715']
PMC6063534,Simple kinetic model of mitochondrial swelling in cardiac cells.,['Mitochondrial Swelling'],['G04.590']
PMC6066406,Prevalence and Pharmaceutical Treatment of Plantar Fasciitis in United States Adults.,['Fasciitis'],['C05.321']
PMC6068293,Combination effect of allyl isothiocyanate and hoof trimming on bovine digital dermatitis .,['Digital Dermatitis'],['C22.214']
PMC6069971,Cellular toxicity of silicon carbide nanomaterials as a function of morphology.,['Silicon Compounds'],['D01.837']
PMC6070335,Capturing change in clonal composition amongst single mouse germinal centers.,"['Clonal Selection, Antigen-Mediated']",['G12.261']
PMC6087726,Phagocytosis -mediated M1 activation by chitin but not by chitosan.,['Phagocytosis'],['G12.688']
PMC6100502,Towards an Asymmetric Organocatalytic alpha- Azidation of beta-Ketoesters.,['Azides'],['D02.159']
PMC6105879,High Mobility Group Protein 1 Reverses Immune System Paralysis in Late-Phase Sepsis.,['Parabiosis'],['E05.660']
PMC6112264,Occurrence of internally ovipositing non-agaonid wasps and pollination mode of the associated agaonid wasps.,['Pollination'],['G15.776']
PMC6117968,Integrating coalescent species delimitation with analysis of host specificity reveals extensive cryptic diversity despite minimal mitochondrial divergence in the malaria parasite genus Leucocytozoon.,['Species Specificity'],['G16.824']
PMC6118022,"The Lung Microbiota of Healthy Mice Are Highly Variable, Cluster by Environment, and Reflect Variation in Baseline Lung Innate Immunity.",['Lung'],['A04.411']
PMC6119235,Climate Change Impacts on Waterborne Diseases : Moving Toward Designing Interventions.,['Waterborne Diseases'],['C01.936']
PMC6121315,"Perceived Risk, Expected Benefits and Pig Farmers' Behaviors of Veterinary Drug Usage.",['Veterinary Drugs'],['D26.939']
PMC6121505,Modulation of Apoptosis by Cytotoxic Mediators and Cell-Survival Molecules in Sjögren's Syndrome.,['Exocrine Glands'],['A10.336']
PMC6121650,Mesenchymal Stem Cell Migration during Bone Formation and Bone Diseases Therapy.,['Bone Diseases'],['C05.116']
PMC6122985,Transcriptional regulation of cell shape during organ morphogenesis.,['Cell Shape'],['G04.320']
PMC6123985,Adaption and validation of the nasal obstruction symptom evaluation scale in German language (D- NOSE ).,['Nose Diseases'],['C09.603']
PMC6125720,The interaction between sex-specific selection and local adaptation in species without separate sexes.,['Self-Fertilization'],['G15.830']
PMC6126544,The Use of Mouse Splenocytes to Assess Pathogen - associated Molecular Pattern Influence on Clock Gene Expression.,['Pathogen-Associated Molecular Pattern Molecules'],['D23.585']
PMC6126817,Measuring Magnetically-Tuned Ferroelectric Polarization in Liquid Crystals.,['Magnetic Phenomena'],['G01.358']
PMC6130832,Expression profiling identified IL-8 as a regulator of homotypic cell-in-cell formation .,['Cell-in-Cell Formation'],['G04.165']
PMC6131245,Rotations of macromolecules affect nonspecific biological responses to magnetic fields.,['Magnetic Phenomena'],['G01.358']
PMC6132689,Diagnosis and management of 365 ureteric injuries following obstetric and gynecologic surgery in resource-limited settings.,"['Obstetric Surgical Procedures', 'Urogenital Surgical Procedures']","['E04.520', 'E04.950']"
PMC6133090,Multigene phylogeny and cell evolution of chromist infrakingdom Rhizaria : contrasting cell organisation of sister phyla Cercozoa and Retaria.,['Rhizaria'],['B01.680']
PMC6135669,An Efficient Cell Sorting Protocol for Maize Protoplasts .,['Protoplasts'],['A11.789']
PMC6137101,Nitrogen cycle microorganisms can be reactivated after Space exposure.,['Nitrites'],['D02.633']
PMC6137980,Deep reinforcement learning of cell movement in the early stage of C.elegans embryogenesis.,['Cell Movement'],['G04.198']
PMC6140105,Larval Zebrafish Lateral Line as a Model for Acoustic Trauma.,['Acoustic Stimulation'],['E02.037']
PMC6145646,Potential Association of Anti-CCR4 Antibody Mogamulizumab and Graft-vs-Host Disease in Patients With Mycosis Fungoides and Sezary Syndrome.,['Graft vs Host Disease'],['C20.452']
PMC6146013,Cartilage diseases .,['Cartilage Diseases'],['C05.182']
PMC6149350,Synthesis of novel nitro -substituted triaryl pyrazole derivatives as potential estrogen receptor ligands.,['Nitro Compounds'],['D02.640']
PMC6156202,Fluorescently Labeled DNA Interacts with Competence and Recombination Proteins and Is Integrated and Expressed Following Natural Transformation of Bacillus subtilis.,['DNA Transformation Competence'],['G05.232']
PMC6156294,Alkyl- imino sugars inhibit the pro-oncogenic ion channel function of human papillomavirus (HPV) E5.,['Imino Sugars'],['D09.553']
PMC6159624,Decompressing rescue personnel during Australian submarine rescue operations.,['Decompression'],['E02.278']
PMC6159876,Tuning cell shape change with contractile ratchets.,['Cell Shape'],['G04.320']
PMC6163054,Pyridone Luciferins and Mutant Luciferases for Bioluminescence Imaging.,['Luciferins'],['D02.578']
PMC6167440,Treating Steroid Refractory Intestinal Acute Graft-vs.-Host Disease With Fecal Microbiota Transplantation: A Pilot Study.,['Graft vs Host Disease'],['C20.452']
PMC6184812,Quantitative dissection of variations in root growth rate: a matter of cell proliferation or of cell expansion?,['Cell Growth Processes'],['G04.161']
PMC6194558,Interaction between a variant of chromosome 9p21.3 locus and diet antioxidant capacity on metabolic syndrome in Tehrani adults.,['Oxygen Radical Absorbance Capacity'],['E05.657']
PMC6195531,Deciphering the rationale behind specific codon usage pattern in extremophiles .,['Extremophiles'],['B05.256']
PMC6198231,Tanshinone sensitized the antitumor effects of irradiation on laryngeal cancer via JNK pathway.,['Laryngeal Diseases'],['C09.400']
PMC6200999,The characteristics of dental occlusion in patients with moderate to severe obstructive sleep apnea in Saudi Arabia.,['Dental Occlusion'],['E06.276']
PMC6201571,Prevalence and impact of infant oral mutilation on dental occlusion and oral health-related quality of life among Kenyan adolescents from Maasai Mara.,['Dental Occlusion'],['E06.276']
PMC6204992,"Behavior, Electrophysiology, and Robotics Experiments to Study Lateral Line Sensing in Fishes.",['Lateral Line System'],['A13.564']
PMC6207721,"Sources, propagation and consequences of stochasticity in cellular growth .",['Cell Growth Processes'],['G04.161']
PMC6210892,Determinants of Breeding Farmers' Safe Use of Veterinary Drugs : A Theoretical and Empirical Analysis.,['Veterinary Drugs'],['D26.939']
PMC6211786,Anatomy of the Superficial Fascia System of the Breast : A Comprehensive Theory of Breast Fascial Anatomy.,['Breast'],['A01.236']
PMC6217814,Manganese-catalysed benzylic C(sp(3))-H amination for late-stage functionalization.,['Amination'],['G03.068']
PMC6218837,Recovery of Kidney Function in Children Treated with Maintenance Dialysis.,['Recovery of Function'],['G16.757']
PMC6221623,Association between years since manufacture and utilization of computed tomography scanner in South Korea: A cross-sectional study (a STROBE-compliant article).,"['Tomography Scanners, X-Ray Computed']",['E07.913']
PMC6221684,Association of 18F-FDG PET or PET/CT results with spontaneous remission in classic fever of unknown origin: A systematic review and meta-analysis.,"['Remission, Spontaneous']",['G16.767']
PMC6222826,Design of a New α-1- C -Alkyl-DAB Derivative Acting as a Pharmacological Chaperone for β-Glucocerebrosidase Using Ligand Docking and Molecular Dynamics Simulation.,['Imino Sugars'],['D09.553']
PMC6224224,Expression of metanephric nephron-patterning genes in differentiating mesonephric tubules.,['Mesonephros'],['A16.599']
PMC6227870,Experimental evidence for reduced male allocation under selfing in a simultaneously hermaphroditic animal.,['Hermaphroditic Organisms'],['B05.275']
PMC6232773,Pattern Recognition Receptors and the Host Cell Death Molecular Machinery.,['Pathogen-Associated Molecular Pattern Molecules'],['D23.585']
PMC6234925,Pediatric hand injuries : Practical approach for primary care physicians.,['Hand Injuries'],['C26.448']
PMC6235477,[ Connective tissue diseases in the hospital setting in Lome: a retrospective study of 231 cases].,['Connective Tissue Diseases'],['C17.300']
PMC6235699,NAD(+) and sirtuins in retinal degenerative diseases : A look at future therapies.,['Retinal Diseases'],['C11.768']
PMC6238792,Evaluation of plant-produced Clostridium perfringens type D epsilon toxoid in a vaccine against enterotoxaemia in sheep.,['Enterotoxemia'],['C22.313']
PMC6238821,Influence of dental occlusion on the athletic performance of young elite rowers: a pilot study.,['Dental Occlusion'],['E06.276']
PMC6240289,Cerebellar large B-cell lymphoma: a case report.,['Central Nervous System'],['A08.186']
PMC6241276,Ploidy and Size at Multiple Scales in the Arabidopsis Sepal.,['Cell Size'],['G04.325']
PMC6245592,Advanced integration of fluid dynamics and photosynthetic reaction kinetics for microalgae culture systems.,['Hydrodynamics'],['G01.342']
PMC6249029,Monogenic autoimmunity.,['Immunologic Deficiency Syndromes'],['C20.673']
PMC6259226,Supramolecular self-assembled chaos: polyphenolic lignin 's barrier to cost-effective lignocellulosic biofuels.,['Lignin'],['D20.538']
PMC6264187,Recent Advances in the Application of Selectfluor™ F-TEDA-BF4 as a Versatile Mediator or Catalyst in Organic Synthesis.,['Fluorine Compounds'],['D01.303']
PMC6267956,Sporosarcina pasteurii can clog and strengthen a porous medium mimic.,['Chemical Precipitation'],['G02.159']
PMC6268442,Struvite precipitation for ammonia nitrogen removal in 7-aminocephalosporanic acid wastewater.,['Chemical Precipitation'],['G02.159']
PMC6268893,Synthesis of new macrocyclic polyamides as antimicrobial agent candidates.,['Macrocyclic Compounds'],['D04.345']
PMC6272164,Development of advanced macrosphelides: potent anticancer agents.,"['Chemistry Techniques, Synthetic']",['E05.197']
PMC6273257,Synthesis of the Fatty Esters of Solketal and Glycerol-Formal: Biobased Specialty Chemicals .,['Specialty Uses of Chemicals'],['D27.720']
PMC6273831,"Synthesis of Novel Pyrido[4,3-e][1,2,4]triazino[3,2-c][1,2,4]thiadiazine 6,6-dioxide Derivatives with Potential Anticancer Activity.",['Heterocyclic Oxides'],['D03.661']
PMC6274056,Azidation in the Difunctionalization of Olefins.,['Azides'],['D02.159']
PMC6274696,Molecular Mechanism for the Regulation of ABA Homeostasis During Plant Development and Stress Responses.,['Homeostasis'],['G07.410']
PMC6283035,Degeneration of dystrophic or injured skeletal muscles induces high expression of Galectin-1.,"['Muscular Dystrophy, Animal']",['C22.595']
PMC6286738,RIPK3-Mediated Necroptosis and Neutrophil Infiltration Are Associated with Poor Prognosis in Patients with Alcoholic Cirrhosis.,['Neutrophil Infiltration'],['G12.632']
PMC6288648,Alcoholic liver disease : Utility of animal models .,"['Disease Models, Animal']",['C22.232']
PMC6292096,Whole body and partial body cryotherapies - lessons from human practice and possible application for horses.,['Cryotherapy'],['E02.258']
PMC6298598,Food Additives and Child Health.,['Specialty Uses of Chemicals'],['D27.720']
PMC6309616,Transcatheter Laceration of Aortic Leaflets to Prevent Coronary Obstruction During Transcatheter Aortic Valve Replacement: Concept to First-in-Human.,['Lacerations'],['C26.540']
PMC6310287,CD71+VISTA+ erythroid cells promote the development and function of regulatory T cells through TGF-beta.,['Erythroid Cells'],['A11.443']
PMC6312358,The Integrator complex regulates differential snRNA processing and fate of adult stem cells in the highly regenerative planarian Schmidtea mediterranea.,"['RNA Processing, Post-Transcriptional']",['G03.839']
PMC6313511,"Occurrence and Ecological and Human Health Risk Assessment of Polycyclic Aromatic Hydrocarbons in Soils from Wuhan, Central China.",['Polycyclic Aromatic Hydrocarbons'],['D04.615']
PMC6318006,General Thoracic Surgery in Rwanda: An Assessment of Surgical Volume and of Workforce and Material Resource Deficits.,['Thoracic Surgical Procedures'],['E04.928']
PMC6328868,"The relationship between tooth loss and mortality from all causes, cardiovascular diseases , and coronary heart disease in the general population: systematic review and dose-response meta-analysis of prospective cohort studies.",['Tooth Diseases'],['C07.793']
PMC6331845,Role of the Red Ginseng in Defense against the Environmental Heat Stress in Sprague Dawley Rats.,['Heat Stress Disorders'],['C26.522']
PMC6341545,Best practice advice on pre-hospital emergency anaesthesia & advanced airway management .,['Airway Management'],['E02.041']
PMC6343099,Roles of Na(+)/Ca(2+) exchanger 1 in digestive system physiology and pathophysiology.,['Digestive System Physiological Phenomena'],['G10.261']
PMC6344216,Does the evolution of self - fertilization rescue populations or increase the risk of extinction?,['Self-Fertilization'],['G15.830']
PMC6346253,Low prevalence of anti- xenobiotic antibodies among the occupationally exposed individuals is associated with a high risk of cancer.,['Xenobiotics'],['D26.969']
PMC6353133,Leafflower-leafflower moth mutualism in the Neotropics: Successful transoceanic dispersal from the Old World to the New World by actively- pollinating leafflower moths.,['Pollination'],['G15.776']
PMC6353185,"Characterization of a novel microRNA, miR-188, elevated in serum of muscular dystrophy dog model.","['Muscular Dystrophy, Animal']",['C22.595']
PMC6357409,Spontaneous remission in diffuse large cell lymphoma: a case report.,"['Remission, Spontaneous']",['G16.767']
PMC6357902,Lower Abundance and Impaired Function of CD71+ Erythroid Cells in Inflammatory Bowel Disease Patients During Pregnancy.,['Erythroid Cells'],['A11.443']
PMC6358817,TiO2 Photocatalysis for Transfer Hydrogenation .,['Hydrogenation'],['G03.409']
PMC6359110,Pharmacokinetic Properties of Arsenic Species after Intravenous and Intragastrical Administration of Arsenic Trioxide Solution in Cynomolgus Macaques Using HPLC-ICP-MS.,['Arsenicals'],['D02.129']
PMC6362375,NEONATAL PEMPHIGUS IN AN INFANT BORN TO A MOTHER WITH PEMPHIGUS VULGARIS: A CASE REPORT.,"['Infant, Newborn, Diseases']",['C16.614']
PMC6363860,"Toxicokinetics of bisphenol A, bisphenol S, and bisphenol F in a pregnancy sheep model.",['Toxicokinetics'],['G03.893']
PMC6365063,Shoulder Range of Motion and Baseball Arm Injuries : A Systematic Review and Meta-Analysis.,['Arm Injuries'],['C26.088']
PMC6367185,Animal movement drives variation in seed dispersal distance in a plant-animal network.,['Seed Dispersal'],['G15.808']
PMC6367513,Bio-cleaning of nitrate salt efflorescence on stone samples using extremophilic bacteria.,['Nitrates'],['D02.583']
PMC6383659,Functional brain stem circuits for control of nose motion.,['Nose'],['A04.531']
PMC6386445,"Microbial diversity involved in iron and cryptic sulfur cycling in the ferruginous, low-sulfate waters of Lake Pavin.",['Sulfur-Reducing Bacteria'],['B03.900']
PMC6388224,"Sources and Characteristics of Polycyclic Aromatic Hydrocarbons in Ambient Total Suspended Particles in Ulaanbaatar City, Mongolia.",['Polycyclic Aromatic Hydrocarbons'],['D04.615']
PMC6388934,Maps of variability in cell lineage trees.,['Cell Lineage'],['G04.172']
PMC6390229,Risk Factors for Baseball-Related Arm Injuries : A Systematic Review.,['Arm Injuries'],['C26.088']
PMC6392841,Comparative study of stress characteristics in surrounding bone during insertion of dental implants of three different thread designs: A three-dimensional dynamic finite element study.,['Dental Stress Analysis'],['E06.308']
PMC6392940,Equipment failure of intravenous syringe pump detected by increase in Narcotrend stage: A case report.,['Equipment Failure'],['E05.325']
PMC6393481,Quantum walk hydrodynamics .,['Hydrodynamics'],['G01.342']
PMC6396278,Changing the pill: developments toward the promise of an ultra-long-acting gastroretentive dosage form.,['Dosage Forms'],['D26.255']
PMC6398931,Utility of a portable desiccant system for preservation of fecal samples for downstream 16S rRNA amplicon sequencing.,['Desiccation'],['G02.176']
PMC6403750,Lignin Nanosphere -Supported Cuprous Oxide as an Efficient Catalyst for Huisgen [3+2] Cycloadditions under Relatively Mild Conditions.,['Nanospheres'],['E07.595']
PMC6416394,Network-based prediction of drug combinations .,['Drug Combinations'],['D26.310']
PMC6419952,Transcriptomics in toxicology.,['Xenobiotics'],['D26.969']
PMC6432941,The Critical Role of the Central Autonomic Nervous System in Fetal-Neonatal Transition.,['Central Nervous System'],['A08.186']
PMC6433037,Resurgence of Vaccine-Preventable Diseases in Venezuela as a Regional Public Health Threat in the Americas.,['Vaccine-Preventable Diseases'],['C01.918']
PMC6435069,The tumour microenvironment links complement system dysregulation and hypoxic signalling .,['Cellular Microenvironment'],['G04.366']
PMC6439448,Porous Aromatic Frameworks as a Platform for Multifunctional Applications.,"['Chemistry Techniques, Synthetic']",['E05.197']
PMC6441875,The prognostic landscape of interactive biological processes presents treatment responses in cancer.,['Prognosis'],['E01.789']
PMC6442089,Kimura's disease with membranoproliferative glomerulonephritis : a case report with literature review.,"['Glomerulonephritis, Membranoproliferative']",['C20.425']
PMC6442153,Vascular injuries during laparoscopic donor nephrectomy and proposed risk reduction strategies.,['Vascular System Injuries'],['C26.940']
PMC6446541,Maternal-biased H3K27me3 correlates with paternal-specific gene expression in the human morula .,['Morula'],['A16.615']
PMC6448173,Visual and Semantic Enrichment of Analytical Chemistry Literature Searches by Combining Text Mining and Computational Chemistry .,"['Chemistry Techniques, Analytical']",['E05.196']
PMC6450790,Detection of Lipid Mediators of Inflammation in the Human Tear Film.,['Inflammation Mediators'],['D23.469']
PMC6451360,Cellular parabiosis and the latency of age-related diseases.,['Parabiosis'],['E05.660']
PMC6453916,Radical-mediated C-S bond cleavage in C2 sulfonate degradation by anaerobic bacteria .,['Sulfur-Reducing Bacteria'],['B03.900']
PMC6457530,Precise staging of beetle horn formation in Trypoxylus dichotomus reveals the pleiotropic roles of doublesex depending on the spatiotemporal developmental contexts.,['Horns'],['A13.507']
PMC6464274,Ischaemic preconditioning for the reduction of renal ischaemia reperfusion injury.,['Ischemic Preconditioning'],['E05.516']
PMC6464298,Athletic Trainers' Effect on Population Health: Improving Access to and Quality of Care.,['Athletic Injuries'],['C26.115']
PMC6466968,Consistency between Sweat Rate and Wet Bulb Globe Temperature for the Assessment of Heat Stress of People Working Outdoor in Arid and Semi-arid Regions.,['Heat Stress Disorders'],['C26.522']
PMC6469616,Importance of Bacterial Maintenance Respiration in a Subarctic Estuary: a Proof of Concept from the Field.,['Cell Respiration'],['G04.270']
PMC6470029,Advances in Optical Sensing and Bioanalysis Enabled by 3D Printing.,"['Chemistry Techniques, Analytical']",['E05.196']
PMC6472990,Synthetic cathinone adulteration of illegal drugs .,['Synthetic Drugs'],['D26.909']
PMC6476852,A quantitative model of relation between respiratory -related blood pressure fluctuations and the respiratory sinus arrhythmia.,['Respiratory Physiological Phenomena'],['G09.772']
PMC6481597,"Point-of-Care Ultrasonography in the Diagnosis of Retinal Detachment , Vitreous Hemorrhage, and Vitreous Detachment in the Emergency Department.",['Vitreous Detachment'],['C11.980']
PMC6486470,Optic flow improves step width and length in older adults while performing dual task.,['Optic Flow'],['G14.700']
PMC6488724,Dosimetric Comparison Between Jaw Tracking and No Jaw Tracking in Intensity-Modulated Radiation Therapy.,['Jaw'],['A14.521']
PMC6496591,Chromophore-assisted light inactivation of pKi-67 leads to inhibition of ribosomal RNA synthesis.,['Chromophore-Assisted Light Inactivation'],['E05.198']
PMC6497378,A simple and dual expression plasmid system in prokaryotic (E. coli) and mammalian cells .,['Prokaryotic Cells'],['A11.760']
PMC6500157,Select sequencing of clonally expanded CD8(+) T cells reveals limits to clonal expansion.,"['Clonal Selection, Antigen-Mediated']",['G12.261']
PMC6501065,Regeneration of Solanum tuberosum Plants from Protoplasts Induces Widespread Genome Instability.,['Regeneration'],['G16.762']
PMC6501264,Age-Related Differences in Head Impact during Experimentally Induced Sideways Falls.,['Head'],['A01.456']
PMC6509864,Investigation of lipid metabolism dysregulation and the effects on immune microenvironments in pan-cancer using multiple omics data.,['Lipid Metabolism'],['G03.458']
PMC6511181,Effect of lipid metabolism disorder on liver function in patients with malignant tumors after chemotherapy: a case-control study.,['Lipid Metabolism'],['G03.458']
PMC6514737,Asymmetric Henry Reaction of 2-Acylpyridine N- Oxides Catalyzed by a Ni-Aminophenol Sulfonamide Complex: An Unexpected Mononuclear Catalyst.,['Heterocyclic Oxides'],['D03.661']
PMC6519441,Differentiation of Common Variable Immunodeficiency From IgG Deficiency .,['Immunologic Deficiency Syndromes'],['C20.673']
PMC6520796,"Soritesidine, a Novel Proteinous Toxin from the Okinawan Marine Sponge Spongosorites sp.",['Proteins'],['D12.776']
PMC6521139,Infectious Virions of Bombyx Mori Latent Virus Are Incorporated into Bombyx Mori Nucleopolyhedrovirus Occlusion Bodies .,"['Occlusion Bodies, Viral']",['A21.125']
PMC6528654,Drug-induced allergic hepatitis develops in mice when myeloid-derived suppressor cells are depleted prior to halothane treatment.,"['Hepatitis, Animal']",['C01.436']
PMC6528969,A 3D-printed hand-powered centrifuge for molecular biology.,['Centrifugation'],['E05.181']
PMC6530408,Obstetric and non- obstetric surgery during pregnancy: A 20-year Danish population-based prevalence study.,['Obstetric Surgical Procedures'],['E04.520']
PMC6530792,"Allylic azides : synthesis, reactivity, and the Winstein rearrangement.",['Azides'],['D02.159']
PMC6531039,A prosurvival and proangiogenic stem cell delivery system to promote ischemic limb regeneration.,['Cell Survival'],['G04.346']
PMC6533427,Fluid volume kinetics of 20% albumin.,['Fluid Shifts'],['G07.313']
PMC6533719,Hand injuries in an older population - a retrospective cohort study from a single hand surgery centre.,['Hand Injuries'],['C26.448']
PMC6534815,"Use of new and uncommon synthetic psychoactive drugs among a nationally representative sample in the United States, 2005-2017.",['Synthetic Drugs'],['D26.909']
PMC6536352,Nutrient supply and nucleus pulposus cell function: effects of the transport properties of the cartilage endplate and potential implications for intradiscal biologic therapy.,"['Diffusion Chambers, Culture']",['E07.241']
PMC6539895,Macrocyclic Compounds for Drug and Gene Delivery in Immune-Modulating Therapy.,['Macrocyclic Compounds'],['D04.345']
PMC6540593,Preparation and In Vitro Release of Total Alkaloids from Alstonia Scholaris Leaves Loaded mPEG-PLA Microspheres .,['Microspheres'],['E07.565']
PMC65544,Killing of Mycobacterium avium subspecies paratuberculosis within macrophages.,['Paratuberculosis'],['C22.688']
PMC6555179,Enterorenal Fistula as an Unusual Complication from Ureteroscopic Lithotripsy : A Case Report.,['Lithotripsy'],['E02.600']
PMC6555659,Activation of a Non-Heme Fe(III) -OOH by a Second Fe(III) to Hydroxylate Strong C-H Bonds: Possible Implications for Soluble Methane Monooxygenase.,['Hydroxylation'],['G03.425']
PMC6560311,A new frontier of image guidance: Organs at risk avoidance with MRI-guided respiratory-gated intensity modulated radiotherapy: Technical note and report of a case.,['Organs at Risk'],['A01.635']
PMC6561799,"Transrectal and transvaginal catheter drainages and aspirations for management of pelvic fluid collections: technique, technical success rates, and outcomes in 150 patients.","['Drainage', 'Drainage']","['E02.309', 'E04.237']"
PMC6563595,An Essential Role of Innate Lymphoid Cells in the Pathophysiology of Graft-vs.-Host Disease .,['Graft vs Host Disease'],['C20.452']
PMC6565906,Tibial Insertions of the Posterior Cruciate Ligament : Topographic Anatomy and Morphometric Study.,['Ligaments'],['A02.513']
PMC6565954,Anatomical relationships between Wrisberg meniscofemoral and posterior cruciate ligament 's femoral insertions.,['Ligaments'],['A02.513']
PMC6566100,"A flow focusing microfluidic device with an integrated Coulter particle counter for production, counting and size characterization of monodisperse microbubbles .",['Microbubbles'],['E07.553']
PMC6568218,Mechanisms and regulation of aluminum-induced secretion of organic acid anions from plant roots .,['Plant Roots'],['A18.400']
PMC6577663,Anticipatory head direction signals in anterior thalamus: evidence for a thalamocortical circuit that integrates angular head motion to compute head direction.,['Head'],['A01.456']
PMC6580528,Comparative effect of iso- osmolar versus low- osmolar contrast media on the incidence of contrast-induced acute kidney injury in diabetic patients: a systematic review and meta-analysis.,['Osmolar Concentration'],['G02.640']
PMC6581922,Evaluation of Yanagihara facial nerve grading system based on a muscle fiber analysis of human facial muscles .,['Facial Muscles'],['A14.363']
PMC6583523,Clinical research on the bio- debridement effect of maggot therapy for treatment of chronically infected lesions.,['Maggot Debridement Therapy'],['E02.611']
PMC6597731,Effect of myofibril passive elastic properties on the mechanical communication between motor proteins on adjacent sarcomeres.,['Mechanical Phenomena'],['G01.374']
PMC6598345,A kinetic metabolic study of lipid production in Chlorella protothecoides under heterotrophic condition.,['Heterotrophic Processes'],['G03.393']
PMC6602372,A Decade of Hip Injuries in National Collegiate Athletic Association Football Players: An Epidemiologic Study Using National Collegiate Athletic Association Surveillance Data.,['Hip Injuries'],['C26.531']
PMC6606664,New models for human disease from the International Mouse Phenotyping Consortium.,['Phenotype'],['G05.695']
PMC6607866,Recent advances in the neuroprotective effects of medical gases .,['Gases'],['D01.362']
PMC6611322,Fulminant scleral abscess secondary to infected scleral buckle with Moraxella species.,['Scleral Diseases'],['C11.790']
PMC6616152,Innate Immune Recognition: An Issue More Complex Than Expected.,['Pathogen-Associated Molecular Pattern Molecules'],['D23.585']
PMC6620069,[Rare diseases and their clinical oral manifestations in two Hospitals in Yaounde].,['Tooth Diseases'],['C07.793']
PMC6620277,Differential expression of individual transcript variants of PD-1 and PD-L2 genes on Th-1/Th-2 status is guaranteed for prognosis prediction in PCNSL.,['Prognosis'],['E01.789']
PMC6627851,Endophytic Beauveria bassiana in Foliar-Treated Citrus limon Plants Acting as a Growth Suppressor to Three Successive Generations of Diaphorina citri Kuwayama (Hemiptera: Liviidae).,['Endophytes'],['B05.237']
PMC6628431,An Eye on Staphylococcus aureus Toxins: Roles in Ocular Damage and Inflammation.,['Eye Infections'],['C01.375']
PMC6630285,Bridged Nucleic Acids Reloaded.,['Bridged-Ring Compounds'],['D04.075']
PMC6637090,Medicated Foams and Film Forming Dosage Forms as Tools to Improve the Thermodynamic Activity of Drugs to be Administered Through the Skin.,['Dosage Forms'],['D26.255']
PMC6642772,Predicting Accumulation of Intermediate Compounds in Nitrification and Autotrophic Denitrification Processes : A Chemical Approach.,['Autotrophic Processes'],['G03.087']
PMC6643292,A method for assessing recovery of fine motor function of the hand in a rhesus monkey model of cortical injury: an adaptation of the Fugl-Meyer Scale and Eshkol-Wachman Movement Notation.,['Recovery of Function'],['G16.757']
PMC6647440,A data-driven model to study utero-ovarian blood flow physiology during pregnancy.,['Cardiovascular Physiological Phenomena'],['G09.330']
PMC6649400,Acoustic enhancement of sleep slow oscillations in mild cognitive impairment.,['Acoustic Stimulation'],['E02.037']
PMC6649768,Reactive OFF-ON type alkylating agents for higher-ordered structures of nucleic acids.,['Alkylation'],['G03.059']
PMC6652019,The lichen symbiosis re-viewed through the genomes of Cladonia grayi and its algal partner Asterochloris glomerata.,['Lichens'],['B05.350']
PMC6656815,Dynamic pharyngeal collapse in three cats with different pharyngeal pathology.,['Pharyngeal Diseases'],['C07.550']
PMC6659166,Effectiveness of the American College of Surgeons Bleeding Control Basic Training Among Laypeople Applying Different Tourniquet Types: A Randomized Clinical Trial.,['Tourniquets'],['E07.926']
PMC6669638,"A Novel Alphabaculovirus from the Soybean Looper, Chrysodeixis includens, that Produces Tetrahedral Occlusion Bodies and Encodes Two Copies of he65.","['Occlusion Bodies, Viral']",['A21.125']
PMC6670594,Biomechanics of the vibrissa motor plant in rat: rhythmic whisking consists of triphasic neuromuscular activity.,['Vibrissae'],['A13.950']
PMC6680216,"Paving the Way for Lignin Valorisation: Recent Advances in Bioengineering, Biorefining and Catalysis.",['Lignin'],['D20.538']
PMC6685428,Early specification and development of rabbit neural crest cells.,['Neural Crest'],['A16.627']
PMC6689703,The Association between Risk Factors and Prodromal Myocardial Infarction Symptoms : A Cross-Sectional Study in Iran.,['Prodromal Symptoms'],['E01.599']
PMC6695620,Production of Hexaric Acids from Biomass.,['Sugar Acids'],['D09.811']
PMC6696160,Polysaccharides from Basidiocarps of Cultivating Mushroom Pleurotus ostreatus: Isolation and Structural Characterization.,['Polysaccharides'],['D09.698']
PMC6698757,Assessment of longitudinal beam property and contrast uniformity for 256- and 320-row area detector computed tomography scanners in the 160-mm nonhelical volume-acquisition mode.,"['Tomography Scanners, X-Ray Computed']",['E07.913']
PMC6701137,Veterinary pharmacovigilance in sub-Sahara Africa context: a pilot study of adverse reactions to veterinary medicine in Cameroon.,['Veterinary Drugs'],['D26.939']
PMC6703864,Thiol-to-amine cyclization reaction enables screening of large libraries of macrocyclic compounds and the generation of sub-kilodalton ligands.,['Macrocyclic Compounds'],['D04.345']
PMC6711698,The role of amputative and non-amputative foot deformities severity in the risk for diabetic ulceration classification systems building: a cross-sectional and case-control pilot investigation.,['Foot Deformities'],['C05.330']
PMC6711996,Multistep nucleation and growth mechanisms of organic crystals from amorphous solid states.,['Crystallization'],['G02.171']
PMC6712833,Fossil fuels are harming our brains: identifying key messages about the health effects of air pollution from fossil fuels .,['Fossil Fuels'],['D20.345']
PMC6715405,Turing-like mechanism in a stochastic reaction-diffusion model recreates three dimensional vascular patterning of plant stems.,['Plant Vascular Bundle'],['A18.450']
PMC6718421,The marginal cells of the Caenorhabditis elegans pharynx scavenge cholesterol and other hydrophobic small molecules.,['Pharynx'],['A04.623']
PMC6721251,Advantage of proton-radiotherapy for pediatric patients and adolescents with Hodgkin's disease.,['Organs at Risk'],['A01.635']
PMC6726366,Predicting the future direction of cell movement with convolutional neural networks.,['Cell Movement'],['G04.198']
PMC6727732,Perfluoro-n-octane-assisted mega Weiss-ring technique for posterior vitreous detachment induction in retinal detachment .,['Vitreous Detachment'],['C11.980']
PMC6727847,"Exogenous Vitamin D signaling alters skeletal patterning, differentiation, and tissue integration during limb regeneration in the axolotl.",['Regeneration'],['G16.762']
PMC6728332,Biological Deep Temperature Imaging with Fluorescence Lifetime of Rare-Earth-Doped Ceramics Particles in the Second NIR Biological Window.,['Thermometry'],['E05.933']
PMC6730184,Organ of Corti potentials and the motion of the basilar membrane .,['Membrane Potentials'],['G04.580']
PMC6735687,"IGNITE4: Results of a Phase 3, Randomized, Multicenter, Prospective Trial of Eravacycline vs Meropenem in the Treatment of Complicated Intraabdominal Infections .",['Intraabdominal Infections'],['C01.463']
PMC6737109,Transcending Dimensions: a Comparative Analysis of Cloaca Imaging in Advancing the Surgeon's Understanding of Complex Anatomy.,['Cloaca'],['A13.223']
PMC6737787,Indications for Pediatric Ocular Prosthesis Fitting at a Referral Center in the Middle East.,['Prosthesis Fitting'],['E02.794']
PMC6740638,Vibrissa resonance as a transduction mechanism for tactile encoding.,['Vibrissae'],['A13.950']
PMC6743358,Cell shape and intercellular adhesion regulate mitotic spindle orientation.,['Cell Shape'],['G04.320']
PMC6747370,Bone Diseases in Patients with Chronic Liver Disease.,['Bone Diseases'],['C05.116']
PMC6748671,"Distribution of Small Molecular Weight Drugs into the Porcine Lens: Studies on Imaging Mass Spectrometry, Partition Coefficients, and Implications in Ocular Pharmacokinetics.",['Ocular Absorption'],['G14.590']
PMC6751054,A Novel Tool for the Generation of Conditional Knockouts To Study Gene Function across the Plasmodium falciparum Life Cycle .,['Life Cycle Stages'],['B05.500']
PMC6754836,"Common causes and types of hand injuries and their pattern of occurrence in Yekatit 12 Hospital, Addis Ababa, Ethiopia.",['Hand Injuries'],['C26.448']
PMC6761045,Accessibility of Medical Diagnostic Equipment for Patients With Disability: Observations From Physicians.,['Diagnostic Equipment'],['E07.230']
PMC6762392,Sex difference and steroid modulation of pheromone -induced immediate early genes in the two zones of the mouse accessory olfactory system.,['Pheromones'],['D23.641']
PMC6776319,"Pyridine azo disperse dye derivatives and their selenium nanoparticles (SeNPs): synthesis, fastness properties, and antimicrobial evaluations.",['Azo Compounds'],['D02.172']
PMC6781894,A Hormone That Lost Its Receptor: Anti- Mullerian Hormone (AMH) in Zebrafish Gonad Development and Sex Determination.,['Mullerian Ducts'],['A16.623']
PMC6786635,Grouping of complex substances using analytical chemistry data: A framework for quantitative evaluation and visualization.,"['Chemistry Techniques, Analytical']",['E05.196']
PMC6788696,Large-scale phylogenomic analysis suggests three ancient superclades of the WUSCHEL-RELATED HOMEOBOX transcription factor family in plants .,['Viridiplantae'],['B01.875']
PMC6795913,Enabling single-site laparoscopy: the SPORT platform.,['Digestive System Surgical Procedures'],['E04.210']
PMC6797641,Increased community-acquired upper urinary tract infections caused by extended-spectrum beta-lactamase-producing Escherichia coli in children and the efficacy of flomoxef and cefmetazole.,['Urinary Tract Infections'],['C01.915']
PMC6797773,Downhill seed dispersal by temperate mammals: a potential threat to plant escape from global warming.,['Seed Dispersal'],['G15.808']
PMC6798406,Renal Association Clinical Practice Guideline on Haemodialysis.,['Dialysis'],['G02.186']
PMC6802612,Minimal invasive microscopic tooth preparation in esthetic restoration: a specialist consensus.,['Tooth Preparation'],['E06.931']
PMC6805058,Sport Specialization and Increased Injury Frequency in Youth Baseball Players: A Prospective Study.,['Arm Injuries'],['C26.088']
PMC6805072,"Viability Quantitative PCR Utilizing Propidium Monoazide, Spheroplast Formation, and Campylobacter coli as a Bacterial Model.",['Spheroplasts'],['A11.868']
PMC6805876,"A mutualistic interaction between Streptomyces bacteria, strawberry plants and pollinating bees.",['Plant Vascular Bundle'],['A18.450']
PMC6806606,"Nutraceuticals' Novel Formulations: The Good, the Bad, the Unknown and Patents Involved.",['Cosmeceuticals'],['D26.074']
PMC6807767,Histamine release test and measurement of antigen-specific IgE antibody in the diagnosis of allergic conjunctival diseases .,['Conjunctival Diseases'],['C11.187']
PMC6813706,Preconditioning in cardiac anesthesia where are we?,['Ischemic Preconditioning'],['E05.516']
PMC6817359,Mucosal microbial parasites/symbionts in health and disease: an integrative overview.,['Host Microbial Interactions'],['G06.373']
PMC6819445,Active immunoprophyilaxis with uromune decreases the recurrence of urinary tract infections at three and six months after treatment without relevant secondary effects.,['Urinary Tract Infections'],['C01.915']
PMC6821030,Developmental potential of surplus morulas with delayed and/or incomplete compaction after freezing-thawing procedures.,['Morula'],['A16.615']
PMC6821920,Transgenic mouse models expressing human and macaque prion protein exhibit similar prion susceptibility on a strain-dependent manner.,"['Disease Models, Animal']",['C22.232']
PMC6823082,Causes and Consequences of Drug Abuse: A Comparison Between Synthetic Drug and Heroin Users in Urban China.,['Synthetic Drugs'],['D26.909']
PMC6834581,Sibling competition does not magnify inbreeding depression in North American Arabidopsis lyrata.,['Self-Fertilization'],['G15.830']
PMC6834889,Screening Criteria for Detecting Severe Ocular Injuries in the Setting of Orbital Fractures.,['Signs and Symptoms'],['C23.888']
PMC6835205,Role of bulge epidermal stem cells and TSLP signaling in psoriasis.,['Epidermal Cells'],['A11.409']
PMC6844314,T- cell -specific mTOR deletion in mice ameliorated CD4(+) T- cell survival in lethal sepsis induced by severe invasive candidiasis.,['Cell Survival'],['G04.346']
PMC6858584,Evolution of the new head by gradual acquisition of neural crest regulatory circuits.,['Neural Crest'],['A16.627']
PMC6862242,Examination of Adsorption Orientation of Amyloidogenic Peptides Over Nano-Gold Colloidal Particle Surfaces.,['Colloids'],['D20.280']
PMC6868071,Theranostic Nanomedicine for Malignant Gliomas.,['Theranostic Nanomedicine'],['E01.894']
PMC6868252,Vector-borne nematode diseases in pets and humans in the Mediterranean Basin: An update.,"['Parasitic Diseases, Animal']",['C22.674']
PMC6877943,Cytotoxicity Evaluation of Endodontic Pins on L929 Cell Line.,['Dental Pins'],['E06.292']
PMC6879961,NanoTouch: intracellular recording using transmembrane conductive nanoparticles.,['Membrane Potentials'],['G04.580']
PMC6880146,"The functional importance of lamins, actin, myosin, spectrin and the LINC complex in DNA repair .",['DNA Repair'],['G05.219']
PMC6885817,"Evaluation of Final-Year Turkish Dental Students' Knowledge, Attitude, and Self-Perceived Competency towards Preventive Dentistry .",['Preventive Dentistry'],['E06.761']
PMC6888964,Functional Characterization of the Group I Alphabaculovirus Specific Gene ac73.,"['Occlusion Bodies, Viral']",['A21.125']
PMC6891767,Variation in Lipid Components from 15 Species of Tropical and Temperate Seaweeds.,['Rhodophyta'],['B01.715']
PMC6899060,TDP-43 regulates transcription at protein-coding genes and Alu retrotransposons.,"['RNA Processing, Post-Transcriptional']",['G03.839']
PMC6899109,Determination of In Vitro Membrane Permeability by Analysis of Intracellular and Extracellular Fluorescein Signals in Renal Cells.,['Cell Membrane Permeability'],['G04.175']
PMC6900985,Evidence for Modulation of Oxygen Rebound Rate in Control of Outcome by Iron(II)- and 2-Oxoglutarate-Dependent Oxygenases.,['Hydroxylation'],['G03.425']
PMC6903414,"Vitamin D Receptor Is Required for Proliferation, Migration, and Differentiation of Epidermal Stem Cells and Progeny during Cutaneous Wound Repair.",['Epidermal Cells'],['A11.409']
PMC6911073,Manipulating rod-shaped bacteria with optical tweezers .,['Optical Tweezers'],['E05.650']
PMC6912230,Target-Specific Fluorescence-Mediated Tomography for Non-Invasive and Dynamic Assessment of Early Neutrophil Infiltration in Murine Experimental Colitis.,['Neutrophil Infiltration'],['G12.632']
PMC6912254,Promising Prognosis Marker Candidates on the Status of Epithelial-Mesenchymal Transition and Glioma Stem Cells in Glioblastoma.,['Prognosis'],['E01.789']
PMC6916041,Human plasma dynamically quenches the fluorescein at the initial point of oxygen radical absorption capacity (ORAC) assay.,['Oxygen Radical Absorbance Capacity'],['E05.657']
PMC6918086,Diversity in Natural Transformation Frequencies and Regulation across Vibrio Species.,['DNA Transformation Competence'],['G05.232']
PMC6930054,The burden of vaccine-preventable diseases among HIV-infected and HIV-exposed children in sub-Saharan Africa: a systematic review and meta-analysis.,['Vaccine-Preventable Diseases'],['C01.918']
PMC6933514,Migratory neural crest cell alphaN-catenin impacts chick trigeminal ganglia formation.,['Neural Crest'],['A16.627']
PMC6934910,In silico simulation of reversible and irreversible swelling of mitochondria: The role of membrane rigidity.,['Mitochondrial Swelling'],['G04.590']
PMC6936131,Bisoprolol transdermal patch for perioperative care of non-cardiac surgery in patients with hypertrophic obstructive cardiomyopathy.,['Transdermal Patch'],['E07.935']
PMC6938557,Cost-effectiveness of prophylactic antibiotic use to prevent catheter-associated urinary tract infections .,['Urinary Tract Infections'],['C01.915']
PMC6943718,Symbiosis at its limits: ecophysiological consequences of lichenization in the genus Prasiola in Antarctica.,['Lichens'],['B05.350']
PMC6949994,Chrysoviruses Inhabited Symbiotic Fungi of Lichens .,['Lichens'],['B05.350']
PMC6952105,The nitrate content of fresh and cooked vegetables and their health-related risks.,['Nitrates'],['D02.583']
PMC6954306,Extremophilic models for astrobiology: haloarchaeal survival strategies and pigments for remote sensing.,['Extremophiles'],['B05.256']
PMC6955923,Influence of different jaw positions on dynamic balance using Y-balance test.,['Jaw'],['A14.521']
PMC6957167,Influence of flow on phosphorus-dynamics and particle size in agricultural drainage ditch sediments.,['Particle Size'],['G02.712']
PMC6962090,Estimating obstetric and gynecologic surgical rate: A benchmark of surgical capacity building in Ghana.,['Obstetric Surgical Procedures'],['E04.520']
PMC6962711,The outcomes of transient elevation of maternal liver enzymes preceding laser treatment for twin-twin transfusion syndrome.,['Laser Therapy'],['E02.594']
PMC6970390,Assessment of occupational noise-related hearing impairment among dental health personnel.,['Dental Equipment'],['E07.222']
PMC6971411,Low-dose caffeine administration increases fatty acid utilization and mitochondrial turnover in C2C12 skeletal myotubes.,['Mitochondrial Turnover'],['G04.599']
PMC6973315,Translation initiation in mammalian mitochondria- a prokaryotic perspective.,['Prokaryotic Cells'],['A11.760']
PMC6975260,Immunomodulatory activity of humanized anti-IL-7R monoclonal antibody RN168 in subjects with type 1 diabetes.,"['Dose-Response Relationship, Immunologic']",['G12.300']
PMC6980593,Prospective Validation of the Laboratory Risk Indicator for Necrotizing Fasciitis (LRINEC) Score for Necrotizing Fasciitis of the Extremities.,['Fasciitis'],['C05.321']
PMC6980733,"Megalin: A bridge connecting kidney, the renin-angiotensin system , and atherosclerosis.",['Renin-Angiotensin System'],['G03.820']
PMC6987083,Tooth Regeneration: Insights from Tooth Development and Spatial-Temporal Control of Bioactive Drug Release.,['Tooth Diseases'],['C07.793']
PMC6988900,Techniques and materials for skin closure in caesarean section.,['Wound Closure Techniques'],['E04.987']
PMC6989644,Palliative care assessment of dry mouth : what matters most to patients with advanced disease?,['Mouth Diseases'],['C07.465']
PMC7000726,Protein stability governed by its structural plasticity is inferred by physicochemical factors and salt bridges.,['Extremophiles'],['B05.256']
PMC7014287,Predictors of Spontaneous Remission of Problematic Internet Use in Adolescence: A One-Year Follow-Up Study.,"['Remission, Spontaneous']",['G16.767']
PMC7017333,Motile cilia hydrodynamics : entrainment versus synchronization when coupling through flow.,['Hydrodynamics'],['G01.342']
PMC7018956,Three multi-allelic gene pairs are responsible for self-sterility in the ascidian Ciona intestinalis.,['Hermaphroditic Organisms'],['B05.275']
PMC7023162,Challenges and Opportunities in Preclinical Research of Synthetic Cannabinoids for Pain Therapy.,['Synthetic Drugs'],['D26.909']
PMC7024055,"The influence of environmental pollution with fluorine compounds on the level of fluoride in soil, feed and eggs of laying hens in Central Pomerania, Poland.",['Fluorine Compounds'],['D01.303']
PMC7027032,Oligonuclear Actinoid Complexes with Schiff Bases as Ligands-Older Achievements and Recent Progress.,"['Chemistry Techniques, Synthetic']",['E05.197']
PMC7028495,Chemical Identification and Confirmation of Contact Allergens.,"['Chemistry Techniques, Analytical']",['E05.196']
PMC7028570,Carotid Artery Tortuosity Is Associated with Connective Tissue Diseases .,['Connective Tissue Diseases'],['C17.300']
PMC7029141,Metagenomic and Metaproteomic Insights into Photoautotrophic and Heterotrophic Interactions in a Synechococcus Culture.,['Heterotrophic Processes'],['G03.393']
PMC7030083,"[Minimal invasive microscopic tooth preparation based on endodontic, periodontal and functional health].",['Tooth Preparation'],['E06.931']
PMC7030137,[Finite elemental analysis of the influence of mandibular plane angle on the stress distribution of implant tooth].,['Dental Stress Analysis'],['E06.308']
PMC7030149,[Expert consensus on biomechanical research of dental implant].,['Dental Stress Analysis'],['E06.308']
PMC7030846,[Research progress on the cellular and molecular mechanisms of tooth eruption].,['Dental Physiological Phenomena'],['G10.549']
PMC7034779,OPA1 regulates respiratory supercomplexes assembly: The role of mitochondrial swelling .,['Mitochondrial Swelling'],['G04.590']
PMC7037876,Assessment of Biological Toxicity and Ecological Safety for Urban Black-Odor River Remediation.,['Toxicity Tests'],['E05.940']
PMC7038665,Higher Gene Flow in Sex-Related Chromosomes than in Autosomes during Fungal Divergence.,"['Chromosomes, Fungal']",['A19.311']
PMC7041063,[Piezosurgery for surgically assisted rapid maxillary expansion under local anesthesia].,['Ultrasonic Surgical Procedures'],['E04.943']
PMC7042814,Quality of Life in Patients With Skin of Color and Chronic Graft-vs-Host Disease .,['Graft vs Host Disease'],['C20.452']
PMC7047301,Evaluation of Asymptomatic Contralateral Foot Deformities Using the Tripod Index.,['Foot Deformities'],['C05.330']
PMC7049612,Literature review of peripheral vascular trauma: Is the era of intervention coming?,['Vascular System Injuries'],['C26.940']
PMC7051047,Enhancement of solute clearance using pulsatile push-pull dialysate flow for the Quanta SC+: A novel clinic-to-home haemodialysis system.,['Dialysis'],['G02.186']
PMC7055158,Building Biological Flashlights: Orthogonal Luciferases and Luciferins for in Vivo Imaging.,['Luciferins'],['D02.578']
PMC7056974,Selective Sweeps Under Dominance and Inbreeding .,['Self-Fertilization'],['G15.830']
PMC7058363,Patterns of mosquito and arbovirus community composition and ecological indexes of arboviral risk in the northeast United States.,['Arboviruses'],['B04.080']
PMC7064977,An international multidisciplinary consensus statement on fasting before procedural sedation in adults and children.,['Procedural Sedation'],['E03.250']
PMC7068676,Individual Limb Muscle Bundles Are Formed through Progressive Steps Orchestrated by Adjacent Connective Tissue Cells during Primary Myogenesis.,['Connective Tissue Cells'],['A11.329']
PMC7070050,Cell lineage -specific transcriptome analysis for interpreting cell fate specification of proembryos.,['Cell Lineage'],['G04.172']
PMC7070964,Characterization and Antioxidant Activity Determination of Neutral and Acidic Polysaccharides from Panax Ginseng C. A. Meyer.,['Polysaccharides'],['D09.698']
PMC7075314,Tissue Engineering for the Temporomandibular Joint .,['Temporomandibular Joint Disorders'],['C07.678']
PMC7077837,Eomes broadens the scope of CD8 T-cell memory by inhibiting apoptosis in cells of low affinity.,"['Clonal Selection, Antigen-Mediated']",['G12.261']
PMC7079885,Membrane Composition Modulates Fusion by Altering Membrane Properties and Fusion Peptide Structure.,['Membrane Fusion'],['G04.575']
PMC7082073,Long transposon-rich centromeres in an oomycete reveal divergence of centromere features in Stramenopila- Alveolata -Rhizaria lineages.,['Alveolata'],['B01.043']
PMC7085153,Hepatitis E genotype 3 virus isolate from wild boar is capable of replication in non-human primate and swine kidney cells and mouse neuroblastoma cells.,"['Hepatitis, Animal']",['C01.436']
PMC7088391,"Immunohistochemical localization and mRNA detection of Rab3D and/or Rab3B in rat von Ebner's glands , parotid gland, pancreas, and liver.",['Exocrine Glands'],['A10.336']
PMC7088825,Upper airway stem cells: understanding the nose and role for future cell therapy.,['Nose Diseases'],['C09.603']
PMC7093307,Convective radiofrequency water vapour thermal therapy for lower urinary tract symptoms in men with benign prostatic hyperplasia.,['Radiofrequency Therapy'],['E02.808']
PMC7097090,Counter-regulatory renin-angiotensin system in cardiovascular disease.,['Renin-Angiotensin System'],['G03.820']
PMC7110626,Clinical pathology and sample collection in the laboratory rodent.,['Clinical Laboratory Techniques'],['E05.200']
PMC7113921,"Awareness, attitude, and practice of dental practitioners toward management of endodontically treated teeth and factors associated with it: A questionnaire descriptive survey.",['Prosthodontics'],['E06.780']
PMC7114834,Evolutionary biology of human hepatitis viruses.,"['Hepatitis, Animal']",['C01.436']
PMC7114873,Bacterial aerosols in dental practice - a potential hospital infection problem?,['Dental High-Speed Technique'],['E06.216']
PMC7115521,Attenuated live infectious bronchitis virus QX vaccine disseminates slowly to target organs distant from the site of inoculation.,['Cloaca'],['A13.223']
PMC7117356,A role for the Clostridium perfringens beta2 toxin in bovine enterotoxaemia ?,['Enterotoxemia'],['C22.313']
PMC7119702,Tissue chambers --a useful model for in vivo studies of cytokine production in the pig.,"['Diffusion Chambers, Culture']",['E07.241']
PMC7119806,A review of immunologic diseases of the dog .,['Dog Diseases'],['C22.268']
PMC7131706,Effects of defective interfering viruses on virus replication and pathogenesis in vitro and in vivo.,['Defective Viruses'],['B04.265']
PMC7135363,Biosecurity for gastrointestinal diseases of adult dairy cattle .,['Cattle Diseases'],['C22.196']
PMC7136197,Triggered Release Enhances the Cytotoxicity of Stable Colloidal Drug Aggregates.,['Colloids'],['D20.280']
PMC7139491,Animal Model for Prodromal Parkinson's Disease.,['Prodromal Symptoms'],['E01.599']
PMC7140863,Haplotype Analysis of GJB2 Mutations: Founder Effect or Mutational Hot Spot?,['Founder Effect'],['G05.285']
PMC7141820,The pharyngeal nervous system orchestrates feeding behavior in planarians.,['Pharynx'],['A04.623']
PMC7144124,On the Use of Iron in Organic Chemistry .,['Organic Chemistry Phenomena'],['G02.607']
PMC7149340,"Extracorporeal Hemadsorption versus Glucocorticoids during Cardiopulmonary Bypass: A Prospective, Randomized, Controlled Trial.",['Hemadsorption'],['G06.365']
PMC7163591,A teleost structural analogue to the avian bursa of Fabricius .,['Bursa of Fabricius'],['A13.163']
PMC7165462,Entrainment of mammalian motile cilia in the brain with hydrodynamic forces.,['Hydrodynamics'],['G01.342']
PMC7166081,Gene Regulatory and Expression Differences between Mouse and Pig Limb Buds Provide Insights into the Evolutionary Emergence of Artiodactyl Traits.,['Limb Buds'],['A16.567']
PMC7169709,Hepatitis E Virus and Related Viruses in Animals.,"['Hepatitis, Animal']",['C01.436']
PMC7169759,Classification of adult cattle infectious diseases : A first step towards prioritization of biosecurity measures.,['Cattle Diseases'],['C22.196']
PMC7170773,Analogous wheat root rhizosphere microbial successions in field and greenhouse trials in the presence of biocontrol agents Paenibacillus peoriae SP9 and Streptomyces fulvissimus FU14.,['Plant Roots'],['A18.400']
PMC7170832,Precise evaluation of tissue culture-induced variation during optimisation of in vitro regeneration regime in barley.,['Regeneration'],['G16.762']
PMC7171580,"Trends in Utilization of Prescribed Controlled Substances in US Commercially Insured Adults, 2004-2019.",['Controlled Substances'],['D26.049']
PMC7175049,Atlas Sampling for Prone Breast Automatic Segmentation of Organs at Risk : The Importance of Patients' Body Mass Index and Breast Cup Size for an Optimized Contouring of the Heart and the Coronary Vessels.,['Organs at Risk'],['A01.635']
PMC7175713,"Plutonic xenoliths from Martinique, Lesser Antilles: evidence for open system processes and reactive melt flow in island arc crust.",['Crystallization'],['G02.171']
PMC7180017,Precaution of 2019 novel coronavirus infection in department of oral and maxillofacial surgery .,"['Surgery, Oral']",['E06.892']
PMC7181024,"Chicken Combs and Wattles as Sources of Bioactive Peptides: Optimization of Hydrolysis, Identification by LC-ESI-MS(2) and Bioactivity Assessment.",['Comb and Wattles'],['A13.242']
PMC7184929,Transcatheter Electrosurgery: JACC State-of-the-Art Review.,['Lacerations'],['C26.540']
PMC7184993,COVID-19 pandemic and personal protective equipment shortage: protective efficacy comparing masks and scientific methods for respirator reuse .,['Equipment Reuse'],['E05.328']
PMC7201396,Choroid plexus and the blood-cerebrospinal fluid barrier in disease.,"['Trauma, Nervous System', 'Trauma, Nervous System']","['C10.900', 'C26.915']"
PMC7201638,Rational dispensing of oral dosage forms of medicines to children at a teaching hospital in Sri Lanka.,['Dosage Forms'],['D26.255']
PMC7201853,Evolution of the Knowledge of Free Radicals and Other Oxidants.,['Free Radicals'],['D01.339']
PMC7204820,Cryptic diversity among Yazoo Darters (Percidae: Etheostoma raneyi ) in disjunct watersheds of northern Mississippi.,"['Drainage', 'Drainage']","['E02.309', 'E04.237']"
PMC7208513,SAT-LB314 Not That Sweet Honeymoon: A Case of Proinsulinoma.,['Pancreas'],['A03.734']
PMC7210515,"Comparison of the Superior and Inferior Rectus Muscles in Humans: An Anatomical Study with Notes on Morphology, Anatomical Variations, and Intramuscular Innervation Patterns.",['Muscles'],['A02.633']
PMC7213527,Head position classification of medical imaging studies: an assessment and development of a protocol.,['Head'],['A01.456']
PMC7214169,Thymic stromal lymphopoietin is a key cytokine for the immunomodulation of atherogenesis with Freund 's adjuvant .,"[""Freund's Adjuvant""]",['D20.475']
PMC7222034,Recent trends in airway management .,['Airway Management'],['E02.041']
PMC7225872,Impact of first-line antiretroviral therapy regimens on the restoration of the CD4/CD8 ratio in the CNICS cohort.,['CD4-CD8 Ratio'],['G12.248']
PMC7226260,Role of Protein Glycosylation in Host-Pathogen Interaction.,['Host-Pathogen Interactions'],['G06.462']
PMC7231022,"Food, Eating, and the Gastrointestinal Tract.",['Digestive System Physiological Phenomena'],['G10.261']
PMC7233644,Syndromic infertility.,['Ciliary Motility Disorders'],['C09.150']
PMC7237303,Recent advances in the chemoenzymatic synthesis of bioactive natural products.,['Organic Chemistry Phenomena'],['G02.607']
PMC7241318,[Limited Reuse and Extended Use of Filtering Facepiece Respirators].,['Equipment Reuse'],['E05.328']
PMC7246063,"Lymphedema Signs , Symptoms , and Diagnosis in Women Who Are in Minority and Low-Income Groups and Have Survived Breast Cancer.",['Signs and Symptoms'],['C23.888']
PMC7260533,Beyond HIV infection: Neglected and varied impacts of CCR5 and CCR5delta32 on viral diseases .,['Virus Diseases'],['C01.925']
PMC7261632,HMI-PRED: A Web Server for Structural Prediction of Host -Microbe Interactions Based on Interface Mimicry.,['Host Microbial Interactions'],['G06.373']
PMC7264317,Successful outcomes of endoscopic lithotripsy in completely bedridden patients with symptomatic urinary calculi.,['Lithotripsy'],['E02.600']
PMC7268710,Clinical efficacy and the antimicrobial potential of silver formulations in arresting dental caries: a systematic review.,['Silver Compounds'],['D01.847']
PMC7274039,Non-immunogenic utrophin gene therapy for the treatment of muscular dystrophy animal models.,"['Muscular Dystrophy, Animal']",['C22.595']
PMC7274456,Impact of common skin diseases on children in rural Cote d'Ivoire with leprosy and Buruli ulcer co-endemicity: A mixed methods study.,['Skin Diseases'],['C17.800']
PMC7276826,"Ocular manifestations and clinical characteristics of 535 cases of COVID-19 in Wuhan, China: a cross-sectional study.",['Conjunctival Diseases'],['C11.187']
PMC7278349,A-kinase anchoring protein 8L interacts with mTORC1 and promotes cell growth .,['Cell Growth Processes'],['G04.161']
PMC7280627,Is the ultrasonic scalpel recommended in head and neck surgery during the COVID-19 pandemic? State-of-the-art review.,['Ultrasonic Surgical Procedures'],['E04.943']
PMC7289096,Implementation of an Elastomeric Mask Program as a Strategy to Eliminate Disposable N95 Mask Use and Resterilization: Results from a Large Academic Medical Center.,"['Equipment Reuse', 'Disposable Equipment']","['E05.328', 'E07.252']"
PMC7290812,In Vitro Toxicokinetics and Phase I Biotransformation of the Mycotoxin Penitrem A in Dogs.,['Toxicokinetics'],['G03.893']
PMC7291277,MicrobioLink: An Integrated Computational Pipeline to Infer Functional Effects of Microbiome- Host Interactions .,['Host Microbial Interactions'],['G06.373']
PMC7296374,[Precise tooth preparation technique guided by 3D printing guide plate with quantitative hole].,['Tooth Preparation'],['E06.931']
PMC7298832,Combining texture features of whole slide images improves prognostic prediction of recurrence-free survival for cutaneous melanoma patients.,['Pathologic Processes'],['C23.550']
PMC7303503,Effect of reactive oxygen species of the psoas major muscle in complete Freund 's adjuvant -induced inflammatory pain in rats.,"[""Freund's Adjuvant""]",['D20.475']
PMC7305067,Disorders of the Aorta and Aortic Valve in Connective Tissue Diseases .,['Connective Tissue Diseases'],['C17.300']
PMC7311739,The septate junction protein Tetraspanin 2A is critical to the structure and function of Malpighian tubules in Drosophila melanogaster.,['Malpighian Tubules'],['A13.574']
PMC7315681,Mesenchymal Progenitor Regulation of Tooth Eruption: A View from PTHrP.,['Dental Physiological Phenomena'],['G10.549']
PMC7318340,Autotrophic carbon fixation pathways along the redox gradient in oxygen-depleted oceanic waters.,['Autotrophic Processes'],['G03.087']
PMC7319935,Tracking the Volume of Neurosurgical Care During the Coronavirus Disease 2019 Pandemic.,['Neurosurgical Procedures'],['E04.525']
PMC7326885,Kidd Blood Group Genotyping for Thalassemia Patient in Iran.,['Phenotype'],['G05.695']
PMC7337215,Morphometry and Frequency of the Pyramidalis Muscle in Adult Humans: A Pyramidalis Muscle 's Anatomical Analysis.,['Muscles'],['A02.633']
PMC7338111,"JC Polyomavirus, progressive multifocal leukoencephalopathy and immune reconstitution inflammatory syndrome : a review.",['Immune Reconstitution Inflammatory Syndrome'],['C20.608']
PMC7339933,Profound Increase of Lung Airway Resistance in Heart Failure: a Potential Important Contributor for Dyspnea.,['Lung'],['A04.411']
PMC7342813,Impact of Subglottic Saline Irrigation on Reducing Bacterial Contamination for Oral Surgery Patients.,['Oral Surgical Procedures'],['E04.545']
PMC7347478,Decontamination interventions for the reuse of surgical mask personal protective equipment : a systematic review.,['Equipment Reuse'],['E05.328']
PMC7348264,[A case of spontaneous remission of acute myeloid leukemia with rare t(10;11)(q22;q23) rearrangement: case report and literatures review].,"['Remission, Spontaneous']",['G16.767']
PMC7349289,Microorganisms and Their Metabolic Capabilities in the Context of the Biogeochemical Nitrogen Cycle at Extreme Environments.,['Extremophiles'],['B05.256']
PMC7350252,Direct Visualization of Horizontal Gene Transfer by Transformation in Live Pneumococcal Cells Using Microfluidics.,['DNA Transformation Competence'],['G05.232']
PMC7352503,Synthesis of New Star-Shaped Liquid Crystalline Cyclotriphosphazene Derivatives with Fire Retardancy Bearing Amide- Azo and Azo - Azo Linking Units.,['Azo Compounds'],['D02.172']
PMC7355765,Searching for Low Molecular Weight Seleno- Compounds in Sprouts by Mass Spectrometry.,['Selenium Compounds'],['D01.810']
PMC7360334,Theranostic small interfering RNA nanoparticles in cancer precision nanomedicine .,['Theranostic Nanomedicine'],['E01.894']
PMC7360678,The Osteocyte as the New Discovery of Therapeutic Options in Rare Bone Diseases .,['Bone Diseases'],['C05.116']
PMC7363448,Transient role of the middle ear as a lower jaw support across mammals.,['Jaw'],['A14.521']
PMC7367024,By the Numbers Analysis of Effect of COVID-19 on a Neurosurgical Residency at the Epicenter.,['Neurosurgical Procedures'],['E04.525']
PMC7368717,Early versus delayed postoperative oral hydration in children following general anesthesia : a prospective randomized trial.,['Anesthesia Recovery Period'],['E03.160']
PMC7370909,Neurosurgical Procedures and Safety During the COVID-19 Pandemic: A Case-Control Multicenter Study.,['Neurosurgical Procedures'],['E04.525']
PMC7374058,Microbial Species Coexistence Depends on the Host Environment.,['Host Microbial Interactions'],['G06.373']
PMC7376386,Predicting Carpal Bone Kinematics Using an Expanded Digital Database of Wrist Carpal Bone Anatomy and Kinematics.,['Motion'],['G01.482']
PMC7379038,A pilot study of optical neuronavigation-guided brain biopsy in the horse using anatomic landmarks and fiducial arrays for patient registration.,['Anatomic Landmarks'],['A01.111']
PMC7379545,Oil toxicity test methods must be improved.,['Toxicity Tests'],['E05.940']
PMC7379983,Effects of variation in resource acquisition during different stages of the life cycle on life -history traits and trade-offs in a burying beetle.,['Life Cycle Stages'],['B05.500']
PMC7383862,Pigmentation Chemistry and Radical-Based Collagen Degradation in Alkaptonuria and Osteoarthritic Cartilage.,['Pigmentation'],['G16.690']
PMC7384357,Localization of sclerotic-type chronic graft-vs-host disease to sites of skin injury: potential insight into the mechanism of isomorphic and isotopic responses.,['Graft vs Host Disease'],['C20.452']
PMC7386295,A hybrid model integrating warm heat and ultraviolet germicidal irradiation might efficiently disinfect respirators and personal protective equipment .,['Equipment Reuse'],['E05.328']
PMC7388821,The likely economic impact of fewer elective surgical procedures on US hospitals during the COVID-19 pandemic.,['Elective Surgical Procedures'],['E04.249']
PMC7389911,[Efficacy of clonidine transdermal patch in treatment of moderate to severe tic disorders in children].,['Transdermal Patch'],['E07.935']
PMC7390818,Systematic review of the role of renin-angiotensin system inhibitors in late studies on Covid-19: A new challenge overcome?,['Renin-Angiotensin System'],['G03.820']
PMC7391657,A non-invasive soil-based setup to study tomato root volatiles released by healthy and infected roots .,['Plant Roots'],['A18.400']
PMC7394903,ORF4 of the Temperate Archaeal Virus SNJ1 Governs the Lysis-Lysogeny Switch and Superinfection Immunity.,['Archaeal Viruses'],['B04.100']
PMC7398143,Single-cell temperature mapping with fluorescent thermometer nanosheets.,['Thermometry'],['E05.933']
PMC7398206,"Detection of Leishmania infantum DNA and antibodies against Anaplasma spp., Borrelia burgdorferi s.l. and Ehrlichia canis in a dog kennel in South-Central Romania.",['Dog Diseases'],['C22.268']
PMC7398408,Orbital abscess caused by Exophiala dermatitidis following posterior subtenon injection of triamcinolone acetonide: a case report and a review of literature related to Exophiala eye infections .,['Eye Infections'],['C01.375']
PMC7401663,Complement Activation Levels Are Related to Disease Stage in AMD.,['Complement Activation'],['G12.274']
PMC7403344,Homogeneous and heterogeneous catalytic reduction of amides and related compounds using molecular hydrogen .,['Hydrogenation'],['G03.409']
PMC7413517,Functional morphology of antennae and sensilla of Hippodamia variegata (Coleoptera: Coccinellidae).,['Arthropod Antennae'],['A13.093']
PMC7418017,Evaluating the Effects of a Mobile Health App on Reducing Patient Care Needs and Improving Quality of Life After Oral Cancer Surgery : Quasiexperimental Study.,"['Surgery, Oral']",['E06.892']
PMC7418442,"Seascape genomics reveals population isolation in the reef-building honeycomb worm, Sabellaria alveolata (L.).",['Alveolata'],['B01.043']
PMC7420248,Research Tools for the Functional Genomics of Plant miRNAs During Zygotic and Somatic Embryogenesis .,['Plant Somatic Embryogenesis Techniques'],['G15.698']
PMC7429886,Renal arteriovenous fistula after retrograde ureteroscopic lithotripsy for the lower ureteral stones: a rare case report.,['Lithotripsy'],['E02.600']
PMC7431152,Casein Ingestion Does Not Increase Muscle Connective Tissue Protein Synthesis Rates.,['Connective Tissue'],['A10.165']
PMC7432185,Synthesis of Novel Fluorine Compounds Substituted-4-thiazolidinones Derived from Rhodanine Drug as Highly Bioactive Probes.,['Fluorine Compounds'],['D01.303']
PMC7434313,The U.S. medicine chest: Understanding the U.S. pharmaceutical supply chain and the role of the pharmacist.,['Medicine Chests'],['E07.546']
PMC7437546,"Daphneodorins A-C, Anti-HIV Gnidimacrin Related Macrocyclic Daphnane Orthoesters from Daphne odora.",['Macrocyclic Compounds'],['D04.345']
PMC7445240,Exhaled breath compositions under varying respiratory rhythms reflects ventilatory variations: translating breathomics towards respiratory medicine.,['Respiratory Physiological Phenomena'],['G09.772']
PMC7456755,Providing high-quality care remotely to patients with rare bone diseases during COVID-19 pandemic.,['Bone Diseases'],['C05.116']
PMC7457254,First cases of contagious ovine digital dermatitis in Germany.,['Digital Dermatitis'],['C22.214']
PMC7457823,Video Education Reduces Pain and Anxiety Levels in Cancer Patients Who First Use Fentanyl Transdermal Patch : A Randomized Controlled Trial.,['Transdermal Patch'],['E07.935']
PMC7461600,"Expression, Distribution and Role of Aquaporins in Various Rhinologic Conditions.",['Nose Diseases'],['C09.603']
PMC7462214,Early-life nutrition and metabolic disorders in later life: a new perspective on energy metabolism.,['Nutrition Disorders'],['C18.654']
PMC7463458,A Walk through Recent Nitro Chemistry Advances.,['Nitro Compounds'],['D02.640']
PMC7464912,Rapid Multi-Residue Detection Methods for Pesticides and Veterinary Drugs .,['Veterinary Drugs'],['D26.939']
PMC7467997,Mitochondrial oxygen consumption rate of human embryos declines with maternal age.,['Morula'],['A16.615']
PMC7469910,Cell -in- cell phenomenon associates with aggressive characteristics and cancer-related mortality in early oral tongue cancer.,['Cell-in-Cell Formation'],['G04.165']
PMC7473440,"Incidence of traumatic dental injury in Valencia, Spain.",['Tooth Injuries'],['C26.900']
PMC7473784,"Neuronal fibroblast growth factor 22 signaling during development , but not in adults, is involved in anhedonia.",['Growth and Development'],['G07.345']
PMC7473961,Enabling pregnant women and their physicians to make informed medication decisions using artificial intelligence.,['Pharmacologic Actions'],['D27.505']
PMC7474681,The macroevolutionary dynamics of symbiotic and phenotypic diversification in lichens .,['Lichens'],['B05.350']
PMC7478458,Cricothyroidotomy needle length is associated with posterior tracheal wall injury: A randomized crossover simulation study (CONSORT).,['Larynx'],['A04.329']
PMC7480878,Mathematical model and tool to explore shorter multi- drug therapy options for active pulmonary tuberculosis.,['Drug Therapy'],['E02.319']
PMC7481911,An Algorithm for the Noninvasive and Personalized Measurement of Microvascular Blood Viscosity Using Physiological Parameters.,['Blood Physiological Phenomena'],['G09.188']
PMC7484002,An automatic approach to establish clinically desired final dental occlusion for one-piece maxillary orthognathic surgery.,['Dental Occlusion'],['E06.276']
PMC7486230,Bigger Necks Are Not Enough: An Examination of Neck Circumference in Incoming College Athletes.,['Neck'],['A01.598']
PMC7488554,Spatial risk analysis for the introduction and circulation of six arboviruses in the Netherlands.,['Arboviruses'],['B04.080']
PMC7488963,Metabolomics in the study of spontaneous animal diseases.,"['Chemistry Techniques, Analytical']",['E05.196']
PMC7490843,A Regenerable Hydrogel Electrolyte for Flexible Supercapacitors.,['Regeneration'],['G16.762']
PMC7496214,Estimate of the sequenced proportion of the global prokaryotic genome.,['Prokaryotic Cells'],['A11.760']
PMC7497779,The longitudinal impact of COVID-19 pandemic on neurosurgical practice.,['Neurosurgical Procedures'],['E04.525']
PMC7503115,"The US Strategic National Stockpile Ventilators in Coronavirus Disease 2019: A Comparison of Functionality and Analysis Regarding the Emergency Purchase of 200,000 Devices.","['Ventilators, Mechanical']",['E07.950']
PMC7504313,Maggot Therapy in Wound Healing: A Systematic Review.,['Maggot Debridement Therapy'],['E02.611']
PMC7504573,"Rapid Review of SARS-CoV-1 and SARS-CoV-2 Viability, Susceptibility to Treatment, and the Disinfection and Reuse of PPE, Particularly Filtering Facepiece Respirators.",['Equipment Reuse'],['E05.328']
PMC7509593,Characterization of buccal cell DNA after exposure to azo compounds : a cross-sectional study.,['Azo Compounds'],['D02.172']
PMC7519009,An integrodifference model for vegetation patterns in semi-arid environments with seasonality.,['Seed Dispersal'],['G15.808']
PMC7521929,Alkylative damage of mRNA leads to ribosome stalling and rescue by trans translation in bacteria.,['Alkylation'],['G03.059']
PMC7522926,COVID-19: instruments for the allocation of mechanical ventilators -a narrative review.,"['Ventilators, Mechanical']",['E07.950']
PMC7526115,Sevoflurane modulates breast cancer cell survival via modulation of intracellular calcium homeostasis.,['Cell Survival'],['G04.346']
PMC7526373,In vitro resynthesis of lichenization reveals the genetic background of symbiosis-specific fungal-algal interaction in Usnea hakonensis.,['Lichens'],['B05.350']
PMC7527246,Contamination inside CT gantry in the SARS-CoV-2 era.,"['Tomography Scanners, X-Ray Computed']",['E07.913']
PMC7527883,Surface Electromyography as a Method for Diagnosing Muscle Function in Patients with Congenital Maxillofacial Abnormalities .,['Stomatognathic System Abnormalities'],['C07.650']
PMC7530561,Gravity steam reprocessing in healthcare facilities for the reuse of N95 respirators.,['Equipment Reuse'],['E05.328']
PMC7532620,Transcriptional landscape of the embryonic chicken Mullerian duct.,['Mullerian Ducts'],['A16.623']
PMC7532916,Primary Dermis Fat Grafting for Socket Reconstruction: Retrospective Comparison of Electrocoagulation versus Scalpel Dissection for Epidermis Removal.,['Prosthesis Fitting'],['E02.794']
PMC7534801,Engineering Antiviral Vaccines.,['Vaccine Development'],['E05.952']
PMC7536732,Hexachloroethane.,['Specialty Uses of Chemicals'],['D27.720']
PMC7542463,Common origin of ornithine-urea cycle in opisthokonts and stramenopiles .,['Stramenopiles'],['B01.750']
PMC7543325,Clinical features and outcomes of thoracic surgery patients during the COVID-19 pandemic.,['Thoracic Surgical Procedures'],['E04.928']
PMC7545062,Optic flow parsing in the macaque monkey.,['Optic Flow'],['G14.700']
PMC7547401,MRI-based quantification of residual fibroglandular tissue of the breast after conservative mastectomies.,['Breast'],['A01.236']
PMC7561546,Indirect somatic embryogenesis of purple coneflower (Echinacea purpurea (L.) Moench): a medicinal-ornamental plant : evaluation of antioxidant enzymes activity and histological study.,['Plant Somatic Embryogenesis Techniques'],['G15.698']
PMC7572274,Disposable versus reusable medical gowns: A performance comparison.,['Disposable Equipment'],['E07.252']
PMC7579500,Knowledge on Pre-Hospital Emergency Management of Tooth Avulsion among Croatian Students of the Faculty of Education.,['Tooth Injuries'],['C26.900']
PMC7580476,Prevalence of Operated Facial Injury in the Department of Oral and Maxillofacial Surgery of a Tertiary Hospital.,"['Surgery, Oral']",['E06.892']
PMC7583860,"Metabolomics in Sleep , Insomnia and Sleep Apnea.",['Sleep Wake Disorders'],['C10.886']
PMC7585557,The Impact of Climate Change on Vaccine-Preventable Diseases : Insights From Current Research and New Directions.,['Vaccine-Preventable Diseases'],['C01.918']
PMC7587647,Research Note: Beak morphology of infrared beak -treated laying hens and its impact on production and welfare.,['Beak'],['A13.114']
PMC7588490,Evaluation of surgical procedures of mouse urethra by visualization and the formation of fistula.,['Urogenital Surgical Procedures'],['E04.950']
PMC7588721,Extended use or reuse of single-use surgical masks and filtering face-piece respirators during the coronavirus disease 2019 (COVID-19) pandemic: A rapid systematic review.,['Equipment Reuse'],['E05.328']
PMC7591032,"Type and distribution of sensilla in the antennae of Euplatypus parallelus (F.) (Coleoptera: Curculionidea, Platypodinae).",['Arthropod Antennae'],['A13.093']
PMC7591699,A Review of the Progress and Challenges of Developing a Vaccine for COVID-19.,['Vaccine Development'],['E05.952']
PMC7592760,Risk factors for surgical site infections using a data-driven approach.,['Digestive System Surgical Procedures'],['E04.210']
PMC7599581,Blue Mussel-Derived Peptides PIISVYWK and FSVVPSPK Trigger Wnt/beta-Catenin Signaling -Mediated Osteogenesis in Human Bone Marrow Mesenchymal Stem Cells.,['Intercellular Signaling Peptides and Proteins'],['D23.529']
PMC7599783,Molecular Insights into Bacteriophage Evolution toward Its Host.,['Bacteriophages'],['B04.123']
PMC7600510,"Searching for New Directions for Energy Policy: Testing Three Causal Models of Risk Perception, Attitude, and Behavior in Nuclear Energy Context.",['Nuclear Energy'],['G01.536']
PMC7605013,Epidemiology of Hip Injuries in Professional Rodeo: A 4-Year Analysis.,['Hip Injuries'],['C26.531']
PMC7608865,"Mutations in PIH proteins MOT48, TWI1 and PF13 define common and unique steps for preassembly of each, different ciliary dynein.",['Ciliary Motility Disorders'],['C09.150']
PMC7611819,Multimodal learning of pheromone locations.,['Pheromones'],['D23.641']
PMC7615985,Particle uptake driven phagocytosis in macrophages and neutrophils enhances bacterial clearance.,['Phagocytosis'],['G12.688']
PMC7617512,Viral Genomic DNA Packaging Machinery.,['DNA Packaging'],['G05.213']
PMC7641175,A comparison of droplet and contact contamination using 3 simulated barrier techniques for COVID-19 intubation : a quality assurance study.,['Intubation'],['E05.497']
PMC7641769,Stabilization of G-quadruplex DNA structures in Schizosaccharomyces pombe causes single-strand DNA lesions and impedes DNA replication.,['Fused-Ring Compounds'],['D04.210']
PMC7647516,MR imaging features and a redefinition of the classification system for nodular fasciitis .,['Fasciitis'],['C05.321']
PMC7647571,Dacryocystitis secondary to neglected silicone tube in lacrimal duct for 10 years: A case report.,['Lacrimal Elimination'],['G14.540']
PMC7647962,"Complement activation by drug carriers and particulate pharmaceuticals: Principles, challenges and opportunities.",['Complement Activation'],['G12.274']
PMC7653244,Bioglass could increase cell membrane fluidity with ion products to develop its bioactivity.,['Membrane Fluidity'],['G04.570']
PMC7659820,[The home visit briefcases of family doctors].,['Medicine Chests'],['E07.546']
PMC7662943,Effects of Human Endothelial Progenitor Cell and Its Conditioned Medium on Oocyte Development and Subsequent Embryo Development .,['Growth and Development'],['G07.345']
PMC7665577,Does Preventive Care Reduce Severe Pediatric Dental Caries?,['Preventive Dentistry'],['E06.761']
PMC7667025,Loss of the Conserved Alveolate Kinase MAPK2 Decouples Toxoplasma Cell Growth from Cell Division.,['Alveolata'],['B01.043']
PMC7668092,Insect pectinate antennae maximize odor capture efficiency at intermediate flight speeds.,['Arthropod Antennae'],['A13.093']
PMC7670575,Presence of pepsin in laryngeal tissue and saliva in benign and malignant neoplasms .,['Otorhinolaryngologic Neoplasms'],['C09.647']
PMC7674237,"Increasing Willingness to Use Synthetic Drugs if Offered among Electronic Dance Music Party Attendees, 2017-2019.",['Synthetic Drugs'],['D26.909']
PMC7676409,Parasitic diseases of equids in Iran (1931-2020): a literature review.,"['Parasitic Diseases, Animal']",['C22.674']
PMC7677276,Ocular Physiologically Based Pharmacokinetic Modeling for Ointment Formulations.,['Ocular Absorption'],['G14.590']
PMC7678453,Recommendations for acting in elective and urgent thoracic surgery during SARS-CoV-2 pandemic. Spanish Society of Thoracic Surgery.,['Thoracic Surgical Procedures'],['E04.928']
PMC7683004,"Delayed discharge after major surgical procedures in Ontario, Canada: a population-based cohort study.",['Elective Surgical Procedures'],['E04.249']
PMC7687037,Neuroinflammatory responses of microglia in central nervous system trauma .,"['Trauma, Nervous System', 'Trauma, Nervous System']","['C10.900', 'C26.915']"
PMC7687210,COVID-19 alters thinking and management in metabolic diseases .,['Metabolic Diseases'],['C18.452']
PMC7687586,Modeling the elective vascular surgery recovery after coronavirus disease 2019: Implications for moving forward.,['Elective Surgical Procedures'],['E04.249']
PMC7695848,The double fascicular variations of the anterior talofibular ligament and the calcaneofibular ligament correlate with interconnections between lateral ankle structures revealed on magnetic resonance imaging.,['Ligaments'],['A02.513']
PMC7697778,"Influence of Drilling Technique on the Radiographic, Thermographic, and Geomorphometric Effects of Dental Implant Drills and Osteotomy Site Preparations.",['Dental High-Speed Technique'],['E06.216']
PMC7698794,Free Radicals as a Double-Edged Sword: The Cancer Preventive and Therapeutic Roles of Curcumin.,['Free Radicals'],['D01.339']
PMC7703557,Degenerative and regenerative pathways underlying Duchenne muscular dystrophy revealed by single-nucleus RNA sequencing.,"['Muscular Dystrophy, Animal']",['C22.595']
PMC7723666,Role of pancreatography in the endoscopic management of encapsulated pancreatic collections - review and new proposed classification.,['Pancreas'],['A03.734']
PMC7724715,Hand injuries in sports - a retrospective analysis of 364 cases.,['Hand Injuries'],['C26.448']
PMC7733645,Consensus Statement of the Saudi Society of Oral and Maxillofacial Surgery on practice during the COVID-19 pandemic in Saudi Arabia.,"['Surgery, Oral']",['E06.892']
PMC7737843,Evaluating the zebrafish embryo toxicity test for pesticide hazard screening.,['Toxicity Tests'],['E05.940']
PMC7738486,A small number of daily pitches induces shoulder and elbow injuries among high school baseball pitchers: a prospective study.,['Arm Injuries'],['C26.088']
PMC7738489,Use of cyclic peptides to induce crystallization : case study with prolyl hydroxylase domain 2.,['Crystallization'],['G02.171']
PMC7744405,Predicting fringe visibility in dual-phase grating interferometry with polychromatic X-ray sources.,['Interferometry'],['E05.490']
PMC7752148,Plasma flow distal to tourniquet placement provides a physiological mechanism for tissue salvage.,['Tourniquets'],['E07.926']
PMC7754335,"Key Opportunities to Replace, Reduce, and Refine Regulatory Fish Acute Toxicity Tests .",['Toxicity Tests'],['E05.940']
PMC7756721,Project for Universal Management of Airways - part 1: concept and methods.,['Airway Management'],['E02.041']
PMC7757138,Impact of Footwear and Foot Deformities in patients with Parkinson's disease: A Case-Series Study.,['Foot Deformities'],['C05.330']
PMC7758729,Intrinsic Cell Polarity Coupled to Growth Axis Formation in Tobacco BY-2 Cells.,['Cell Polarity'],['G04.250']
PMC7762732,Accommodating patients with obesity and mobility difficulties: Observations from physicians.,['Diagnostic Equipment'],['E07.230']
PMC7765850,Correlation between Ferromagnetic Layer Easy Axis and the Tilt Angle of Self Assembled Chiral Molecules.,['Magnetic Phenomena'],['G01.358']
PMC7767743,Chemical modification of pro-inflammatory proteins by peroxynitrite increases activation of TLR4 and NF-kappaB: Implications for the health effects of air pollution and oxidative stress.,['Proteins'],['D12.776']
PMC7768007,Case Report: Orbital Myositis and Myasthenia Gravis as Symptoms of Immune Reconstitution Inflammatory Syndrome in a Patient With Human Immunodeficiency Virus Infection.,['Immune Reconstitution Inflammatory Syndrome'],['C20.608']
PMC7769017,Genetic Disorders of the Glomerular Filtration Barrier .,['Glomerular Filtration Barrier'],['A07.500']
PMC7774915,Dietary factors associated with inflammatory laryngeal disease in South Korea.,['Laryngeal Diseases'],['C09.400']
PMC7775395,Somaclonal Variation in Chrysanthemum morifolium Protoplast Regenerants .,['Regeneration'],['G16.762']
PMC7776640,Heading perception depends on time-varying evolution of optic flow .,['Optic Flow'],['G14.700']
PMC7779349,Extracellular vesicles released from irradiated neonatal mouse cheek tissue increased cell survival after radiation.,['Cheek'],['A14.194']
PMC7792217,Changes in plastid biogenesis leading to the formation of albino regenerants in barley microspore culture.,['Regeneration'],['G16.762']
PMC7795314,Utilization of Deep Eutectic Solvents to Reduce the Release of Hazardous Gases to the Atmosphere: A Critical Review.,['Gases'],['D01.362']
PMC7796903,What about the males? the C. elegans sexually dimorphic nervous system and a CRISPR-based tool to study males in a hermaphroditic species.,['Hermaphroditic Organisms'],['B05.275']
PMC7797530,Sleep disorders related to nutrition and digestive diseases: a neglected clinical condition.,['Nutrition Disorders'],['C18.654']
PMC7804358,Application of Plastic Sheet Barrier and Video Intubating Stylet to Protect Tracheal Intubators During Coronavirus Disease 2019 Pandemic: A Taiwan Experience.,['Intubation'],['E05.497']
PMC7815082,"The Pathogenesis Based on the Glymphatic System , Diagnosis, and Treatment of Idiopathic Normal Pressure Hydrocephalus.",['Glymphatic System'],['A07.521']
PMC7818015,DNA alkylation lesion repair: outcomes and implications in cancer chemotherapy.,['Alkylation'],['G03.059']
PMC7819444,Simple Felt-Plug Closure Technique for Minimally Invasive Removal of a Centrifugal-Flow Left Ventricular Assist Device .,['Device Removal'],['E04.199']
PMC7819807,The deltopectoral flap in full-thickness cheek defect: A case report.,['Cheek'],['A14.194']
PMC7821955,Video laryngoscopy is associated with improved first-pass intubation success compared with direct laryngoscopy in emergency department trauma patients.,['Intubation'],['E05.497']
PMC7829323,An observational feasibility study - does early limb ergometry affect oxygen delivery and uptake in intubated critically ill patients - a comparison of two assessment methods.,['Ergometry'],['E05.333']
PMC7831027,Functional Modification of Cellulose Acetate Microfiltration Membranes by Supercritical Solvent Impregnation.,['Membranes'],['A10.615']
PMC7831083,Monitoring the Growth of a Microbubble Generated Photothermally onto an Optical Fiber by Means Fabry-Perot Interferometry.,['Microbubbles'],['E07.553']
PMC7833035,Autoimmune connective tissue diseases in the COVID-19 pandemic.,['Connective Tissue Diseases'],['C17.300']
PMC7834085,The role and research progress of the balance and interaction between regulatory T cells and other immune cells in obesity with insulin resistance.,['Homeostasis'],['G07.410']
PMC7834236,Clinical outcomes of pleural drainage on pneumothorax and hydrothorax in critically ill patients with COVID-19: A case series with literature review.,"['Drainage', 'Drainage']","['E02.309', 'E04.237']"
PMC7843227,Antigen -driven clonal selection shapes the persistence of HIV-1-infected CD4+ T cells in vivo.,"['Clonal Selection, Antigen-Mediated']",['G12.261']
PMC7843322,Surfactant dysfunction disorder masquerading as meconium aspiration syndrome and persistent pulmonary hypertension of the newborn .,"['Infant, Newborn, Diseases']",['C16.614']
PMC7846541,"[Personal preference, experience, intuition and school of surgery dominate the use of wound drainage in dermatosurgery].","['Drainage', 'Drainage']","['E02.309', 'E04.237']"
PMC7847974,Case Report: Effective and Safe Treatment With Certolizumab Pegol in Pregnant Patients With Cogan 's Syndrome : A Report of Three Pregnancies in Two Patients.,['Cogan Syndrome'],['C11.180']
PMC7850250,Firework Injuries of the Hand: An Analysis of Treatment and Health Care Utilization.,"['Amputation, Traumatic']",['C26.062']
PMC7855311,Structural and Biosynthetic Diversity of Nonulosonic Acids (NulOs) That Decorate Surface Structures in Bacteria.,['Sugar Acids'],['D09.811']
PMC7856254,En Route to the Transformation of Glycoscience: A Chemist's Perspective on Internal and External Crossroads in Glycochemistry.,['Organic Chemistry Phenomena'],['G02.607']
PMC7857776,Mini-percutaneous nephrolithotomy in a child with multiple urogenital anomalies and a solitary duplex kidney.,['Urogenital Surgical Procedures'],['E04.950']
PMC7858151,Marine algal polysaccharides alleviate aflatoxin B1-induced bursa of Fabricius injury by regulating redox and apoptotic signaling pathway in broilers.,['Bursa of Fabricius'],['A13.163']
PMC7860527,Prognostic value of lipid metabolism -related genes in head and neck squamous cell carcinoma.,['Lipid Metabolism'],['G03.458']
PMC7862607,p53-dependent elimination of aneuploid mitotic offspring by entosis.,['Cell-in-Cell Formation'],['G04.165']
PMC7864288,The bursa of Hieronymus Fabricius ab Aquapendente: from original iconography to most recent research.,['Bursa of Fabricius'],['A13.163']
PMC7867018,Production of Bulk Chemicals with Biocatalysis : Drivers and Challenges Reflected in Recent Industrial Granted Patents (2015-2020).,['Biocatalysis'],['G03.105']
PMC7873083,Transcriptome and translatome of CO(2) fixing acetogens under heterotrophic and autotrophic conditions.,['Autotrophic Processes'],['G03.087']
PMC7876778,The associations of interstitial lung abnormalities with cancer diagnoses and mortality.,['Lung'],['A04.411']
PMC7885045,Attenuation of acute and chronic inflammation using compounds derived from plants.,['Pharmacologic Actions'],['D27.505']
PMC7889307,Simulated accuracy assessment of small footprint body-mounted probe alignment device for MRI-guided cryotherapy of abdominal lesions.,['Cryotherapy'],['E02.258']
PMC7893944,Genome-wide association studies detects candidate genes for wool traits by re-sequencing in Chinese fine- wool sheep.,['Wool'],['A13.970']
PMC7898707,G-quadruplex-forming nucleic acids interact with splicing factor 3B subunit 2 and suppress innate immune gene expression.,['Fused-Ring Compounds'],['D04.210']
PMC7905401,Questions about the numerical value and quantitative data transfer of tooth preparation -from experience guidance to digital guidance.,['Tooth Preparation'],['E06.931']
PMC7906542,Non- accidental broom sticks injury as a cause of post-neonatal tetanus.,['Accidental Injuries'],['C26.040']
PMC7910253,Hydrogenative -PHIP polarized metabolites for biological studies.,['Hydrogenation'],['G03.409']
PMC7919160,Mechanical -Ventilation Supply and Options for the COVID-19 Pandemic. Leveraging All Available Resources for a Limited Resource in a Crisis.,"['Ventilators, Mechanical']",['E07.950']
PMC7923998,"Otological manifestation of temporomandibular joint disorder in Ekiti, a sub-Saharan African country.",['Temporomandibular Joint Disorders'],['C07.678']
PMC7925426,TREC Screening for WHIM Syndrome.,"['Infant, Newborn, Diseases']",['C16.614']
PMC7931124,Changes in clinical trials of endocrine disorder and metabolism and nutrition disorder drugs in mainland China over 2010-2019.,['Nutrition Disorders'],['C18.654']
PMC7938610,Reinforcing effects of synthetic cathinones in rhesus monkeys: Dose-response and behavioral economic analyses.,['Synthetic Drugs'],['D26.909']
PMC7944882,Refractory pharyngeal ulceration due to cytomegalovirus in a patient with HIV infection: a case report and literature review.,['Pharyngeal Diseases'],['C07.550']
PMC7947063,A neural network model of basal ganglia 's decision-making circuitry.,['Ganglia'],['A08.340']
PMC7949221,Clinical study of Maggot therapy for Fournier's gangrene.,['Maggot Debridement Therapy'],['E02.611']
PMC7951282,Maggot debridement therapy with Lucilia cuprina: a comparison with conventional debridement in diabetic foot ulcers.,['Maggot Debridement Therapy'],['E02.611']
PMC7952370,Biologics and Targeted Synthetic Drugs Can Induce Immune-Mediated Glomerular Disorders in Patients with Rheumatic Diseases: An Updated Systematic Literature Review.,['Synthetic Drugs'],['D26.909']
PMC7953824,The effect of opioid-free anesthesia on the quality of recovery after gynecological laparoscopy: study protocol for a prospective randomized controlled trial.,['Anesthesia Recovery Period'],['E03.160']
PMC7955150,Is it Safe to Perform Elective Colorectal Surgical Procedures during the COVID-19 Pandemic? A Single Institution Experience with 103 Patients.,['Elective Surgical Procedures'],['E04.249']
PMC7959724,Immunomodulatory Effects of Histone Deacetylation Inhibitors in Graft-vs.-Host Disease After Allogeneic Stem Cell Transplantation.,['Graft vs Host Disease'],['C20.452']
PMC7960161,Radiographic Local Control of Spinal Metastases with Percutaneous Radiofrequency Ablation and Vertebral Augmentation.,['Radiofrequency Therapy'],['E02.808']
PMC7960375,Trochlear Groove and Trochlear Cistern: Useful Anatomic Landmarks for Identifying the Tentorial Segment of Cranial Nerve IV on MRI.,['Anatomic Landmarks'],['A01.111']
PMC7964712,Combination therapy consisting of ethanol and radiofrequency ablation for predominantly cystic thyroid nodules.,['Radiofrequency Therapy'],['E02.808']
PMC7966422,Requirements for emergent neurosurgical procedures among patients undergoing neuroendovascular procedures in contemporary practice.,['Neurosurgical Procedures'],['E04.525']
PMC7966579,Comparison of the T2 relaxation time of the temporomandibular joint articular disk between patients with temporomandibular disorders and asymptomatic volunteers.,['Temporomandibular Joint Disorders'],['C07.678']
PMC7970592,Sleep medicine durable medical equipment management during the COVID-19 pandemic: our center's initial experience.,['Durable Medical Equipment'],['E07.278']
PMC7973624,Preoperative facial muscle imaging predicts final facial function after facial nerve grafting.,['Facial Muscles'],['A14.363']
PMC7975096,Experimental model of dissecting aneurysms.,['Dissection'],['E04.221']
PMC7975985,Clade-Specific Plastid Inheritance Patterns Including Frequent Biparental Inheritance in Passiflora Interspecific Crosses.,['Inheritance Patterns'],['G05.420']
PMC7977134,Brain abscess drainage by use of MR fluoroscopic guidance.,"['Drainage', 'Drainage']","['E02.309', 'E04.237']"
PMC7978279,Analysis of anaesthesia services to calculate national need and supply of anaesthetics in Switzerland during the COVID-19 pandemic.,['Anesthesia'],['E03.155']
PMC7993907,Selenium Deficiency Causes Inflammatory Injury in the Bursa of Fabricius of Broiler Chickens by Activating the Toll-like Receptor Signaling Pathway.,['Bursa of Fabricius'],['A13.163']
PMC7994099,Augmented Reality Research of Measuring X-Ray Dental Film Alveolar Bone Based on Computer Image Analysis System.,['X-Ray Film'],['E07.960']
PMC7999037,Two Archaeal Metagenome-Assembled Genomes from El Tatio Provide New Insights into the Crenarchaeota Phylum.,['Crenarchaeota'],['B02.075']
PMC8002241,The Influence of Polyanions and Polycations on Bacteriophage Activity.,['Bacteriophages'],['B04.123']
PMC8023133,Genetic and physiological autonomic nervous system factors involved in failed back surgery syndrome: A review of the literature and report of nine cases treated with pulsed radiofrequency .,['Radiofrequency Therapy'],['E02.808']
PMC8023797,Metabolism and Toxicity of Fluorine Compounds .,['Fluorine Compounds'],['D01.303']
PMC8026409,Cosmetic Outcomes and Symmetry Comparison in Patients Undergoing Bilateral Therapeutic Mammoplasty for Breast Cancer.,['Cosmetic Techniques'],['E02.218']
PMC8027006,Deep learning approach for automatic landmark detection and alignment analysis in whole-spine lateral radiographs.,['Anatomic Landmarks'],['A01.111']
PMC8042731,Buzz- Pollinated Crops: A Global Review and Meta-analysis of the Effects of Supplemental Bee Pollination in Tomato.,['Pollination'],['G15.776']
PMC8047703,In Silico Analysis of the Electronic Delocalization in Some Double Fused-Ring Metallabenzenes.,['Fused-Ring Compounds'],['D04.210']
PMC8048085,Pluripotent stem cells are insensitive to the cytotoxicity of TNFalpha and IFNgamma.,"['Cytotoxicity, Immunologic']",['G12.287']
PMC8048440,The Vascularity of Ayurvedic Leech Therapy: Sensory Translations and Emergent Agencies in Interspecies Medicine.,['Leeching'],['E02.596']
PMC8051561,Total Knee Arthroplasty in a Transtibial Amputee.,['Prosthesis Fitting'],['E02.794']
PMC8052809,The effectiveness of PROLOTHERAPY for recalcitrant Medial TIBIAL Stress Syndrome: a prospective consecutive CASE series.,['Leg Injuries'],['C26.558']
PMC8062263,Optical manipulation of molecular function by chromophore-assisted light inactivation .,['Chromophore-Assisted Light Inactivation'],['E05.198']
PMC8067094,Biopharmaceutics of Topical Ophthalmic Suspensions: Importance of Viscosity and Particle Size in Ocular Absorption of Indomethacin.,['Ocular Absorption'],['G14.590']
PMC8069214,"Synthesis, Biological Evaluation, and Molecular Modeling of Aza -Crown Ethers.",['Aza Compounds'],['D02.145']
PMC8080374,Tip-to-Base LAMPOON for Transcatheter Mitral Valve Replacement With a Protected Mitral Annulus.,['Lacerations'],['C26.540']
PMC8081247,Farmer and farm worker illnesses and deaths from COVID-19 and impacts on agricultural output.,"[""Agricultural Workers' Diseases""]",['C24.080']
PMC8085679,Small Dysplastic Oral Leucoplakia in a Smoking Woman: a Case Report.,['Epithelium'],['A10.272']
PMC8086761,ADAMTS proteases in vascular biology.,['Blood Physiological Phenomena'],['G09.188']
PMC8086798,Accessory Chromosomes in Fusarium oxysporum.,"['Chromosomes, Fungal']",['A19.311']
PMC8086869,How signalling games explain mimicry at many levels: from viral epidemiology to human sociology.,['Molecular Mimicry'],['G05.545']
PMC8092313,Biofilm Development on Urinary Catheters Promotes the Appearance of Viable but Nonculturable Bacteria.,['Clinical Laboratory Techniques'],['E05.200']
PMC8093658,"Location, but not defensive genotype, determines ectomycorrhizal community composition in Scots pine (Pinus sylvestris L.) seedlings .",['Seedlings'],['A18.550']
PMC8097498,Effect of Therapeutic Drug Monitoring vs Standard Therapy During Infliximab Induction on Disease Remission in Patients With Chronic Immune-Mediated Inflammatory Diseases: A Randomized Clinical Trial.,['Drug Therapy'],['E02.319']
PMC8108496,Immersive 3D Experience of Osmosis Improves Learning Outcomes of First-Year Cell Biology Students.,['Osmosis'],['G02.691']
PMC8115800,A question of (perfect) timing: A preceding head turn increases the head -fake effect in basketball.,['Head'],['A01.456']
PMC8115863,Sedation versus protective stabilization for dental treatment of children with caries and challenging behavior at the dentist (CHOOSE): a study protocol for a non-randomized clinical trial.,['Dental Physiological Phenomena'],['G10.549']
PMC8136471,Assessing Toxicokinetic Uncertainty and Variability in Risk Prioritization.,['Toxicokinetics'],['G03.893']
PMC8137259,Robot-assisted laparoscopic hysterectomy for endometrial cancer in a patient with Herlyn-Werner-Wunderlich syndrome.,['Urogenital Surgical Procedures'],['E04.950']
PMC8140591,Trends from 2008 to 2018 in Electricity-dependent Durable Medical Equipment Rentals and Sociodemographic Disparities.,['Durable Medical Equipment'],['E07.278']
PMC8141487,"Somatostatin administration following pancreatoduodenectomy: a case-matched comparison according to surgical technique, body mass index, American Society of Anesthesiologists' score and Fistula Risk Score.",['Digestive System Surgical Procedures'],['E04.210']
PMC8143734,Skin diseases in the Da Qing Diabetes Study: a cross-sectional study.,['Skin Diseases'],['C17.800']
PMC8152564,Effects of thiopentone halothane-nitrous oxide anaesthesia compared to ketamine-xylazine anaesthesia on the DC recorded dog electroretinogram.,['Anesthesia'],['E03.155']
PMC8154095,Tailoring photomorphogenic markers to organ growth dynamics.,['Seedlings'],['A18.550']
PMC8155957,Regulation of DNA Replication Licensing and Re- Replication by Cdt1.,['DNA Replication'],['G05.226']
PMC8156866,Requirements for Supporting Diagnostic Equipment of Respiration Process in Humans.,['Diagnostic Equipment'],['E07.230']
PMC8161708,A simple guide to using dental dam.,['Dental Equipment'],['E07.222']
PMC8163879,"Heartworm disease - Overview, intervention, and industry perspective.","['Parasitic Diseases, Animal']",['C22.674']
PMC8171691,[Clinical application of distal femoral patient-specific cutting guide based on knee CT and full-length X-ray film of lower extremities].,['X-Ray Film'],['E07.960']
PMC8172111,Multidisciplinary approach to nose vestibule malignancies: setting new standards.,['Nose'],['A04.531']
PMC8175960,"Parabiosis modeling: protocol, application and perspectives.",['Parabiosis'],['E05.660']
PMC8186352,Canadian Airway Focus Group updated consensus-based recommendations for management of the difficult airway : part 2. Planning and implementing safe management of the patient with an anticipated difficult airway .,['Airway Management'],['E02.041']
PMC8187293,Short-term Effects of Canceled Elective Procedures Due to COVID-19: Evidence From the Veterans Affairs Healthcare System.,['Elective Surgical Procedures'],['E04.249']
PMC8187341,Transcriptomic analysis of cork during seasonal growth highlights regulatory and developmental processes from phellogen to phellem formation.,['Cell Growth Processes'],['G04.161']
PMC8189371,An epidemiological and genetic study on registered diseases in Finnish Ayrshire cattle. III. Metabolic diseases.,['Parturient Paresis'],['C22.695']
PMC8190489,Spatial distribution of immune checkpoint proteins in histological subtypes of lung adenocarcinoma.,['Immune Checkpoint Proteins'],['D23.383']
PMC8197294,Noise Disturbance and Potential Hearing Loss Due to Exposure of Dental Equipment in Flemish Dentists.,['Dental Equipment'],['E07.222']
PMC8201285,Large Animal Models for Investigating Cell Therapies of Stress Urinary Incontinence.,"['Disease Models, Animal']",['C22.232']
PMC8202711,Long term studies on bone mineral changes during different lactations in Swedish dairy cattle.,['Parturient Paresis'],['C22.695']
PMC8204436,"Dental markers of biocultural sex differences in an early modern population from Gothenburg, Sweden: caries and other oral pathologies.",['Dental Physiological Phenomena'],['G10.549']
PMC8204878,"Local and Systemic Analgesic Effects of Nerve-Specific Acupuncture in Healthy Adults, Measured by Quantitative Sensory Testing.",['Analgesia'],['E03.091']
PMC8206421,Three amino acid residues in the envelope of human immunodeficiency virus type 1 CRF07_BC regulate viral neutralization susceptibility to the human monoclonal neutralizing antibody IgG1b12.,['Mutagenesis'],['G05.558']
PMC8209720,Potential syntrophic relationship between coral-associated Prosthecochloris and its companion sulfate- reducing bacterium unveiled by genomic analysis.,['Sulfur-Reducing Bacteria'],['B03.900']
PMC8213432,A neutrophil signature is strongly associated with increased cardiovascular risk in gout.,['Neutrophil Activation'],['G12.604']
PMC8227199,"Spray Drying of Chitosan Acid Salts : Process Development, Scaling Up and Physicochemical Material Characterization.",['Salts'],['D01.786']
PMC8236441,Role of lung and gut microbiota on lung cancer pathogenesis.,['Lung'],['A04.411']
PMC8243800,The accuracy of tactile assessment of canine nose temperature to identify rectal hyperthermia and hypothermia in dogs presenting on an emergency basis.,['Nose'],['A04.531']
PMC8252315,The clinical and prognostic values of optic nerve sheath diameter and optic nerve sheath diameter/eyeball transverse diameter ratio in comatose patients with supratentorial lesions.,['Prognosis'],['E01.789']
PMC8253789,Quantifying nitrogen fixation by heterotrophic bacteria in sinking marine particles.,['Heterotrophic Processes'],['G03.393']
PMC8260368,"Impact of prolonged fasting on insulin secretion , insulin action, and hepatic versus whole body insulin secretion disposition indices in healthy young males.","['Insulin Secretion', 'Insulin Secretion']","['G03.442', 'G07.475']"
PMC8262163,Case Report: Spontaneous Remission of an Infraorbital Follicular B-Cell Lymphoma: Case Report and Review of the Literature.,"['Remission, Spontaneous']",['G16.767']
PMC8264154,Algae-derived polysaccharides supplementation ameliorates heat stress-induced impairment of bursa of Fabricius via modulating NF-kappaB signaling pathway in broilers.,['Bursa of Fabricius'],['A13.163']
PMC8266442,Nursing Research of Optic Canal Decompression Operation under Nasal Endoscopic Medical Treatment Based on Intelligent Internet of Things for Traumatic Vision Disorders .,['Vision Disorders'],['C11.966']
PMC8266585,G-quadruplex binders as cytostatic modulators of innate immune genes in cancer cells.,['Fused-Ring Compounds'],['D04.210']
PMC8289121,Atlas of voluntary facial muscle activation: Visualization of surface electromyographic activities of facial muscles during mimic exercises.,['Facial Muscles'],['A14.363']
PMC8291257,"Cholinesterase levels in blood plasma and erythrocytes from calves, normal delivering cows and cows suffering from parturient paresis .",['Parturient Paresis'],['C22.695']
PMC8293882,Epidemiology of Injuries in National Collegiate Athletic Association Men's Tennis: 2014-2015 Through 2018-2019.,['Athletic Injuries'],['C26.115']
PMC8293885,Epidemiology of Injuries in National Collegiate Athletic Association Women's Tennis: 2014-2015 Through 2018-2019.,['Athletic Injuries'],['C26.115']
PMC8294895,Preserved corneal lamellar transplantation for infectious and noninfectious scleral defects: Three case reports and literature review.,['Scleral Diseases'],['C11.790']
PMC8295820,Parturient paresis in the cow. Serum ionized calcium concentrations before and after treatment with different calcium solutions--classification of different degrees of hypo- and hypercalcemia.,['Parturient Paresis'],['C22.695']
PMC8301076,Effect of Cryotherapy Temperature on the Extension Performance of Healthy Adults' Legs.,['Cryotherapy'],['E02.258']
PMC8301641,Water jet as a novel technique for enamel drilling ex vivo.,['Dental High-Speed Technique'],['E06.216']
PMC8306828,Ruthenium (II) and Platinum(II) Complexes with Biologically Active Aminoflavone Ligands Exhibit In Vitro Anticancer Activity.,['Ruthenium Compounds'],['D01.765']
PMC8309998,Bacmid Expression of Granulovirus Enhancin En3 Accumulates in Cell Soluble Fraction to Potentiate Nucleopolyhedrovirus Infection.,"['Occlusion Bodies, Viral']",['A21.125']
PMC8313588,Chai Hu oral liquid enhances the immune functions of both spleen and bursa of Fabricius in heat-stressed broilers through strengthening TLR4-TBK1 signaling pathway.,['Bursa of Fabricius'],['A13.163']
PMC8317720,Equal calcitonin response in paretic and non-paretic cows after intravenous calcium infusion.,['Parturient Paresis'],['C22.695']
PMC8323951,Recognition and differentiation of dural puncture click sensation: A subjective and objective prospective study of dural puncture forces using fine-gauge spinal needles.,['Punctures'],['E02.800']
PMC8325640,Chiral lipid bilayers are enantioselectively permeable.,['Membranes'],['A10.615']
PMC8332089,Percutaneous puncture of the external carotid artery or its branches after surgical ligation.,['Punctures'],['E02.800']
PMC8334359,Circuit Organization Underlying Optic Flow Processing in Zebrafish.,['Optic Flow'],['G14.700']
PMC8336239,A timed activity protocol to address sleep - wake disorders in home dwelling persons living with dementia: the healthy patterns clinical trial.,['Sleep Wake Disorders'],['C10.886']
PMC8337828,Central nervous system tuberculosis in HIV-infected patients: clinical and radiographic findings.,['Central Nervous System'],['A08.186']
PMC8349322,Subthalamic nucleus deep brain stimulation and impulsivity in Parkinson's disease: a descriptive review.,['Pharmacologic Actions'],['D27.505']
PMC8354441,Host tropism determination by convergent evolution of immunological evasion in the Lyme disease system.,['Host Tropism'],['G07.443']
PMC8354577,"Rare Diseases of the Nose , the Paranasal Sinuses, and the Anterior Skull Base.",['Nose Diseases'],['C09.603']
PMC8360410,Effectiveness and safety of massage for athletic injuries : A protocol for systematic review and meta-analysis.,['Athletic Injuries'],['C26.115']
PMC8364515,"Light -induced, spatiotemporal control of protein in the developing embryo of the sea urchin.",['Chromophore-Assisted Light Inactivation'],['E05.198']
PMC8367094,Characteristics of Farm Equipment -Related Crashes Associated With Injury in Children and Adolescents on Farm Equipment .,['Equipment Safety'],['E05.330']
PMC8373266,Molecular mechanisms underlying cell-in-cell formation : core machineries and beyond.,['Cell-in-Cell Formation'],['G04.165']
PMC8373555,"How Common Are Chronic Residual Limb Pain, Phantom Pain, and Back Pain More Than 20 Years After Lower Limb Amputation for Malignant Tumors?",['Prosthesis Fitting'],['E02.794']
PMC8377646,Packed cell volume (PCV) in connection with uterine prolapse and in parturient paresis in cows.,['Parturient Paresis'],['C22.695']
PMC8387259,Salts and Polymorph Screens for Bedaquiline.,['Salts'],['D01.786']
PMC8390546,Algal polysaccharide 's potential to combat respiratory infections caused by Klebsiella pneumoniae and Serratia marcescens biofilms.,['Polysaccharides'],['D09.698']
PMC8391646,Intermixing the OPN1LW and OPN1MW Genes Disrupts the Exonic Splicing Code Causing an Array of Vision Disorders .,['Vision Disorders'],['C11.966']
PMC8395994,Lipid mobilization in parturient cows.,['Parturient Paresis'],['C22.695']
PMC8398478,"Evaluating, Filtering and Clustering Genetic Disease Cohorts Based on Human Phenotype Ontology Data with Cohort Analyzer.",['Phenotype'],['G05.695']
PMC8399416,"Pyridine Scaffolds, Phenols and Derivatives of Azo Moiety: Current Therapeutic Perspectives.",['Azo Compounds'],['D02.172']
PMC8399596,Applications of Ionic Liquids in Whole-Cell and Isolated Enzyme Biocatalysis .,['Biocatalysis'],['G03.105']
PMC8406042,Preservation of Residual Limb Length with Antibiotic-loaded Bone Cement Implantation to Treat Femoral Periprosthetic Infection: A Case Report.,['Prosthesis Fitting'],['E02.794']
PMC8406228,Long-Term Survival of Synechococcus and Heterotrophic Bacteria without External Nutrient Supply after Changes in Their Relationship from Antagonism to Mutualism.,['Heterotrophic Processes'],['G03.393']
PMC8414666,The use of mono- and combination drug therapy in men and women with lower urinary tract symptoms (LUTS) in the UK: a retrospective observational study.,['Drug Therapy'],['E02.319']
PMC8419129,Computer-assisted implant placement and full-arch immediate loading with digitally prefabricated provisional prostheses without cast: a prospective pilot cohort study.,['Dental Pins'],['E06.292']
PMC8420141,Laser Therapy in the Treatment of Diabetic Retinopathy and Diabetic Macular Edema.,['Laser Therapy'],['E02.594']
PMC8432392,Nanosphere 's Verigene( ) Blood Culture Assay to Detect Multidrug-Resistant Gram-Negative Bacterial Outbreak: A Prospective Study on 79 Hematological Patients in a Country with High Prevalence of Antimicrobial Resistance.,['Nanospheres'],['E07.595']
PMC8448752,Structure of human cytomegalovirus virion reveals host tRNA binding to capsid-associated tegument protein pp150.,['Virion'],['A21.249']
PMC8449526,An experimental approach to analyze aerosol and splatter formations due to a dental procedure.,['Dental High-Speed Technique'],['E06.216']
PMC8451981,Impact of the modification of a cleaning and disinfection method of mechanical ventilators of COVID-19 patients and ventilator-associated pneumonia: One year of experience.,"['Ventilators, Mechanical']",['E07.950']
PMC8452972,HSP60 Regulates Lipid Metabolism in Human Ovarian Cancer.,['Lipid Metabolism'],['G03.458']
PMC8454955,"Species, causes, and outcomes of wildlife rehabilitation in New York State.",['Rehabilitation'],['E02.831']
PMC8458422,[Evaluation of urogenital sinus surgery in disorder of sex development].,['Urogenital Surgical Procedures'],['E04.950']
PMC8459320,Intraspecies heterogeneity in microbial interactions .,['Microbial Interactions'],['G06.550']
PMC8462472,"Occupational Skin Diseases among Building Construction Workers in Dar es Salaam, Tanzania.",['Skin Diseases'],['C17.800']
PMC8468500,Composition of the Gut Microbiome Influences Production of Sulforaphane- Nitrile and Iberin- Nitrile from Glucosinolates in Broccoli Sprouts.,['Nitriles'],['D02.626']
PMC8477900,Warmer Weather and the Risk of Urinary Tract Infections in Women.,['Urinary Tract Infections'],['C01.915']
PMC8478194,Fused ring effect on optical nonlinearity and structure property relationship of anthracenyl chalcone based push-pull chromophores.,['Fused-Ring Compounds'],['D04.210']
PMC8478825,Overnight Rostral Fluid Shifts Exacerbate Obstructive Sleep Apnea After Stroke.,['Fluid Shifts'],['G07.313']
PMC8491693,Can the neck contribute to persistent symptoms post concussion? Long-term follow up from a prospective descriptive case series.,['Neck'],['A01.598']
PMC8497307,Bacterial Viruses Subcommittee and Archaeal Viruses Subcommittee of the ICTV: update of taxonomy changes in 2021.,['Archaeal Viruses'],['B04.100']
PMC8510509,"Synthesis, Anti-Proliferative Evaluation and Mechanism of 4-Trifluoro Methoxy Proguanil Derivatives with Various Carbon Chain Length.",['Fluorine Compounds'],['D01.303']
PMC8510593,What do we know about perioperative hypersensitivity reactions and what can we do to improve perioperative safety?,['Anesthesia'],['E03.155']
PMC8521155,Modulation of the Complement System by Neoplastic Disease of the Central Nervous System .,['Central Nervous System'],['A08.186']
PMC8522973,Evaluation of stomatognathic problems in children with osteogenesis imperfecta (osteogenesis imperfecta - oi) - preliminary study.,['Stomatognathic System Abnormalities'],['C07.650']
PMC8523541,Dysregulation of T(FH)-B-T(RM) lymphocyte cooperation is associated with unfavorable anti-PD-1 responses in EGFR-mutant lung cancer.,['Lymphocyte Cooperation'],['G12.575']
PMC8524040,Emerging and Re-emerging Vector - Borne Infectious Diseases and the Challenges for Control: A Review.,['Vector Borne Diseases'],['C01.920']
PMC8525673,Does COVID-19 Affect the Exercise Capacity of Non-hospitalized Patients?,['Ergometry'],['E05.333']
PMC8534258,Comparative Review of Microglia and Monocytes in CNS Phagocytosis .,['Phagocytosis'],['G12.688']
PMC8534323,"Proteinous Components of Neutrophil Extracellular Traps Are Arrested by the Cell Wall Proteins of Candida albicans during Fungal Infection, and Can Be Used in the Host Invasion.",['Proteins'],['D12.776']
PMC8539440,Virus Diseases of Cereal and Oilseed Crops in Australia: Current Position and Future Challenges.,['Virus Diseases'],['C01.925']
PMC8547813,Characteristics of bioimpedance-determined fluid shifts according to intradialytic blood pressure difference.,['Fluid Shifts'],['G07.313']
PMC8552755,A Single Bacterium Capable of Oxidation and Reduction of Iron at Circumneutral pH.,['Oxidation-Reduction'],['G02.700']
PMC8555162,Estrone and progesterone plasma levels of normal cows and cows with parturient paresis .,['Parturient Paresis'],['C22.695']
PMC8561598,"Studies on parturient paresis in dairy cows. V. On the composition and calcium binding capacity of two bovine serum protein fractions, with special regard to parturient paresis .",['Parturient Paresis'],['C22.695']
PMC8564830,"ASSESSMENT OF ALLERGIES TO FOOD AND ADDITIVES IN PATIENTS WITH ANGIOEDEMA, BURNING MOUTH SYNDROME, CHEILITIS, GINGIVOSTOMATITIS, ORAL LICHENOID REACTIONS, AND PERIORAL DERMATITIS.",['Mouth Diseases'],['C07.465']
PMC8576853,Intrusion of posterior teeth using miniplates: intrusive mechanics is not the same as intrusion force.,['Dental Physiological Phenomena'],['G10.549']
PMC8576861,In vitro comparison of peracetic acid and autoclave sterilization in the corrosion of orthodontic pliers: a pilot study.,['Corrosion'],['G02.165']
PMC8579980,Rhizobacteria Impact Colonization of Listeria monocytogenes on Arabidopsis thaliana Roots .,['Plant Roots'],['A18.400']
PMC8585887,Prosthodontic Management of Congenital Hypothyroidism with Anodontia: A Case Report.,['Prosthodontics'],['E06.780']
PMC8595191,Mechanical factors contributing to the Venus flytrap's rate-dependent response to stimuli.,['Mechanical Phenomena'],['G01.374']
PMC8598172,Neck fat and obstructive sleep apnea in obese adolescents.,['Neck'],['A01.598']
PMC8603998,Double-diffusion convective biomimetic flow of nanofluid in a complex divergent porous wavy medium under magnetic effects.,['Magnetic Phenomena'],['G01.358']
PMC8604772,Associations of periodontal disease and tooth loss with all-cause and cause-specific mortality in the Sister Study.,['Tooth Diseases'],['C07.793']
PMC8605852,Toxin typing of Clostridium perfringens Associated with Enterotoxaemia in Sheep in Fars Province.,['Enterotoxemia'],['C22.313']
PMC8607016,[A case of spontaneous remission of acute myeloid leukemia with MLL-AF9 rearrangement and abnormal liver function].,"['Remission, Spontaneous']",['G16.767']
PMC8615794,"Probing the Metabolic Landscape of Plant Vascular Bundles by Infrared Fingerprint Analysis, Imaging and Mass Spectrometry.",['Plant Vascular Bundle'],['A18.450']
PMC8616014,Two-Phase Biocatalysis in Microfluidic Droplets.,['Biocatalysis'],['G03.105']
PMC8617075,Hydrothermal plumes as hotspots for deep-ocean heterotrophic microbial biomass production.,['Heterotrophic Processes'],['G03.393']
PMC8620898,The Relevance of G-Quadruplexes for DNA Repair .,['DNA Repair'],['G05.219']
PMC8623188,G-Quadruplexes Formation at the Upstream Region of Replication Origin (OriL) of the Pseudorabies Virus: Implications for Antiviral Targets.,['Fused-Ring Compounds'],['D04.210']
PMC8623932,Effects of Facial Muscles Exercise on Mental Health: A Systematic Review.,['Facial Muscles'],['A14.363']
PMC8625827,Natural Ingredients from Medicine Food Homology as Chemopreventive Reagents against Type 2 Diabetes Mellitus by Modulating Gut Microbiota Homoeostasis .,['Homeostasis'],['G07.410']
PMC8626498,A comparative study of auto-contouring softwares in delineation of organs at risk in lung cancer and rectal cancer.,['Organs at Risk'],['A01.635']
PMC8631892,Extraction treatment of a class II division 2 malocclusion with mandibular posterior discrepancy and changes in stomatognathic function.,['Stomatognathic System Abnormalities'],['C07.650']
PMC8634620,Does a complex life cycle affect adaptation to environmental change? Genome-informed insights for characterizing selection across complex life cycle .,['Life Cycle Stages'],['B05.500']
PMC8636512,"Characterization of a G-quadruplex from hepatitis B virus and its stabilization by binding TMPyP4, BRACO19 and PhenDC3.",['Fused-Ring Compounds'],['D04.210']
PMC8638157,Retrospective observational study of characteristics of persons with amputations accessing International Committee of the Red Cross (ICRC) rehabilitation centres in five conflict and postconflict countries.,"['Amputation, Traumatic']",['C26.062']
PMC8647320,The Epidemiology of Operative Pediatric Hand Trauma: A Retrospective Chart Review.,['Hand Injuries'],['C26.448']
PMC8649937,Delivery of microRNA-21-sponge and pre-microRNA-122 by MS2 virus - like particles to therapeutically target hepatocellular carcinoma cells.,['Artificial Virus-Like Particles'],['A21.063']
PMC8650531,Incidence and mortality of necrotizing fasciitis in The Netherlands: the impact of group A Streptococcus.,['Fasciitis'],['C05.321']
PMC8668114,Gonococcal invasion into epithelial cells depends on both cell polarity and ezrin.,['Epithelial Cells'],['A11.436']
PMC8671164,Contribution of Total Screen/Online-Course Time to Asthenopia in Children During COVID-19 Pandemic via Influencing Psychological Stress.,['Asthenopia'],['C11.093']
PMC8676128,Inhibitory effect of TiO(2) NPs on symbiotic arbuscular mycorrhizal fungi in plant roots .,['Plant Roots'],['A18.400']
PMC8677503,The global burden of vaccine-preventable infectious diseases in children less than 5 years of age: Implications for COVID-19 vaccination. How can we do better?,['Vaccine-Preventable Diseases'],['C01.918']
PMC8680572,"Tail Beat Synchronization during Schooling Requires a Functional Posterior Lateral Line System in Giant Danios, Devario aequipinnatus.",['Lateral Line System'],['A13.564']
PMC8685749,Aerosol-generating procedures in thoracic surgery in the COVID-19 era in Malaysia.,['Thoracic Surgical Procedures'],['E04.928']
PMC8686767,Necrotizing Fasciitis : Association with Pregnancy-related Risk Factors Early in Life.,['Fasciitis'],['C05.321']
PMC8692615,Unraveling negative biotic interactions determining soil microbial community assembly and functioning.,['Microbial Interactions'],['G06.550']
PMC8696313,Ankle and Lower Leg Injuries in Professional Baseball Players.,['Leg Injuries'],['C26.558']
PMC8700873,Role of Basal ABA in Plant Growth and Development .,['Growth and Development'],['G07.345']
PMC8706635,Is Isocyanate Exposure and Occupational Asthma Still a Major Occupational Health Concern? Systematic Literature Review.,"['Asthma, Occupational']",['C24.102']
PMC8712136,The Application Value of Spiral CT Lung Densitometry Software in the Diagnosis of Radiation-Induced Lung Injury.,['Lung'],['A04.411']
PMC8715244,Single-molecule manipulation of macromolecules on GUV or SUV membranes using optical tweezers .,['Optical Tweezers'],['E05.650']
PMC8718209,Long-term efficacy and patient satisfaction of pulsed radiofrequency therapy in temporomandibular disorders: A randomized controlled trial.,['Radiofrequency Therapy'],['E02.808']
PMC8719050,The Role of the Non-Collagenous Extracellular Matrix in Tendon and Ligament Mechanical Behavior: A Review.,['Ligaments'],['A02.513']
PMC8719271,"Detecting Anomalies in Retinal Diseases Using Generative, Discriminative, and Self-supervised Deep Learning.",['Retinal Diseases'],['C11.768']
PMC8721885,Clinical Analysis of Causes and Countermeasures of Hand Injury During the COVID-19 Outbreak and Work Resumption Period: A Retrospective Study in a Designated Hospital in China.,['Hand Injuries'],['C26.448']
PMC8724068,"Impact of aquaculture on distribution of dissolved organic matter in coastal Jeju Island, Korea, based on absorption and fluorescence spectroscopy.",['Dissolved Organic Matter'],['D20.313']
PMC8725076,Inflammatory mediators in diabetic retinopathy: Deriving clinicopathological correlations for potential targeted therapy.,['Inflammation Mediators'],['D23.469']
PMC8733543,Case Report: Safe Tourniquet Removal in Black Mamba (Dendroaspis polylepis) Bites.,['Tourniquets'],['E07.926']
PMC8750774,Metabolic Implications of Immune Checkpoint Proteins in Cancer.,['Immune Checkpoint Proteins'],['D23.383']
PMC8754572,Amino Acid Homeostasis in Mammalian Cells with a Focus on Amino Acid Transport.,['Amino Acids'],['D12.125']
PMC8755937,Epidemiology of Lower Leg Soft Tissue Injuries in High School Athletes.,['Leg Injuries'],['C26.558']
PMC8758640,The influence of dissection on clinical anatomical knowledge for surgical needs.,['Dissection'],['E04.221']
PMC8761047,"Prevalence and predictors of occupational asthma among workers in detergent and cleaning products industry and its impact on quality of life in El Asher Men Ramadan, Egypt.","['Asthma, Occupational']",['C24.102']
PMC8765212,STARDUST SIGN AND RETINAL TEAR DETECTION ON SWEPT SOURCE OPTICAL COHERENCE TOMOGRAPHY.,['Vitreous Detachment'],['C11.980']
PMC8766446,Iridium-catalyzed enantioconvergent hydrogenation of trisubstituted olefins.,['Hydrogenation'],['G03.409']
PMC8766990,N-Formyl Methionine Peptide-Mediated Neutrophil Activation in Systemic Sclerosis.,['Neutrophil Activation'],['G12.604']
PMC8775284,Hazard of Arm Injury in Professional Starting and Relief Pitchers.,['Arm Injuries'],['C26.088']
PMC8785098,Covalent Labeling with Diethylpyrocarbonate for Studying Protein Higher-Order Structure by Mass Spectrometry.,['Proteins'],['D12.776']
PMC8791881,Neutrophil activation and circulating neutrophil extracellular traps are increased in venous thromboembolism patients for at least one year after the clinical event.,['Neutrophil Activation'],['G12.604']
PMC8792204,The Shuttling Cascade in Lasso Peptide Benenodin-1 is Controlled by Non-Covalent Interactions.,['Peptides'],['D12.644']
PMC8793810,Nanoparticle-mediated lysosomal reacidification restores mitochondrial turnover and function in beta cells under lipotoxicity.,['Mitochondrial Turnover'],['G04.599']
PMC8794055,The early development and physiology of Xenopus laevis tadpole lateral line system .,['Lateral Line System'],['A13.564']
PMC8800737,[Research progress on etiologic diagnosis of ocular viral diseases ].,['Virus Diseases'],['C01.925']
PMC8804037,Characterization of Selenium Compounds for Anti-ferroptotic Activity in Neuronal Cells and After Cerebral Ischemia-Reperfusion Injury.,['Selenium Compounds'],['D01.810']
PMC8807573,Immune function and dysfunction are determined by lymphoid tissue efficacy.,['Lymphoid Tissue'],['A10.549']
PMC8817604,The prevalence of urinary tract infections in type 2 diabetic patients: a systematic review and meta-analysis.,['Urinary Tract Infections'],['C01.915']
PMC8817695,"Eyes on Lipinski's Rule of Five: A New ""Rule of Thumb"" for Physicochemical Design Space of Ophthalmic Drugs.",['Ocular Absorption'],['G14.590']
PMC8828328,Intelligent Detection and Analysis of Polycyclic Aromatic Hydrocarbons Based on Surface-Enhanced Raman Scattering Spectroscopy.,['Polycyclic Aromatic Hydrocarbons'],['D04.615']
PMC8834966,Chemical-Mediated Microbial Interactions Can Reduce the Effectiveness of Time-Series-Based Inference of Ecological Interaction Networks.,['Microbial Interactions'],['G06.550']
PMC8835631,The Waiting Room Hypothesis revisited by orchids: were orchid mycorrhizal fungi recruited among root endophytes ?,['Endophytes'],['B05.237']
PMC8835688,Virtual Reality in Neurosurgery: Beyond Neurosurgical Planning.,['Neurosurgical Procedures'],['E04.525']
PMC8836632,Intra-breath oscillometry for the evaluation of lung function in children and adolescents with a history of preterm birth.,['Oscillometry'],['E05.654']
PMC8839681,Development and Characterization of a Self-Tightening Tourniquet System.,['Tourniquets'],['E07.926']
PMC8849493,"Current knowledge of vector - borne zoonotic pathogens in Zambia: A clarion call to scaling-up ""One Health"" research in the wake of emerging and re-emerging infectious diseases .",['Vector Borne Diseases'],['C01.920']
PMC8854781,Conceptual frameworks regarding waterborne diseases in sub-Saharan Africa and the need of for a new approach to urban exposomes.,['Waterborne Diseases'],['C01.936']
PMC8855978,Tomography of dark-field scatter including single-exposure Moire fringe analysis with X-ray biprism interferometry -A simulation study.,['Interferometry'],['E05.490']
PMC8862773,Phantom Stimulation for Cochlear Implant Users With Residual Low-Frequency Hearing.,['Acoustic Stimulation'],['E02.037']
PMC8866715,The impact of infrared beak treatment on turkey tom and hen beak length and performance to 12 weeks of age.,['Beak'],['A13.114']
PMC8870704,Lip Reconstruction by Double Layer and Double Flap New Combination Technique: A Case Series.,['Cheek'],['A14.194']
PMC8874374,Understanding Interaction Patterns within Deep-Sea Microbial Communities and Their Potential Applications.,['Microbial Interactions'],['G06.550']
PMC8878462,Ultrasound Imaging of the Facial Muscles and Relevance with Botulinum Toxin Injections: A Pictorial Essay and Narrative Review.,['Facial Muscles'],['A14.363']
PMC8880504,Immunomodulatory and Anti-Inflammatory Properties of Selenium -Containing Agents: Their Role in the Regulation of Defense Mechanisms against COVID-19.,['Selenium Compounds'],['D01.810']
PMC8880954,Rapid and green detection of manganese in electrolytes by ultraviolet-visible spectrometry to control pollutant discharge.,['Electrolytes'],['D01.248']
PMC8881440,Factors influencing the fascial closure rate after open abdomen treatment: Results from the European Hernia Society (EuraHS) Registry : Surgical technique matters.,['Wound Closure Techniques'],['E04.987']
PMC8882553,Antimicrobial effect of Casiopeinas copper- and ruthenium -based compounds on Aggregatibacter actinomycetemcomitans and in vitro cell viability onto osteoblasts cells.,['Ruthenium Compounds'],['D01.765']
PMC8883738,"A Retrospective Study of the Safety and Efficacy of Endoscopic Radiofrequency Therapy Under Direct Vision in 59 Patients with Gastroesophageal Reflux Disease from 2 Centers in Beijing, China Using the Gastroesophageal Reflux Disease Questionnaire.",['Radiofrequency Therapy'],['E02.808']
PMC8886542,Low membrane fluidity triggers lipid phase separation and protein segregation in living bacteria.,['Membrane Fluidity'],['G04.570']
PMC8886610,An Alveolata secretory machinery adapted to parasite host cell invasion.,['Alveolata'],['B01.043']
PMC8889271,Insights to helminth infections in food and companion animals in Bangladesh: Occurrence and risk profiling.,"['Parasitic Diseases, Animal']",['C22.674']
PMC8893693,Discover your potential: The influence of kinematics on a muscle 's ability to contribute to the sit-to-stand transfer.,['Muscles'],['A02.633']
PMC8895498,"Stem Cell Therapies for Central Nervous System Trauma : The 4 Ws-What, When, Where, and Why.","['Trauma, Nervous System', 'Trauma, Nervous System']","['C10.900', 'C26.915']"
PMC8900297,"A rare presentation of blastomycosis as a multi- focal infection involving the spine, pleura, lungs, and psoas muscles in a Saudi male patient: a case report.",['Focal Infection'],['C01.392']
PMC8910387,Systematic Comparison of Beetle Luciferase- Luciferin Pairs as Sources of Near-Infrared Light for In Vitro and In Vivo Applications.,['Luciferins'],['D02.578']
PMC8914561,Proteomic analysis of descending thoracic aorta identifies unique and universal signatures of aneurysm and dissection .,['Dissection'],['E04.221']
PMC8917869,Enzymatic Synthesis of Diverse Heterocycles by a Noncanonical Nonribosomal Peptide Synthetase.,['Heterocyclic Oxides'],['D03.661']
PMC8931729,Asymmetric Azidation under Hydrogen Bonding Phase-Transfer Catalysis: A Combined Experimental and Computational Study.,['Azides'],['D02.159']
PMC8933508,Characterization and reduction of non- endocrine cells accompanying islet-like endocrine cells differentiated from human iPSC.,['Endocrine Cells'],['A11.382']
PMC8934010,"Combined Liver, Pancreas -Duodenum, and Kidney Transplantation for Patients with Hepatitis B Cirrhosis, Uremia, and Insulin-Dependent Diabetes.",['Pancreas'],['A03.734']
PMC8947518,The OncoSim- Breast Cancer Microsimulation Model.,['Breast'],['A01.236']
PMC8949819,Is Device Removal Necessary after Fixed-Angle Locking Plate Osteosynthesis of Proximal Humerus Fractures?,['Device Removal'],['E04.199']
PMC8966017,Addressing the energy crisis: using microbes to make biofuels.,['Fossil Fuels'],['D20.345']
PMC8968450,A systematic review of pharmacologic treatment efficacy for depression in older patients with cancer.,['Pharmacologic Actions'],['D27.505']
PMC8974416,Infantile Esoropia: Management results and prognostic factors.,['Ophthalmologic Surgical Procedures'],['E04.540']
PMC8976853,Detection of volatile organic compounds using mid-infrared silicon nitride waveguide sensors.,['Silicon Compounds'],['D01.837']
PMC8977264,Accuracy of vertebral puncture in percutaneous vertebroplasty.,['Punctures'],['E02.800']
PMC8981064,"Hydrophilic oxygen radical absorbance capacity values of low-molecular-weight phenolic compounds containing carbon, hydrogen, and oxygen .",['Oxygen Radical Absorbance Capacity'],['E05.657']
PMC8982899,A novel network based linear model for prioritization of synergistic drug combinations .,['Drug Combinations'],['D26.310']
PMC8988153,Ischaemic preconditioning for liver transplantation.,['Ischemic Preconditioning'],['E05.516']
PMC8993593,Myotomy technique and esophageal contractility impact blown-out myotomy formation in achalasia: an in silico investigation.,['Myotomy'],['E04.515']
PMC8998707,Helicobacter pylori Pathogen - Associated Molecular Patterns: Friends or Foes?,['Pathogen-Associated Molecular Pattern Molecules'],['D23.585']
PMC8998876,Biophysical Modulation of Mesenchymal Stem Cell Differentiation in the Context of Skeletal Repair.,['Mechanical Phenomena'],['G01.374']
PMC9002820,Structural Characterization of Degraded Lycium barbarum L. Leaves' Polysaccharide Using Ascorbic Acid and Hydrogen Peroxide.,['Polysaccharides'],['D09.698']
PMC9005165,Rapid assessment of SARS-CoV-2-evolved variants using virus - like particles .,['Artificial Virus-Like Particles'],['A21.063']
PMC9012715,"Cold for centuries: a brief history of cryotherapies to improve health, injury and post-exercise recovery.",['Cryotherapy'],['E02.258']
PMC9013160,Identification and validation of transcription factor-driven enhancers of genes related to lipid metabolism in metastatic oral squamous cell carcinomas.,['Lipid Metabolism'],['G03.458']
PMC9020444,Decatungstate-photocatalysed C(sp(3))-H azidation .,['Azides'],['D02.159']
PMC9026076,Enteric Chromosomal Islands: DNA Packaging Specificity and Role of lambda-like Helper Phage Terminase.,['DNA Packaging'],['G05.213']
PMC9033334,Diagnosis of Retinal Diseases Based on Bayesian Optimization Deep Learning Network Using Optical Coherence Tomography Images.,['Retinal Diseases'],['C11.768']
PMC9036625,Techniques and materials for closure of the abdominal wall in caesarean section.,['Wound Closure Techniques'],['E04.987']
PMC9038848,"Patterns of amygdala region pathology in LATE-NC: subtypes that differ with regard to TDP-43 histopathology, genetic risk factors, and comorbid pathologies.",['Pathologic Processes'],['C23.550']
PMC9042341,Prediction of Corresponding Dose of Transdermal Blonanserin to Oral Dose Based on Dopamine D2 Receptor Occupancy: Unique Characteristics of Blonanserin Transdermal Patch .,['Transdermal Patch'],['E07.935']
PMC9045789,A Case Report on Implant-Supported Telescopic Prosthesis-A Gerodontic Enhancement.,['Prosthodontics'],['E06.780']
PMC9060671,Plasmonic nanomaterial structuring for SERS enhancement.,['Nanospheres'],['E07.595']
PMC9066285,Artificial Intelligence for Screening of Multiple Retinal and Optic Nerve Diseases .,['Retinal Diseases'],['C11.768']
PMC9067322,Acute Limb Ischemia in Cogan Syndrome .,['Cogan Syndrome'],['C11.180']
PMC9073679,The genome organization of Neurospora crassa at high resolution uncovers principles of fungal chromosome topology.,"['Chromosomes, Fungal']",['A19.311']
PMC9076741,Seaweed as bioindicators of organic micropollutants polycyclic aromatic hydrocarbons (PAHs) and organochlorine pesticides (OCPs).,['Polycyclic Aromatic Hydrocarbons'],['D04.615']
PMC9086765,The impact of collagen protein ingestion on musculoskeletal connective tissue remodeling: a narrative review.,['Connective Tissue'],['A10.165']
PMC9089457,Bionic women and men - Part 1: Cardiovascular lessons from heart failure patients implanted with left ventricular assist devices.,['Cardiovascular Physiological Phenomena'],['G09.330']
PMC9097488,Short prokaryotic Argonaute systems trigger cell death upon detection of invading DNA.,['Prokaryotic Cells'],['A11.760']
PMC9100616,An Insight into the Medicinal Chemistry Perspective of Macrocyclic Derivatives with Antitumor Activity: A Systematic Review.,['Macrocyclic Compounds'],['D04.345']
PMC9101428,Changes in the Dissolved Organic Matter Characteristics Released from Sediment According to Precipitation in the Namhan River with Weirs: A Laboratory Experiment.,['Dissolved Organic Matter'],['D20.313']
PMC9106792,Evaluation of the efficacy of platelet rich fibrin (I-PRF) intra-articular injections in the management of internal derangements of temporomandibular joints - a controlled preliminary prospective clinical study.,['Temporomandibular Joint Disorders'],['C07.678']
PMC9112585,"Prevalence and predictors of water-borne diseases among elderly people in India: evidence from Longitudinal Ageing Study in India, 2017-18.",['Waterborne Diseases'],['C01.936']
PMC9112927,Genes Differentially Expressed by Haemophilus ducreyi during Anaerobic Growth Significantly Overlap Those Differentially Expressed during Experimental Infection of Human Volunteers.,['Anaerobiosis'],['G03.078']
PMC9115464,UK oral surgeons' early response to the COVID-19 pandemic and impact on patient care.,"['Surgery, Oral']",['E06.892']
PMC9125928,Stresses induced by one piece and two piece dental implants in All-on-4 implant supported prosthesis under simulated lateral occlusal loading: non linear finite element analysis study.,['Dental Stress Analysis'],['E06.308']
PMC9132291,Identification of key genes and signaling pathways related to Hetian sheep wool density by RNA-seq technology.,['Wool'],['A13.970']
PMC9135162,Development of Chiral Ligands for the Transition-Metal-Catalyzed Enantioselective Silylation and Borylation of C-H Bonds.,['Silicon Compounds'],['D01.837']
PMC9166453,Tauroursodeoxycholic acid: a potential therapeutic tool in neurodegenerative diseases.,"['Disease Models, Animal']",['C22.232']
PMC91687,Analyses of spatial distributions of sulfate- reducing bacteria and their activity in aerobic wastewater biofilms.,['Sulfur-Reducing Bacteria'],['B03.900']
PMC91688,Acetogenic and sulfate- reducing bacteria inhabiting the rhizoplane and deep cortex cells of the sea grass Halodule wrightii.,['Sulfur-Reducing Bacteria'],['B03.900']
PMC9178042,Disturbance-based management of ecosystem services and disservices in partial nitritation -anammox biofilms.,['Nitrites'],['D02.633']
PMC9178512,Deep phenotyping for precision medicine in Parkinson's disease.,['Phenotype'],['G05.695']
PMC9181175,Circadian Rhythm Sleep - Wake Disorders in Older Adults.,['Sleep Wake Disorders'],['C10.886']
PMC9185450,An Analysis of Semicircular Channel Backscattering Interferometry through Ray Tracing Simulations.,['Interferometry'],['E05.490']
PMC9189600,State of Charge and State of Health Assessment of Viologens in Aqueous-Organic Redox-Flow Electrolytes Using In Situ IR Spectroscopy and Multivariate Curve Resolution.,['Electrolytes'],['D01.248']
PMC91902,In situ analysis of sulfate- reducing bacteria related to Desulfocapsa thiozymogenes in the chemocline of meromictic Lake Cadagno (Switzerland).,['Sulfur-Reducing Bacteria'],['B03.900']
PMC9195209,Immune characteristics of children with autoimmune encephalitis and the correlation with a short-term prognosis .,['Prognosis'],['E01.789']
PMC9202168,"""A"" stands for airway - Which factors guide the need for on-scene airway management in facial fracture patients?",['Airway Management'],['E02.041']
PMC9202668,"Lung disease burden assessment by oscillometry in a systematically disadvantaged urban population experiencing homelessness or at-risk for homelessness in Ottawa, Canada from a prospective observational study.",['Oscillometry'],['E05.654']
PMC9207535,Characterization of the Interrenal Gland and Sexual Traits Development in cyp17a2-Deficient Zebrafish.,['Interrenal Gland'],['A13.530']
PMC9207706,Repurposing of F- gases : challenges and opportunities in fluorine chemistry.,['Gases'],['D01.362']
PMC9217845,Tolerability of overnight rotigotine transdermal patch combined with intrajejunal levodopa infusion at 1 year: a 24-h treatment option in Parkinson's disease.,['Transdermal Patch'],['E07.935']
PMC9226077,Ecological networks of dissolved organic matter and microorganisms under global change.,['Dissolved Organic Matter'],['D20.313']
PMC9226750,Tympanic Membrane Perforation among Patients Presenting to Department of Otorhinolaryngology of a Tertiary Care Hospital: A Descriptive Cross-sectional Study.,['Tympanic Membrane Perforation'],['C26.930']
PMC9228792,Detecting the Subtle Photo-Responsive Conformational Bistability of Monomeric Azobenzene Functionalized Keggin Polyoxometalates by Using Ion-Mobility Mass Spectrometry.,['Azo Compounds'],['D02.172']
PMC9237426,Prevalence and Molecular Characterization of Metallo beta-Lactamase Producing Gram-Negative Pathogens Causing Eye Infections .,['Eye Infections'],['C01.375']
PMC9239594,Tracheal neurofibroma treated by repeated flexible bronchoscopic cryotherapy : A case report.,['Cryotherapy'],['E02.258']
PMC92409,Ectomycorrhizal specificity patterns in a mixed Pinus contorta and Picea engelmannii forest in Yellowstone National Park.,['Species Specificity'],['G16.824']
PMC9241246,Neutrophil activation in patients with anti- neutrophil cytoplasmic autoantibody-associated vasculitis and large-vessel vasculitis.,['Neutrophil Activation'],['G12.604']
PMC9248036,Allylic C-H amination cross-coupling furnishes tertiary amines by electrophilic metal catalysis.,['Amination'],['G03.068']
PMC9250666,National inventory of authorized diagnostic imaging equipment in Ghana: data as of September 2020.,['Diagnostic Equipment'],['E07.230']
PMC9252101,Long-term outcomes of transaxillary versus video-assisted first rib resection for neurogenic thoracic outlet syndrome.,['Video-Assisted Techniques and Procedures'],['E05.956']
PMC9253017,Exercise-induced CITED4 expression is necessary for regional remodeling of cardiac microstructural tissue helicity.,['Heart'],['A07.541']
PMC9254383,THE DYSPHAGIA INVESTIGATION: IS THERE STILL SPACE FOR THE VIDEOFLUOROSCOPIC METHOD?,['Pharyngeal Diseases'],['C07.550']
PMC9259874,Research Advances for Virus-vectored Tuberculosis Vaccines and Latest Findings on Tuberculosis Vaccine Development .,['Vaccine Development'],['E05.952']
PMC9261844,Suitability of sugar alcohols as antidiabetic supplements: A review.,['Sugar Alcohols'],['D09.853']
PMC9265553,Real-World Evidence for the Association between Heat -Related Illness and the Risk of Psychiatric Disorders in Taiwan.,['Heat Stress Disorders'],['C26.522']
PMC9265702,COST-EFFECTIVENESS OF THE USE OF ACERTO PROTOCOL IN MAJOR DIGESTIVE SURGERY.,['Digestive System Surgical Procedures'],['E04.210']
PMC9269434,"A low-cost, open-source centrifuge adaptor for separating large volume clinical blood samples.",['Centrifugation'],['E05.181']
PMC9270503,Compromised hepatic mitochondrial fatty acid oxidation and reduced markers of mitochondrial turnover in human NAFLD.,['Mitochondrial Turnover'],['G04.599']
PMC9273588,Inheritance through the cytoplasm.,['Inheritance Patterns'],['G05.420']
PMC9281044,Prediction model of renal function recovery for primary membranous nephropathy with acute kidney injury.,['Recovery of Function'],['G16.757']
PMC9283635,Anatomic Study of the Medial Collateral Ligament in Thai Population: A Cadaveric Study of 56 Elbows.,['Ligaments'],['A02.513']
PMC9284169,Simultaneous Photodynamic Eradication of Tooth Biofilm and Tooth Whitening with an Aggregation-Induced Emission Luminogen.,['Tooth Diseases'],['C07.793']
PMC9287526,In silico prediction and in vitro validation of the effect of pH on adhesive behaviour of the fused CsgA-MFP3 protein .,['Proteins'],['D12.776']
PMC9289644,"COVID-19: Clinical laboratory diagnosis and monitoring of novel coronavirus infected patients using molecular, serological and biochemical markers: A review.",['Clinical Laboratory Techniques'],['E05.200']
PMC9292616,The effect of seed-dispersal timing on seedling recruitment is modulated by environmental conditions that vary across altitude in a threatened palm.,['Seed Dispersal'],['G15.808']
PMC9299470,Profile of minor neurological findings after perinatal asphyxia .,['Asphyxia'],['C26.103']
PMC9302781,Automated breast lesion localisation in microwave imaging employing simplified pulse coupled neural network.,['Breast'],['A01.236']
PMC9306660,Dependence on clade II bHLH transcription factors for nursing of haploid products by tapetal-like cells is conserved between moss sporangia and angiosperm anthers.,['Sporangia'],['A18.560']
PMC9314010,A pilot study comparing the efficiency of a novel asymmetric cellulose triacetate (ATA) dialyser membrane (Solacea-190H) to a standard high flux polysulfone dialyser membrane (FX-80) in the setting of extended hours haemodialysis.,['Dialysis'],['G02.186']
PMC9318824,Development of a Quantitative Method for Detection of Multiclass Veterinary Drugs in Feed Using Modified QuPPe Extraction and LC-MS/MS.,['Veterinary Drugs'],['D26.939']
PMC9319780,"Association between Endodontic Infection , Its Treatment and Systemic Health: A Narrative Review.",['Focal Infection'],['C01.392']
PMC9322935,Impact of Intubator 's Training Level on First-Pass Success of Endotracheal Intubation in Acute Care Settings: A Four-Center Retrospective Study.,['Intubation'],['E05.497']
PMC9323455,Oxygenating Biocatalysts for Hydroxyl Functionalisation in Drug Discovery and Development.,['Hydroxylation'],['G03.425']
PMC9324110,Sugar alcohols have the potential as bee-safe baits for the common wasp.,['Sugar Alcohols'],['D09.853']
PMC9324523,Structural Characterization of Maitotoxins Produced by Toxic Gambierdiscus Species.,"['Chemistry Techniques, Analytical']",['E05.196']
PMC9328730,Free Radical Production and Characterization of Heat-Not-Burn Cigarettes in Comparison to Conventional and Electronic Cigarettes.,['Free Radicals'],['D01.339']
PMC9329093,"Exploring inactivation of SARS-CoV-2, MERS-CoV, Ebola, Lassa, and Nipah viruses on N95 and KN95 respirator material using photoactivated methylene blue to enable reuse .",['Equipment Reuse'],['E05.328']
PMC9332342,Nuclear energy transition and CO(2) emissions nexus in 28 nuclear electricity-producing countries with different income levels.,['Nuclear Energy'],['G01.536']
PMC9332436,Intergrated Transcriptomic and Proteomic Analysis Revealed the Differential Responses to Novel Duck Reovirus Infection in the Bursa of Fabricius of Cairna moschata.,['Bursa of Fabricius'],['A13.163']
PMC9336689,Comparing Vector - Borne Disease Surveillance and Response in Beijing and the Netherlands.,['Vector Borne Diseases'],['C01.920']
PMC93367,Engineering cytochrome P450 BM-3 for oxidation of polycyclic aromatic hydrocarbons .,['Polycyclic Aromatic Hydrocarbons'],['D04.615']
PMC9343487,Efficacy of vesicostomy for refractory metabolic acidosis in persistent cloaca .,['Cloaca'],['A13.223']
PMC9349882,Impact of mandatory COVID-19 shelter-in-place order on controlled substance use among rural versus urban communities in the United States.,['Controlled Substances'],['D26.049']
PMC9353035,Case Report: Suspected Case of Brucella-Associated Immune Reconstitution Inflammatory Syndrome .,['Immune Reconstitution Inflammatory Syndrome'],['C20.608']
PMC9355181,Communicating about COVID-19 vaccine development and safety.,['Vaccine Development'],['E05.952']
PMC9358576,Analysis of postoperative radiotherapy for non-metastatic head and neck adenoid cystic carcinoma based on SEER data.,['Radiotherapy'],['E02.815']
PMC9359153,Theranostic nanomedicine for cancer detection and treatment.,['Theranostic Nanomedicine'],['E01.894']
PMC9361832,Dysregulation of Cell Envelope Homeostasis in Staphylococcus aureus Exposed to Solvated Lignin .,['Lignin'],['D20.538']
PMC9363928,Temporomandibular Joint Space Dimensions among Saudi Patients with Temporomandibular Disorders : MRI-Based Retrospective Study.,['Temporomandibular Joint Disorders'],['C07.678']
PMC9369244,Removal of an Azo Dye from Wastewater through the Use of Two Technologies: Magnetic Cyclodextrin Polymers and Pulsed Light.,['Magnetic Phenomena'],['G01.358']
PMC9372964,Chromatin- Associated Molecular Patterns (CAMPs) in sepsis.,['Pathogen-Associated Molecular Pattern Molecules'],['D23.585']
PMC9373503,"Acceptance and experience of digital dental technology , burnout, job satisfaction, and turnover intention for Taiwanese dental technicians.","['Technology, Dental']",['E06.912']
PMC9374538,Dysregulation of immune checkpoint proteins in hepatocellular carcinoma: Impact on metabolic reprogramming.,['Immune Checkpoint Proteins'],['D23.383']
PMC9374714,Laboratory evaluation of sugar alcohols for control of mosquitoes and other medically important flies.,['Sugar Alcohols'],['D09.853']
PMC9374829,Reasons for extraction in a group of Libyan patients.,['Tooth Diseases'],['C07.793']
PMC9375943,Determining the existence of the foramen of Huschke in patients with temporomandibular joint disorders using cone beam computed tomography: retrospective cohort study.,['Temporomandibular Joint Disorders'],['C07.678']
PMC9377987,Efficacy of High-Quality Nursing Service for the Patients during the Anesthesia Recovery Period : A Meta-Analysis.,['Anesthesia Recovery Period'],['E03.160']
PMC9378612,Strigolactones are chemoattractants for host tropism in Orobanchaceae parasitic plants.,['Host Tropism'],['G07.443']
PMC9379430,"The pattern of paediatric otorhinolaryngological disorders seen at the Rivers State University Teaching Hospital, South-south Nigeria: a 3-year review.",['Nose Diseases'],['C09.603']
PMC9388228,Nutrition Assessment and Dietary Interventions in Heart Failure: JACC Review Topic of the Week.,['Nutrition Disorders'],['C18.654']
PMC9388621,Continuous activation of the IL-17F driven inflammatory pathway in acute and chronic digital dermatitis lesions in dairy cattle.,['Digital Dermatitis'],['C22.214']
PMC9393444,Bacterial Contamination of Ultrasound and Stethoscope Surfaces in Low- and High-Resource Settings.,['Diagnostic Equipment'],['E07.230']
PMC9395477,WT1 complete gonadal dysgenesis with membranoproliferative glomerulonephritis : case series and literature review.,"['Glomerulonephritis, Membranoproliferative']",['C20.425']
PMC9401606,5-Hydroxymethylfurfural and Furfural Chemistry Toward Biobased Surfactants.,['Specialty Uses of Chemicals'],['D27.720']
PMC9406541,Oxidative Stress Is Associated with Overgrowth in Drosophila l(3)mbt Mutant Imaginal Discs .,['Imaginal Discs'],['A13.518']
PMC9407449,A distinct class of GTP-binding proteins mediates chloroplast protein import in Rhodophyta .,['Rhodophyta'],['B01.715']
PMC9408737,Short versus long esophageal myotomy during peroral endoscopic myotomy : A systematic review and meta-analysis of comparative trials.,['Myotomy'],['E04.515']
PMC9408984,Connective Tissue Disorders and Fragile X Molecular Status in Females: A Case Series and Review.,['Connective Tissue'],['A10.165']
PMC9412651,Evaluation of the Effect of High-Speed Sintering and Specimen Thickness on the Properties of 5 mol% Yttria-Stabilized Dental Zirconia Sintered Bodies.,['Dental High-Speed Technique'],['E06.216']
PMC9414763,Research on Safety Interlock System Design and Control Experiment of Combined Support and Anchor Equipment .,['Equipment Design'],['E05.320']
PMC9417037,"Fractal analysis highlights analogies in arenaceous tubes of Sabellaria alveolata (Metazoa, Polychaeta) and agglutinated tests of foraminifera (Protista).",['Alveolata'],['B01.043']
PMC9422115,Advances in the human skin microbiota and its roles in cutaneous diseases .,['Skin Diseases'],['C17.800']
PMC9422489,Traumatic perforations of the tympanic membrane : immediate clinical recovery with the use of bacterial cellulose film.,['Tympanic Membrane Perforation'],['C26.930']
PMC9422751,"Preclinical evaluation of Versius, an innovative device for use in robot-assisted thoracic surgery.",['Thoracic Surgical Procedures'],['E04.928']
PMC9422978,Many faces of survey equipment failures during marine research at sea-Risk analysis.,['Equipment Failure'],['E05.325']
PMC9429632,Mapping research evidence on perinatal asphyxia within the sustainable development era in sub-Saharan Africa: a scoping review protocol.,['Asphyxia'],['C26.103']
PMC9432309,Genetic-molecular characterization in the diagnosis of primary immunodeficiencies.,['Immunologic Deficiency Syndromes'],['C20.673']
PMC9441977,Laryngeal assessment in rheumatic disease patients.,['Laryngeal Diseases'],['C09.400']
PMC9443730,DATASUS as a instrument for developing otologic public health policies.,['Ear Diseases'],['C09.218']
PMC9444606,Spontaneous healing of the tympanic membrane after traumatic perforation in rats.,['Tympanic Membrane Perforation'],['C26.930']
PMC9444613,[Morphometric analysis of nasal shapes and angles in young adults].,['Nose'],['A04.531']
PMC9444660,Anatomical study of minor alterations in neonate vocal folds.,['Larynx'],['A04.329']
PMC9444759,An often neglected area in crooked nose : middle turbinate pneumatization.,['Nose'],['A04.531']
PMC9444988,Increasing cell size remodels the proteome and promotes senescence.,['Cell Size'],['G04.325']
PMC9445177,Origins and characteristics of dissolved organic matter fueling harmful dinoflagellate blooms revealed by delta(13)C and D/L-Amino acid compositions.,['Dissolved Organic Matter'],['D20.313']
PMC9445771,Effects of passive smoke inhalation on the vocal cords of rats.,['Larynx'],['A04.329']
PMC9445908,Air stimulation in tympanic perforation : inverted nystagmus study.,['Tympanic Membrane Perforation'],['C26.930']
PMC9445967,"Steroid injection in chronic inflammatory vocal fold disorders, literature review.",['Laryngeal Diseases'],['C09.400']
PMC9449162,Short-term evaluation of tegumentary changes of the nose in oral breathers undergoing rapid maxillary expansion.,['Nose'],['A04.531']
PMC9450620,[Middle ear squamous papilloma: report of a case and literature review].,['Otorhinolaryngologic Neoplasms'],['C09.647']
PMC9450765,Service profile of Orthognathic Surgery of a medical school.,['Stomatognathic System Abnormalities'],['C07.650']
PMC9453917,The advent of electrophilic hydroxylamine-derived reagents for the direct preparation of unprotected amines .,['Amination'],['G03.068']
PMC9462519,Extracellular Vesicles: The Next Generation Theranostic Nanomedicine for Inflammatory Bowel Disease.,['Theranostic Nanomedicine'],['E01.894']
PMC9463118,Histopathological evaluation of the interrenal gland (adrenal homolog) of Japanese medaka (Oryzias latipes) exposed to graphene oxide.,['Interrenal Gland'],['A13.530']
PMC9464154,Understanding hip pathology in ballet dancers.,['Hip Injuries'],['C26.531']
PMC9464367,Tissue Specificity of Gene Expression Evolves Across Mammal Species .,['Species Specificity'],['G16.824']
PMC9467671,"Athletes Perceive Weighted Baseballs to Carry a Notable Injury Risk, yet Still Use Them Frequently: A Multicenter Survey Study.",['Arm Injuries'],['C26.088']
PMC9472184,Lipid and Lipidation in Membrane Fusion .,['Membrane Fusion'],['G04.575']
PMC9474714,"Uncovering PFAS and Other Xenobiotics in the Dark Metabolome Using Ion Mobility Spectrometry, Mass Defect Analysis, and Machine Learning.",['Xenobiotics'],['D26.969']
PMC9482571,Genetic basis of sorghum leaf width and its potential as a surrogate for transpiration efficiency.,['Plant Transpiration'],['G15.713']
PMC9484754,"Desulfuromonas sp. 'CSMB_57', isolation and genomic insights from the most abundant bacterial taxon in eastern Australian coals.",['Sulfur-Reducing Bacteria'],['B03.900']
PMC9487292,Contribution of host factors and workplace exposure to the outcome of occupational asthma .,"['Asthma, Occupational']",['C24.102']
PMC9487304,"Primary prevention: exposure reduction, skin exposure and respiratory protection.","['Asthma, Occupational']",['C24.102']
PMC9488764,Clinical significance and applications of oscillometry .,['Oscillometry'],['E05.654']
PMC9489212,Transient cell-in-cell formation underlies tumor relapse and resistance to immunotherapy.,['Cell-in-Cell Formation'],['G04.165']
PMC9491056,Variations in Procedures for Ureterolysis with Sharp Dissection in Minimally Invasive Hysterectomy.,['Dissection'],['E04.221']
PMC9492332,Effect of Precision Health Education on Compliance Behavior after Extracorporeal Shock Wave Lithotripsy .,['Lithotripsy'],['E02.600']
PMC9508043,Non-Mendelian transmission of accessory chromosomes in fungi.,"['Chromosomes, Fungal']",['A19.311']
PMC9511206,Prehospital Tourniquet Use Should be a Trauma Team Activation Criterion.,['Tourniquets'],['E07.926']
PMC9513693,Preliminary User Evaluation of a New Dental Technology Virtual Simulation System: Development and Validation Study.,"['Technology, Dental']",['E06.912']
PMC9517464,Pyrite-Based Autotrophic Denitrifying Microorganisms Derived from Paddy Soils: Effects of Organic Co-Substrate Addition.,['Autotrophic Processes'],['G03.087']
PMC9519716,Does surgical plethysmographic index-guided analgesia affect opioid requirement and extubation time? A systematic review and meta-analysis.,['Analgesia'],['E03.091']
PMC9520664,V-Set and immunoglobulin domain containing (VSIG) proteins as emerging immune checkpoint targets for cancer immunotherapy.,['Immune Checkpoint Proteins'],['D23.383']
PMC95281,Localization of a germinant receptor protein (GerBA) to the inner membrane of Bacillus subtilis spores .,['Spores'],['A11.870']
PMC9531076,Are Both Preoperative Full-Spine 3Dimensional Computed Tomography Scans and X-Ray Films Necessary for Patients with Ankylosing Spondylitis Kyphosis?,['X-Ray Film'],['E07.960']
PMC9533697,Identifying Big Five personality traits based on facial behavior analysis.,['Cheek'],['A14.194']
PMC9539982,Mycoheterotrophic plants preferentially target arbuscular mycorrhizal fungi that are highly connected to autotrophic plants.,['Autotrophic Processes'],['G03.087']
PMC9540470,"One stone, many birds: Recent advances in functional nanogels for cancer nanotheranostics.",['Theranostic Nanomedicine'],['E01.894']
PMC9541464,Transmembranous and enchondral osteogenesis in transplants of rat limb buds cultivated in serum- and protein-free culture medium.,['Limb Buds'],['A16.567']
PMC9542809,The use of machine learning for investigating the role of plastic surgeons in anatomical injuries: A retrospective observational study.,['Trauma Severity Indices'],['E05.944']
PMC9543377,"Molecular data reallocates Sorosphaerula radicalis (Plasmodiophorida, Phytomyxea, Rhizaria ) to the genus Hillenburgia.",['Rhizaria'],['B01.680']
PMC9543863,Tooth resorption-Part 2: A clinical classification.,['Tooth Diseases'],['C07.793']
PMC9545086,Why honeybees are poor pollinators of a mass-flowering plant: Experimental support for the low pollen quality hypothesis.,['Pollination'],['G15.776']
PMC9545729,POD-Kalman filtering for improving noninvasive 3D temperature monitoring in MR-guided hyperthermia.,['Thermometry'],['E05.933']
PMC9546876,Delineating cooperative effects of Notch and biomechanical signals on patterned liver differentiation.,['Intercellular Signaling Peptides and Proteins'],['D23.529']
PMC9556692,"Mineralogy, morphology, and reaction kinetics of ureolytic bio-cementation in the presence of seawater ions and varying soil materials.",['Chemical Precipitation'],['G02.159']
PMC9564357,Effectiveness of radiotherapy for local control in T3N0 rectal cancer managed with total mesorectal excision: a meta-analysis.,['Radiotherapy'],['E02.815']
PMC9565371,Novel sulfur isotope analyses constrain sulfurized porewater fluxes as a minor component of marine dissolved organic matter .,['Dissolved Organic Matter'],['D20.313']
PMC9570806,Antifungal Agents in Wood Protection-A Review.,['Silicon Compounds'],['D01.837']
PMC9572903,Electrolytic Recovery of Metal Cobalt from Waste Catalyst Pickling Solution.,['Electrolytes'],['D01.248']
PMC9573665,"Linking the Low-Density Lipoprotein-Cholesterol (LDL) Level to Arsenic Acid, Dimethylarsinic, and Monomethylarsonic: Results from a National Population-Based Study from the NHANES, 2003-2020.",['Arsenicals'],['D02.129']
PMC9576024,Impact of digital dermatitis on locomotion and gait traits of beef cattle.,['Digital Dermatitis'],['C22.214']
PMC9582503,MicroRNA and Their Potential Role in Conjunctival Disorders.,['Conjunctival Diseases'],['C11.187']
PMC9584316,Prostaglandin E(2)-Induced Immune Suppression via Cytotoxic T-Lymphocyte Antigen 4 in Paratuberculosis .,['Paratuberculosis'],['C22.688']
PMC9590119,Preemptive targeted muscle reinnervation: the single incision approach should be avoided in trans-tibial traumatic amputation .,"['Amputation, Traumatic']",['C26.062']
PMC9601221,Daphnia magna and Ceriodaphnia dubia Have Similar Sensitivity in Standard Acute and Chronic Toxicity Tests .,['Toxicity Tests'],['E05.940']
PMC9603512,Ecological Responses of Maize Rhizosphere to Antibiotics Entering the Agricultural System in an Area with High Arsenicals Geological Background.,['Arsenicals'],['D02.129']
PMC9614677,Association of Intraocular Pressure With Retinal Nerve Fiber Layer Thinning in Patients With Glaucoma.,['Intraocular Pressure'],['G14.440']
PMC9631059,Synthetic Retinoid Kills Drug-Resistant Cancer Stem Cells via Inducing RARgamma-Translocation-Mediated Tension Reduction and Chromatin Decondensation.,['Synthetic Drugs'],['D26.909']
PMC9636197,Modulation of mouse laryngeal inflammatory and immune cell responses by low and high doses of mainstream cigarette smoke.,['Laryngeal Diseases'],['C09.400']
PMC9636732,A prospective study of 'circumferential purse-string approximation' vs. primary linear skin closure in stoma reversal.,['Wound Closure Techniques'],['E04.987']
PMC9637434,Fecal Microbiota Transplantation Role in the Treatment of Alzheimer's Disease: A Systematic Review.,['Transplantation'],['E04.936']
PMC9637767,Synthesis and Biological Evaluation of Cardiac Glycosides for Cancer Therapy by Targeting the DNA Damage Response.,['Glycosides'],['D09.408']
PMC9639111,Mortality as an indicator of quality of neurosurgical care in England: a retrospective cohort study.,['Neurosurgical Procedures'],['E04.525']
PMC9639176,Respiratory manifestations in patients with inherited metabolic diseases .,['Metabolic Diseases'],['C18.452']
PMC9644952,Integrating morphology and physiology of the key endocrine organ during tadpole development: The interrenal gland .,['Interrenal Gland'],['A13.530']
PMC9652782,Photochemical Regioselective C(sp(3))-H Amination of Amides Using N-Haloimides.,['Amination'],['G03.068']
PMC9653283,Autonomic Nerve Fibers Aberrantly Reinnervate Denervated Facial Muscles and Alter Muscle Fiber Population.,['Facial Muscles'],['A14.363']
PMC9654268,"Recent Advances on Natural Aryl-C- glycoside Scaffolds: Structure, Bioactivities, and Synthesis-A Comprehensive Review.",['Glycosides'],['D09.408']
PMC9654593,Assessment of the Actual Toxicity of Engine Exhaust Gas Emissions from Euro 3 and Euro 6 Compliant Vehicles with the BAT-CELL Method Using In Vitro Tests.,['Gases'],['D01.362']
PMC9655294,Long-Term Outcomes in Severe Traumatic Brain Injury and Associated Factors: A Prospective Cohort Study.,['Trauma Severity Indices'],['E05.944']
PMC9666110,Successful control of scleritis caused by Nocardia farcinica: A case report.,['Scleral Diseases'],['C11.790']
PMC9669538,Religiosity and the Naturalness Bias in Drug and Vaccine Choices.,['Synthetic Drugs'],['D26.909']
PMC9671181,Health-related quality of life of persons with diabetic foot ulcers in a cosmopolitan city in northwestern Nigeria.,['Foot Diseases'],['C05.360']
PMC9678706,White-flesh guava juice clarification by a fixed-angle conical rotor centrifuge laboratory and characterization of continuous disk stack centrifuges .,['Centrifugation'],['E05.181']
PMC9679175,Associations of Masticatory Muscles Asymmetry and Oral Health with Postural Control and Leg Injuries of Elite Junior Soccer Players.,['Leg Injuries'],['C26.558']
PMC9685966,Implications of equipment failure occurring during surgery.,['Equipment Failure'],['E05.325']
PMC9688178,Advances in T Cells Based on Inflammation in Metabolic Diseases .,['Metabolic Diseases'],['C18.452']
PMC9690961,In-Vitro Assessment of the Corrosion Potential of an Oral Strain of Sulfate-Reducing Bacteria on Metallic Orthodontic Materials.,['Corrosion'],['G02.165']
PMC9691478,"[The professional ear user-implications for the prevention, diagnosis, and treatment of ear diseases ].",['Ear Diseases'],['C09.218']
PMC9693601,Cytochromes P450 and P-Glycoprotein Phenotypic Assessment to Optimize Psychotropic Pharmacotherapy: A Retrospective Analysis of Four Years of Practice in Psychiatry.,['Phenotype'],['G05.695']
PMC9694074,Competing Easy-Axis Anisotropies Impacting Magnetic Tunnel Junction-Based Molecular Spintronics Devices (MTJMSDs).,['Magnetic Phenomena'],['G01.358']
PMC9697178,"Rhodophyta as Potential Sources of Photoprotectants, Antiphotoaging Compounds, and Hydrogels for Cosmeceutical Application.","['Rhodophyta', 'Cosmeceuticals']","['B01.715', 'D26.074']"
PMC9698084,Cell Type Variability in the Incorporation of Lipids in the Dengue Virus Virion .,['Virion'],['A21.249']
PMC9699155,"Toxicokinetics , dose-response, and risk assessment of nanomaterials: Methodology, challenges, and future perspectives.",['Toxicokinetics'],['G03.893']
PMC9701821,The regulatory activities of MALAT1 in the development of bone and cartilage diseases .,['Cartilage Diseases'],['C05.182']
PMC9704024,Role of cytokines in poxvirus host tropism and adaptation.,['Host Tropism'],['G07.443']
PMC9706555,Oxidation by Reduction : Efficient and Selective Oxidation of Alcohols by the Electrocatalytic Reduction of Peroxydisulfate.,['Oxidation-Reduction'],['G02.700']
PMC9707032,Attractive effects of previous form information on heading estimation from optic flow occur at perceptual stage.,['Optic Flow'],['G14.700']
PMC9708890,CNS and CNS diseases in relation to their immune system .,['Central Nervous System'],['A08.186']
PMC9713387,Genomics of sexual cell fate transdifferentiation in the mouse gonad.,['Cell Transdifferentiation'],['G04.356']
PMC9718526,Hedgehog regulation of epithelial cell state and morphogenesis in the larynx .,['Larynx'],['A04.329']
PMC9723931,Microscopic corneal epithelial changes and clinical outcomes in simple limbal epithelial transplantation surgery after treatment with amniotic membrane eye drops (AMED): A case report.,['Epithelium'],['A10.272']
PMC9732334,Recent speciation associated with range expansion and a shift to self - fertilization in North American Arabidopsis.,['Self-Fertilization'],['G15.830']
PMC9735054,"Ubiquitous computing in light of human phenotypes : foundations, challenges, and opportunities.",['Phenotype'],['G05.695']
PMC9735830,Effects of Glutamine on Rumen Digestive Enzymes and the Barrier Function of the Ruminal Epithelium in Hu Lambs Fed a High-Concentrate Finishing Diet.,['Epithelium'],['A10.272']
PMC9740473,Hierarchical Coarse-Grained Strategy for Macromolecular Self-Assembly: Application to Hepatitis B Virus - Like Particles .,['Artificial Virus-Like Particles'],['A21.063']
PMC9747883,The Diversity Patterns of Rare to Abundant Microbial Eukaryotes Across a Broad Range of Salinities in a Solar Saltern.,['Alveolata'],['B01.043']
PMC9754675,Reed Sternberg -Like Cells in Non-Hodgkin Lymphoma: A Diagnostic Challenge.,['Reed-Sternberg Cells'],['A11.828']
PMC9758840,Identification of ocular refraction based on deep learning algorithm as a novel retinoscopy method.,"['Refraction, Ocular']",['G14.760']
PMC9763935,Protocol to colonize gnotobiotic mice in early life and assess the impact on early life immune programming.,['Germ-Free Life'],['G06.320']
PMC9765024,Interactive Analysis of Functional Residues in Protein Families.,['Proteins'],['D12.776']
PMC9767825,A review of accelerated decompression from heliox saturation in commercial diving emergencies.,['Decompression'],['E02.278']
PMC9772170,"Shoulder stretching versus shoulder muscle strength training for the prevention of baseball-related arm injuries : a randomized, active-controlled, open-label, non-inferiority study.",['Arm Injuries'],['C26.088']
PMC9778530,Administration of oral dosage forms of medicines to children in a resource limited setting.,['Dosage Forms'],['D26.255']
PMC9779006,High-Yield Production of Chimeric Hepatitis E Virus - Like Particles Bearing the M2e Influenza Epitope and Receptor Binding Domain of SARS-CoV-2 in Plants Using Viral Vectors.,['Artificial Virus-Like Particles'],['A21.063']
PMC9785874,Molecular Dynamics Simulations of Polydopamine Nanosphere 's Structure Based on Experimental Evidence.,['Nanospheres'],['E07.595']
PMC9789289,A Computational Model of a Single Auditory Nerve Fiber for Electric- Acoustic Stimulation .,['Acoustic Stimulation'],['E02.037']
PMC9794062,PARP1 recruits DNA translocases to restrain DNA replication and facilitate DNA repair.,['DNA Replication'],['G05.226']
PMC9796092,A comparison between self-reported hand eczema and self-reported signs and symptoms of skin lesions indicating hand eczema.,['Signs and Symptoms'],['C23.888']
PMC9800368,Metagenomic analysis reveals unexplored diversity of archaeal virome in the human gut.,['Archaeal Viruses'],['B04.100']
PMC9803660,A minimally invasive fin scratching protocol for fast genotyping and early selection of zebrafish embryos.,"['Disease Models, Animal']",['C22.232']
PMC9805200,Biocatalysis : A smart and green tool for the preparation of chiral drugs.,['Biocatalysis'],['G03.105']
PMC9806876,Keratitis following leech therapy for periocular eczematous dermatitis: a case report.,['Leeching'],['E02.596']
PMC9810666,Gut microbiome dysregulation drives bone damage in broiler tibial dyschondroplasia by disrupting glucose homeostasis .,['Homeostasis'],['G07.410']
PMC9810779,Evaluation of the contour of edentulous jaw sections in the transversal plane and the buccolingual vertical-level disparity in CBCT and panoramic radiography images: a retrospective comparative study.,['Jaw'],['A14.521']
PMC9811713,Mapping global evidence on public-private partnership for medical rehabilitation services delivery: a scoping review protocol.,['Rehabilitation'],['E02.831']
PMC9812792,Mechanics of the cellular microenvironment as probed by cells in vivo during zebrafish presomitic mesoderm differentiation.,['Cellular Microenvironment'],['G04.366']
PMC9815231,Trajectories of arm recovery early after stroke: an exploratory study using latent class growth analysis.,['Recovery of Function'],['G16.757']
PMC9817076,Seeking Rules Governing Mixed Molecular Crystallization .,['Crystallization'],['G02.171']
PMC9819907,Clinical Characteristics and Rehabilitation Strategies for the Stomatognathic System Disturbances in Patients with Stroke: A Systematic Review.,['Stomatognathic System Abnormalities'],['C07.650']
PMC9819993,The Status of Digital Dental Technology Implementation in the Saudi Dental Schools' Curriculum: A National Cross-Sectional Survey for Healthcare Digitization.,"['Technology, Dental']",['E06.912']
PMC9824175,Nanosphere Structures Using Various Materials: A Strategy for Signal Amplification for Virus Sensing.,['Nanospheres'],['E07.595']
PMC9825566,DrugCentral 2023 extends human clinical data and integrates veterinary drugs .,['Veterinary Drugs'],['D26.939']
PMC9826386,Biokinetics and dosimetry of 18 F-PSMA-1007 in patients with prostate cancer.,['Lacrimal Elimination'],['G14.540']
PMC9826503,Biomolecular Interactions of Cytotoxic Ruthenium Compounds with Thiosemicarbazone or Benzothiazole Schiff Base Chelates.,['Ruthenium Compounds'],['D01.765']
PMC9828091,Luciferase-free Luciferin Electrochemiluminescence.,['Luciferins'],['D02.578']
PMC9830514,Targeting Necroptosis: A Novel Therapeutic Option for Retinal Degenerative Diseases .,['Retinal Diseases'],['C11.768']
PMC9830876,Disposable laryngoscope intubation to reduce equipment failure in an emergency out of OR setting - a quality control case study.,"['Equipment Failure', 'Disposable Equipment']","['E05.325', 'E07.252']"
PMC9832188,P2X7-mediated alteration of membrane fluidity is associated with the late stages of age-related macular degeneration.,['Membrane Fluidity'],['G04.570']
PMC9833446,"Impact of fentanyl analgesia on the accuracy of HVPG measurements in patients with cirrhosis: a prospective, multicenter study.",['Analgesia'],['E03.091']
PMC9837926,Prevalence and morbidity of neck pain: a cross-sectional study of 3000 elderly men.,['Neck'],['A01.598']
PMC9848024,Machine learning based efficient prediction of positive cases of waterborne diseases .,['Waterborne Diseases'],['C01.936']
PMC9849224,Inflammatory and infectious upper respiratory diseases associate with 41 genomic loci and type 2 inflammation.,['Pharyngeal Diseases'],['C07.550']
PMC9850128,A Qualitative Study Exploring Rehabilitant and Informal Caregiver Perspectives of a Challenging Rehabilitation Environment for Geriatric Rehabilitation .,['Rehabilitation'],['E02.831']
PMC9854299,Comparing an in-person workshop and a postal Delphi survey for involving health service users in health care and health research prioritization.,['Rehabilitation'],['E02.831']
PMC9855632,Accumulation of sublethal radiation damage and its effect on cell survival .,['Cell Survival'],['G04.346']
PMC9865099,The Potential Value of Debarking Water as a Source of Polyphenolic Compounds for the Specialty Chemicals Sector.,['Specialty Uses of Chemicals'],['D27.720']
PMC9866518,Aspects of Applied Chemistry Related to Future Goals of Safety and Efficiency in Materials Development for Nuclear Energy .,['Nuclear Energy'],['G01.536']
PMC9870121,"Filtration performance, fit test and side effects of respiratory personal protective equipment following decontamination: Observations for user safety and comfort.",['Equipment Reuse'],['E05.328']
PMC9870917,Intrinsic chiral field as vector potential of the magnetic current in the zig-zag lattice of magnetic dipoles.,['Magnetic Phenomena'],['G01.358']
PMC9872142,Optimization of highly efficient exogenous-DNA-free Cas9-ribonucleoprotein mediated gene editing in disease susceptibility loci in wheat ( Triticum aestivum L. ).,['Regeneration'],['G16.762']
PMC9878464,Recent Advances in Paclitaxel-based Self-Delivery Nanomedicine for Cancer Therapy .,['Drug Therapy'],['E02.319']
PMC9888313,Tools to develop antibiotic combinations that target drug tolerance in Mycobacterium tuberculosis.,['Drug Therapy'],['E02.319']
PMC9890094,By a whisker: the sensory role of vibrissae in hovering flight in nectarivorous bats.,['Vibrissae'],['A13.950']
PMC9890607,"Changes in access to water and incidence of waterborne diseases after the Vale dam collapse in Brumadinho (MG), Brazil.",['Waterborne Diseases'],['C01.936']
PMC9891297,A Simple Classification of Pancreatic Duct Size and Texture Predicts Postoperative Pancreatic Fistula: A classification of the International Study Group of Pancreatic Surgery.,['Pancreas'],['A03.734']
PMC9892615,Micropeptide hetero-oligomerization adds complexity to the calcium pump regulatory network.,['Micropeptides'],['D12.888']
PMC9894811,"[Prediction, analysis and application of learning curve of tooth preparation for all ceramic crowns of maxillary central incisors].",['Tooth Preparation'],['E06.931']
PMC9898406,"The MODIFY Study Protocol: An Open-Label, Single-Arm, Multicenter, Prospective Pragmatic Study of Ixazomib-Based Triple- Drug Therapy in Chinese Patients with Multiple Myeloma.",['Drug Therapy'],['E02.319']
PMC9898985,Vacuum-assisted closure versus conventional dressing in necrotizing fasciitis : a systematic review and meta-analysis.,['Fasciitis'],['C05.321']
PMC9909626,Efficacy and Safety of the Medium Cut-Off Elisio HX Dialyzer .,['Dialysis'],['G02.186']
PMC9910479,Iontronic analog of synaptic plasticity: Hydrogel-based ionic diode with chemical precipitation and dissolution.,['Chemical Precipitation'],['G02.159']
PMC9914080,A Role for Mast Cell-Mediated Antibodies in the Formation of Cholesteatoma and Cholesteatoma-Induced Bone Erosion.,['Epithelium'],['A10.272']
PMC9918066,A Qualitative Study Exploring Professional Perspectives of a Challenging Rehabilitation Environment for Geriatric Rehabilitation .,['Rehabilitation'],['E02.831']
PMC9922399,Viridiplantae -specific GLXI and GLXII isoforms co-evolved and detoxify glucosone in planta.,['Viridiplantae'],['B01.875']
PMC9927335,[An optical parameter imaging system with profile information fusion].,['Optical Imaging'],['E05.642']
PMC9927653,[Automatic segmentation of head and neck organs at risk based on three-dimensional U-NET deep convolutional neural network].,['Organs at Risk'],['A01.635']
PMC9936413,Newly identified axon types of the facial nerve unveil supplemental neural pathways in the innervation of the face.,['Facial Muscles'],['A14.363']
PMC9937481,Grain size and shape fractal characteristics of gangue in the process of 'jaw breaking-ball milling'.,['Particle Size'],['G02.712']
PMC9940332,Medium-term clinical results in patients with floating hip injuries .,['Hip Injuries'],['C26.531']
PMC9940911,Pallidal neuromodulation of the explore/exploit trade-off in decision-making.,['Ganglia'],['A08.340']
PMC9944314,Potential problems and solutions of opioid-based treatment in neonatal opioid withdrawal syndrome (NOWS): a scoping review protocol.,['Pharmacologic Actions'],['D27.505']
PMC9944705,LINC01013 Is a Determinant of Fibroblast Activation and Encodes a Novel Fibroblast-Activating Micropeptide .,['Micropeptides'],['D12.888']
PMC9945085,Pd-Based Hybrid Nanoparticles As Multimodal Theranostic Nanomedicine .,['Theranostic Nanomedicine'],['E01.894']
PMC9946952,An ultralow-cost portable centrifuge from discarded materials for medical applications.,['Centrifugation'],['E05.181']
PMC9948311,Characteristics of vasculogenic mimicry and tumour to endothelial transdifferentiation in human glioblastoma: a systematic review.,['Cell Transdifferentiation'],['G04.356']
PMC9950486,[ 18 F]Tosyl fluoride as a versatile [ 18 F]fluoride source for the preparation of 18 F-labeled radiopharmaceuticals.,['Fluorine Compounds'],['D01.303']
PMC9950999,Hip Abductor Strength Asymmetry: Relationship to Upper Extremity Injury in Professional Baseball Players.,['Arm Injuries'],['C26.088']
PMC9954191,Ultrafast Nucleic Acid Detection Equipment with Silicon-Based Microfluidic Chip.,['Equipment Design'],['E05.320']
PMC9954800,Recent Updates on Local Ablative Therapy Combined with Chemotherapy for Extrahepatic Cholangiocarcinoma: Photodynamic Therapy and Radiofrequency Ablation.,['Radiofrequency Therapy'],['E02.808']
PMC9955966,Electromyographic analysis of the stomatognathic system of children with Molar-incisor hypomineralization.,['Stomatognathic System Abnormalities'],['C07.650']
PMC9960930,"Saponin and Fatty Acid Profiling of the Sea Cucumber Holothuria atra, alpha-Glucosidase Inhibitory Activity and the Identification of a Novel Triterpene Glycoside .",['Glycosides'],['D09.408']
PMC9964173,Unveiling the Assembly of Neutral Marine Polysaccharides into Electrostatic-Driven Layer-by-Layer Bioassemblies by Chemical Functionalization.,['Polysaccharides'],['D09.698']
PMC9964436,The Colorimetric Detection of the Hydroxyl Radical .,['Hydroxylation'],['G03.425']
PMC9965242,Radioactive Wastewater Treatment Technologies: A Review.,['Nuclear Energy'],['G01.536']
PMC9965944,Improved Cattle Disease Diagnosis Based on Fuzzy Logic Algorithms.,['Cattle Diseases'],['C22.196']
PMC9966280,Using Nuclear Energy for Maritime Decarbonization and Related Environmental Challenges: Existing Regulatory Shortcomings and Improvements.,['Nuclear Energy'],['G01.536']
PMC9967138,Intra-Oral Photograph Analysis for Gingivitis Screening in Orthodontic Patients.,['Gingivitis'],['C01.408']
PMC9973310,Archaeal Host Cell Recognition and Viral Binding of HFTV1 to Its Haloferax Host.,['Archaeal Viruses'],['B04.100']
PMC9986576,Multimodal Analgesia 's Impact on Opioid Use and Adverse Drug Effects in a Multihospital Health System.,['Analgesia'],['E03.091']
PMC9989827,Genetic determinants of host tropism in Klebsiella phages.,['Host Tropism'],['G07.443']
PMC9993300,A tropical tertiary neurosurgical centre response to COVID-19 pandemic and its effect on neurosurgical practices.,['Neurosurgical Procedures'],['E04.525']
PMC9995574,"Adsorption air conditioning: a comprehensive review in desiccant materials, system progress, and recent studies on different configurations of hybrid solid desiccant air conditioning systems.",['Desiccation'],['G02.176']
PMC9999061,Prevalence of skin diseases in Taiwan prisons: a population-based study.,['Skin Diseases'],['C17.800']
